,V_ID,107|c_,107|j_,107|ht_,107|s_,107|cs_,107|e_,107|kmeans_3,107|kmeans_7,107|kmeans_13
0,65000090-001,1,1,9,0,3,0,1,1,10
1,65000090-004,1,1,9,0,3,0,1,1,10
2,65000090-025,1,2,3,0,3,0,1,1,10
3,65000090-026,1,2,10,1,0,0,1,0,6
4,65000090-014,1,1,10,1,0,0,1,0,6
5,65000090-023,1,2,3,0,8,0,1,1,10
6,65000090-003,1,2,9,0,3,0,1,1,10
7,65000090-011,1,1,10,1,4,0,1,0,4
8,65000090-010,1,2,10,0,3,0,1,1,10
9,65000090-021,1,1,10,2,4,0,1,0,4
10,65000090-024,0,2,9,0,3,0,1,1,10
11,65000090-005,1,1,10,1,4,0,1,0,4
12,65000090-020,1,1,10,1,4,0,1,0,4
13,65000090-015,1,1,10,1,4,0,1,0,4
14,65000090-016,1,1,10,2,4,0,1,0,4
15,65000090-006,1,2,10,2,0,1,0,0,6
16,65000090-012,1,1,10,1,3,0,1,1,4
17,65000090-017,1,1,10,0,0,2,1,0,6
18,65000090-018,1,1,3,0,4,0,1,1,10
19,65000090-019,1,1,10,1,4,0,1,0,4
20,65000090-007,1,2,9,0,3,0,1,1,10
21,65000090-002,1,1,9,0,3,0,1,1,10
22,65000090-022,1,1,10,1,4,0,1,0,4
23,65000090-013,1,1,10,1,0,0,1,0,6
24,65000090-008,1,2,3,0,3,2,1,1,10
25,65000090-009,1,2,9,0,3,0,1,1,10
26,65000090-027,0,0,3,0,4,0,1,1,10
27,65000090-028,0,0,3,0,3,0,1,1,10
28,65000210-001,1,1,10,2,0,0,1,0,6
29,65000210-003,1,1,6,0,4,2,1,1,10
30,65000210-011,1,1,13,2,0,0,1,0,6
31,65000210-005,1,2,6,0,3,0,1,1,10
32,65000210-002,1,2,3,0,3,0,1,1,10
33,65000210-012,1,1,7,2,4,0,1,0,4
34,65000210-009,1,1,10,1,0,2,1,0,6
35,65000210-004,1,1,4,0,3,2,1,1,10
36,65000210-007,1,1,4,2,4,0,1,0,4
37,65000210-010,1,1,3,0,0,0,1,0,6
38,65000210-013,1,1,7,2,4,0,1,0,4
39,65000210-006,1,1,6,0,0,0,1,0,6
40,65000210-008,1,1,3,0,0,2,1,0,6
41,65000020-072,0,1,9,1,5,1,0,2,12
42,65000020-019,0,1,7,1,8,1,0,2,12
43,65000020-052,0,1,7,1,12,1,0,2,12
44,65000020-041,1,1,7,1,9,1,0,2,12
45,65000020-026,0,1,7,1,0,0,0,2,12
46,65000020-029,0,1,7,1,9,1,0,2,12
47,65000020-005,1,1,9,1,9,0,0,2,12
48,65000020-002,1,1,0,1,3,0,1,1,4
49,65000020-095,1,2,7,1,0,1,0,2,12
50,65000020-096,0,1,0,1,0,1,0,2,12
51,65000020-104,0,2,0,1,8,1,0,2,12
52,65000020-109,1,1,3,1,9,0,0,2,12
53,65000020-119,0,2,0,1,0,1,0,2,12
54,65000020-032,0,1,7,1,14,1,0,2,12
55,65000020-097,0,1,0,1,0,1,0,2,12
56,65000020-034,0,1,7,1,0,1,0,2,12
57,65000020-118,0,1,0,1,14,1,0,2,12
58,65000020-065,0,1,7,1,5,1,0,2,12
59,65000020-074,0,1,9,1,5,1,0,2,12
60,65000020-020,0,2,7,1,9,1,0,2,12
61,65000020-035,0,1,7,1,9,1,0,2,12
62,65000020-021,1,1,7,1,0,1,0,2,12
63,65000020-013,0,1,7,1,0,1,0,2,12
64,65000020-057,0,1,7,1,5,1,0,2,12
65,65000020-036,1,1,7,1,9,0,0,2,12
66,65000020-014,0,2,7,1,12,0,0,2,12
67,65000020-077,0,1,9,1,8,1,0,2,12
68,65000020-078,0,2,7,1,8,1,0,2,12
69,65000020-110,0,2,0,1,8,1,0,2,12
70,65000020-083,0,1,7,1,12,1,0,2,12
71,65000020-027,0,1,7,1,9,1,0,2,12
72,65000020-022,1,1,7,1,0,0,0,2,12
73,65000020-023,1,1,7,1,0,0,1,0,6
74,65000020-043,0,1,7,1,9,1,0,2,12
75,65000020-086,0,1,7,1,12,1,0,2,12
76,65000020-028,0,1,7,1,9,0,0,2,12
77,65000020-042,0,1,7,1,0,1,0,2,12
78,65000020-031,0,1,7,1,0,1,0,2,12
79,65000020-060,0,1,7,0,5,1,0,2,12
80,65000020-001,1,2,0,1,3,1,1,5,0
81,65000020-071,1,1,7,1,5,1,0,2,12
82,65000020-075,0,1,9,1,5,1,0,2,12
83,65000020-107,0,1,0,1,8,1,0,2,12
84,65000020-106,0,1,0,1,8,1,0,2,12
85,65000020-105,1,1,0,1,8,0,1,2,6
86,65000020-085,0,1,7,1,5,1,0,2,12
87,65000020-082,0,2,7,1,5,1,0,2,12
88,65000020-030,0,1,7,1,9,1,0,2,12
89,65000020-076,0,2,9,1,8,1,0,2,12
90,65000020-006,1,1,7,1,0,0,0,2,12
91,65000020-033,0,1,7,1,0,1,0,2,12
92,65000020-102,0,1,0,1,8,1,0,2,12
93,65000020-100,0,1,0,1,12,1,0,2,12
94,65000020-101,0,1,0,1,14,1,0,2,12
95,65000020-099,0,1,0,1,14,1,0,2,12
96,65000020-103,0,2,0,1,12,1,0,2,12
97,65000020-098,0,1,0,1,14,1,0,2,12
98,65000020-007,1,2,7,1,0,1,0,2,12
99,65000020-080,1,1,3,1,12,1,0,2,12
100,65000020-051,0,1,7,1,5,1,0,2,12
101,65000020-049,0,1,7,1,5,1,0,2,12
102,65000020-047,0,1,7,1,9,1,0,2,12
103,65000020-048,0,1,7,1,14,1,0,2,12
104,65000020-045,0,2,7,1,0,0,1,0,6
105,65000020-112,0,1,0,1,5,1,0,2,12
106,65000020-091,0,2,0,1,5,1,0,2,12
107,65000020-087,0,2,7,1,5,1,0,2,12
108,65000020-025,0,1,7,1,9,1,0,2,12
109,65000020-090,0,2,0,1,14,1,0,2,12
110,65000020-092,0,1,0,1,12,1,0,2,12
111,65000020-113,0,2,0,1,8,1,0,2,12
112,65000020-088,0,1,0,1,14,1,0,2,12
113,65000020-089,0,2,0,1,14,1,0,2,12
114,65000020-040,1,1,7,0,9,1,0,2,12
115,65000020-115,0,2,0,1,12,1,0,2,12
116,65000020-114,0,2,0,1,12,1,0,2,12
117,65000020-039,1,1,7,1,9,1,0,2,12
118,65000020-093,0,2,7,1,12,1,0,2,12
119,65000020-081,0,1,7,1,12,1,0,2,12
120,65000020-017,0,2,7,1,8,1,0,2,12
121,65000020-018,0,2,7,1,8,1,0,2,12
122,65000020-015,0,2,7,1,8,1,0,2,12
123,65000020-108,0,0,0,1,12,1,0,2,12
124,65000020-038,1,1,7,1,9,0,0,2,12
125,65000020-073,0,1,9,1,5,1,0,2,12
126,65000020-111,0,1,7,1,0,1,0,2,12
127,65000020-037,0,1,7,1,0,1,0,2,12
128,65000020-117,0,1,0,1,14,1,0,2,12
129,65000020-009,0,1,7,1,0,1,0,2,12
130,65000020-016,0,1,0,1,8,1,0,2,12
131,65000020-008,0,1,7,1,9,1,0,2,12
132,65000020-094,0,1,7,1,5,1,0,2,12
133,65000020-070,0,1,7,1,5,1,0,2,12
134,65000020-116,0,1,9,1,8,1,0,2,12
135,65000020-084,0,1,7,1,12,1,0,2,12
136,65000020-050,0,1,9,1,5,1,0,2,12
137,65000020-024,0,1,7,1,9,1,0,2,12
138,65000020-066,0,1,7,1,12,1,0,2,12
139,65000020-004,1,1,7,1,0,0,0,2,12
140,65000020-010,0,2,7,1,9,1,0,2,12
141,65000020-046,0,1,7,1,14,1,0,2,12
142,65000020-012,0,1,7,1,9,0,0,2,12
143,65000020-044,0,1,7,1,9,0,0,2,12
144,65000020-055,0,1,7,1,14,1,0,2,12
145,65000020-067,0,1,3,1,8,1,0,2,12
146,65000020-011,0,1,7,1,0,1,0,2,12
147,65000020-054,0,1,7,1,0,1,0,2,12
148,65000020-061,0,1,3,1,12,1,0,2,12
149,65000020-056,0,1,9,1,14,1,0,2,12
150,65000020-062,1,1,3,1,12,1,0,2,12
151,65000020-063,0,1,3,1,14,1,0,2,12
152,65000020-058,0,1,7,1,14,1,0,2,12
153,65000020-064,1,1,3,1,8,1,0,2,12
154,65000020-059,1,1,7,0,12,0,0,2,12
155,65000020-053,0,1,9,1,5,1,0,2,12
156,65000020-003,1,1,7,0,0,1,0,2,6
157,65000020-079,0,1,7,1,8,1,0,2,12
158,65000020-068,1,1,3,1,12,1,0,2,12
159,65000020-069,0,1,7,1,5,1,0,2,12
160,65000030-001,1,2,3,1,4,2,1,0,3
161,65000030-023,0,0,9,1,6,0,2,4,11
162,65000030-083,0,1,3,1,11,1,1,5,0
163,65000030-005,0,1,3,1,11,1,1,5,0
164,65000030-081,0,0,3,1,0,0,0,0,6
165,65000030-004,0,1,3,1,11,0,1,5,4
166,65000030-019,0,1,3,1,3,0,1,1,4
167,65000030-003,0,2,10,1,11,1,1,5,0
168,65000030-042,1,2,3,2,8,0,1,0,6
169,65000030-090,0,1,4,0,8,1,0,6,5
170,65000030-009,0,1,3,1,3,0,1,1,4
171,65000030-026,0,0,3,1,6,1,0,5,0
172,65000030-082,0,1,10,1,14,1,0,2,12
173,65000030-046,0,1,3,1,7,1,0,5,0
174,65000030-088,1,1,4,0,10,1,0,5,0
175,65000030-057,0,2,4,0,0,1,0,6,6
176,65000030-089,1,2,13,1,3,0,1,1,4
177,65000030-060,1,2,13,1,3,0,1,1,4
178,65000030-058,1,1,13,1,3,0,1,1,4
179,65000030-069,0,1,8,0,8,1,0,6,5
180,65000030-091,0,1,8,0,8,1,0,6,5
181,65000030-043,1,1,10,1,5,0,0,2,12
182,65000030-070,0,1,8,0,3,0,1,1,10
183,65000030-044,0,2,3,1,14,0,0,2,12
184,65000030-021,0,1,3,1,0,1,0,2,12
185,65000030-022,0,0,3,1,5,0,0,2,12
186,65000030-020,0,0,9,1,7,0,0,4,11
187,65000030-062,0,2,10,1,3,1,1,5,0
188,65000030-075,0,1,3,1,0,1,0,2,12
189,65000030-074,0,1,3,1,0,1,0,2,12
190,65000030-039,0,1,10,0,1,0,1,1,10
191,65000030-002,0,2,3,1,11,1,1,5,0
192,65000030-012,0,1,3,1,3,0,1,1,4
193,65000030-006,0,1,3,1,11,1,1,5,0
194,65000030-045,0,2,3,1,9,1,0,2,12
195,65000030-067,0,1,4,0,8,0,1,1,10
196,65000030-073,0,0,3,1,8,0,1,0,6
197,65000030-038,0,2,10,0,5,0,0,4,11
198,65000030-059,0,2,10,1,11,1,1,5,0
199,65000030-025,0,0,3,1,10,0,1,0,4
200,65000030-071,0,1,8,0,8,0,1,1,10
201,65000030-064,1,1,4,1,8,0,1,0,6
202,65000030-040,1,1,10,0,10,0,1,1,11
203,65000030-050,0,1,3,1,14,0,0,2,12
204,65000030-047,0,1,3,1,14,0,0,2,11
205,65000030-051,0,1,3,1,6,1,0,5,0
206,65000030-048,0,1,10,1,5,1,0,2,12
207,65000030-079,0,1,10,1,9,1,0,2,12
208,65000030-049,0,1,10,1,14,1,0,2,12
209,65000030-036,0,1,10,0,6,0,2,4,11
210,65000030-010,0,1,3,1,1,0,1,5,4
211,65000030-041,1,1,3,2,0,0,1,0,6
212,65000030-092,0,1,10,0,12,1,0,6,5
213,65000030-093,0,1,3,1,4,0,1,0,4
214,65000030-056,0,1,4,1,8,1,0,5,0
215,65000030-061,0,2,13,1,3,0,1,1,4
216,65000030-087,0,1,4,0,8,1,0,6,5
217,65000030-068,0,1,8,0,0,1,0,6,6
218,65000030-024,0,1,3,1,12,1,0,2,12
219,65000030-065,0,1,8,0,8,0,1,1,10
220,65000030-011,0,1,3,1,1,0,1,5,4
221,65000030-054,1,1,10,2,0,1,0,0,6
222,65000030-063,0,1,4,0,0,1,0,6,6
223,65000030-017,0,2,10,2,0,1,0,0,6
224,65000030-084,1,1,3,1,11,1,0,5,0
225,65000030-080,0,1,10,2,5,0,0,2,12
226,65000030-018,0,1,3,1,3,0,1,1,4
227,65000030-014,0,1,10,1,4,0,1,0,4
228,65000030-013,0,2,3,1,0,1,0,0,6
229,65000030-016,0,2,10,1,3,0,1,1,4
230,65000030-015,0,2,3,1,3,0,1,1,4
231,65000030-033,0,1,3,1,10,0,1,0,4
232,65000030-077,0,1,10,1,0,1,0,0,6
233,65000030-027,0,1,10,1,10,0,1,0,4
234,65000030-032,0,1,0,0,10,0,1,1,11
235,65000030-028,0,1,0,1,4,0,1,0,4
236,65000030-031,0,1,3,1,4,1,1,5,0
237,65000030-030,1,2,9,0,4,2,1,1,10
238,65000030-072,0,1,0,1,10,1,0,5,0
239,65000030-029,0,1,10,1,4,0,1,0,4
240,65000030-076,0,1,10,1,4,1,1,5,0
241,65000030-055,0,2,13,1,3,0,1,1,4
242,65000030-066,0,2,8,0,8,0,1,1,10
243,65000030-078,0,1,10,0,5,1,0,6,5
244,65000030-037,0,1,10,0,3,0,1,1,10
245,65000030-035,0,2,10,0,8,0,1,1,10
246,65000030-007,1,1,3,1,4,0,1,0,4
247,65000030-008,0,2,3,1,4,0,1,0,4
248,65000030-085,1,1,3,1,11,0,1,1,4
249,65000030-052,1,2,3,1,11,0,1,1,4
250,65000030-053,1,1,3,1,11,0,1,1,4
251,65000030-086,0,1,3,1,11,0,1,5,4
252,65000030-034,0,1,10,2,8,0,1,0,6
253,65000150-009,1,1,0,0,3,0,1,1,10
254,65000150-008,1,2,0,0,3,0,1,1,10
255,65000150-007,1,1,0,2,0,0,1,0,6
256,65000150-015,1,2,0,0,0,0,1,0,6
257,65000150-013,1,2,0,1,4,0,1,0,4
258,65000150-010,1,2,0,0,3,0,1,1,10
259,65000150-006,1,2,7,0,0,0,1,0,6
260,65000150-005,1,2,7,1,3,0,1,1,4
261,65000150-014,1,1,7,1,0,2,1,0,6
262,65000150-018,1,2,7,0,3,0,1,1,10
263,65000150-002,1,1,7,0,4,0,1,1,10
264,65000150-017,1,1,0,0,3,0,1,1,10
265,65000150-019,1,2,0,0,4,0,1,1,10
266,65000150-020,1,1,0,0,3,0,1,1,10
267,65000150-001,1,2,0,0,10,0,1,1,11
268,65000150-004,1,1,0,2,0,0,1,0,6
269,65000150-012,0,1,0,1,4,0,1,0,4
270,65000150-011,0,1,0,0,0,1,0,6,6
271,65000150-003,1,2,0,1,0,0,1,0,6
272,65000150-016,1,2,0,1,0,0,1,0,6
273,65000230-010,1,1,0,1,0,2,1,0,6
274,65000230-004,1,2,10,2,4,2,1,0,3
275,65000230-003,1,1,10,1,4,2,1,0,3
276,65000230-002,1,1,3,1,3,2,1,1,3
277,65000230-006,1,2,10,1,3,0,1,1,4
278,65000230-008,1,1,0,1,8,0,1,0,6
279,65000230-007,1,2,0,1,4,2,1,0,3
280,65000230-009,1,1,0,0,3,0,1,1,10
281,65000230-005,1,1,10,1,4,2,1,0,3
282,65000230-001,1,2,3,1,1,2,1,1,3
283,65000130-017,0,2,10,2,0,1,0,0,6
284,65000130-041,0,1,8,0,11,0,1,1,11
285,65000130-004,1,2,4,0,10,0,1,1,11
286,65000130-037,0,2,4,0,7,0,2,4,11
287,65000130-003,0,2,4,0,6,0,2,4,11
288,65000130-033,0,2,8,0,6,0,2,4,11
289,65000130-002,0,1,4,0,7,0,2,4,11
290,65000130-001,1,2,4,0,7,0,2,4,11
291,65000130-010,0,2,8,0,13,0,2,4,11
292,65000130-020,1,2,4,0,7,0,2,4,11
293,65000130-042,0,1,8,0,11,0,1,1,11
294,65000130-029,0,1,8,0,13,0,2,4,11
295,65000130-039,0,1,8,0,7,0,2,4,11
296,65000130-031,0,2,4,0,3,0,1,1,10
297,65000130-018,0,2,13,0,4,0,1,1,10
298,65000130-028,0,1,8,0,11,0,1,1,10
299,65000130-044,0,1,8,0,11,0,1,1,10
300,65000130-034,1,2,13,0,3,0,1,1,10
301,65000130-040,0,2,4,0,3,0,1,1,10
302,65000130-030,0,2,13,0,3,0,1,1,10
303,65000130-047,0,2,13,0,4,0,1,1,10
304,65000130-019,1,2,13,0,3,0,1,1,10
305,65000130-035,0,2,1,0,4,0,1,1,10
306,65000130-007,1,2,8,0,6,0,2,4,11
307,65000130-006,0,2,8,1,6,0,2,4,11
308,65000130-043,0,0,4,0,7,0,2,4,11
309,65000130-009,1,1,8,0,11,0,1,1,10
310,65000130-027,0,2,8,0,13,0,2,4,11
311,65000130-038,0,2,4,0,3,0,1,1,10
312,65000130-021,1,2,4,0,5,0,0,4,11
313,65000130-014,0,1,4,0,11,0,1,1,10
314,65000130-022,1,2,4,0,6,0,2,4,11
315,65000130-015,1,1,4,1,0,0,1,0,6
316,65000130-013,1,2,4,1,0,0,1,0,6
317,65000130-012,0,2,4,0,11,0,1,1,10
318,65000130-016,0,2,4,0,11,0,1,1,10
319,65000130-011,0,1,1,0,0,1,0,6,5
320,65000130-026,1,1,10,0,4,0,1,1,10
321,65000130-036,1,2,8,1,7,0,1,4,11
322,65000130-008,1,1,8,0,7,0,2,4,11
323,65000130-046,0,2,4,0,3,1,1,1,10
324,65000130-005,0,1,4,0,1,0,1,1,11
325,65000130-045,1,1,4,0,8,0,1,1,10
326,65000130-032,1,1,4,0,11,0,1,1,10
327,65000130-023,1,2,10,0,6,0,2,4,11
328,65000130-025,0,1,10,0,4,0,1,1,10
329,65000130-024,1,2,10,0,10,0,1,1,11
330,65000200-005,1,1,0,1,4,0,1,0,4
331,65000200-002,1,1,3,1,3,0,1,1,4
332,65000200-003,1,1,3,1,3,0,1,1,4
333,65000200-006,1,1,3,1,3,0,1,1,4
334,65000200-007,1,1,0,1,4,0,1,0,4
335,65000200-004,1,1,10,2,0,1,0,0,6
336,65000200-001,1,1,10,1,0,0,1,0,6
337,65000240-011,1,1,0,1,4,0,1,0,4
338,65000240-009,1,1,10,1,4,0,1,0,4
339,65000240-006,1,1,7,0,4,0,1,1,10
340,65000240-010,1,1,10,1,0,0,1,0,6
341,65000240-005,1,1,7,0,3,0,1,1,10
342,65000240-012,1,1,10,1,0,0,1,0,6
343,65000240-008,1,1,10,2,0,0,1,0,6
344,65000240-007,1,1,3,0,0,0,1,0,6
345,65000240-003,1,1,7,0,3,0,1,1,10
346,65000240-004,1,1,7,0,3,0,1,1,10
347,65000240-002,1,1,7,3,3,0,1,1,10
348,65000240-001,1,1,0,2,0,0,1,0,6
349,65000060-013,1,1,0,2,8,0,1,0,6
350,65000060-054,0,0,7,0,9,2,0,4,11
351,65000060-052,1,0,9,0,10,2,1,1,11
352,65000060-044,0,0,7,0,2,0,2,4,11
353,65000060-037,1,0,0,0,5,0,0,4,11
354,65000060-045,1,0,7,0,7,2,2,4,11
355,65000060-041,1,0,10,2,0,1,0,0,6
356,65000060-046,0,1,7,0,2,0,2,4,11
357,65000060-008,0,0,12,0,7,0,2,4,11
358,65000060-016,1,2,3,2,8,0,1,0,6
359,65000060-057,0,1,3,2,0,0,1,0,6
360,65000060-053,0,1,7,0,0,0,1,0,6
361,65000060-023,1,2,0,1,4,0,1,0,4
362,65000060-033,1,1,0,2,6,2,2,4,11
363,65000060-001,0,1,7,0,7,0,2,4,11
364,65000060-021,1,1,10,1,4,2,1,0,3
365,65000060-004,0,1,7,0,7,1,2,3,11
366,65000060-003,0,1,7,0,7,0,2,4,11
367,65000060-010,0,1,7,0,10,0,1,1,11
368,65000060-011,1,1,0,1,6,2,2,4,11
369,65000060-056,1,2,10,0,1,2,1,1,11
370,65000060-064,0,1,7,2,0,0,1,0,6
371,65000060-007,0,0,12,0,7,0,2,4,11
372,65000060-058,1,0,7,0,1,0,1,1,11
373,65000060-006,1,0,7,0,7,0,2,4,11
374,65000060-059,1,1,3,2,3,0,1,0,4
375,65000060-026,1,1,10,1,4,2,1,0,3
376,65000060-035,1,1,0,0,5,0,0,4,11
377,65000060-028,1,1,10,1,4,2,1,0,3
378,65000060-061,0,1,7,0,7,1,2,3,11
379,65000060-040,0,0,7,0,2,0,2,4,11
380,65000060-032,1,1,0,0,6,2,2,4,11
381,65000060-062,1,1,12,0,7,0,2,4,11
382,65000060-017,1,2,3,2,3,0,1,0,4
383,65000060-009,1,1,7,0,10,0,1,1,11
384,65000060-043,0,1,7,0,7,0,1,1,11
385,65000060-034,1,1,0,0,6,0,2,4,11
386,65000060-036,0,1,0,0,5,0,0,4,11
387,65000060-066,0,1,0,0,10,0,1,1,11
388,65000060-042,0,2,7,0,7,0,2,4,11
389,65000060-031,1,1,0,2,6,2,2,4,11
390,65000060-039,0,1,7,0,2,0,2,4,11
391,65000060-038,1,0,7,0,6,0,2,4,11
392,65000060-019,1,2,10,2,4,0,1,0,4
393,65000060-055,1,1,3,2,3,0,1,0,4
394,65000060-002,0,0,7,0,7,0,2,4,11
395,65000060-014,1,2,3,0,8,0,1,1,10
396,65000060-015,1,2,0,0,4,2,1,1,10
397,65000060-067,0,2,10,0,4,0,1,1,10
398,65000060-005,0,0,7,0,7,0,2,4,11
399,65000060-020,0,2,3,2,0,0,1,0,6
400,65000060-048,0,1,7,0,10,0,1,1,11
401,65000060-047,0,1,7,0,10,0,1,1,11
402,65000060-050,0,0,7,0,7,0,2,4,11
403,65000060-029,1,1,0,1,4,2,1,0,3
404,65000060-049,0,1,7,0,10,0,1,1,11
405,65000060-051,1,0,7,0,7,2,2,4,11
406,65000060-025,1,1,0,1,0,2,1,0,6
407,65000060-063,1,1,0,1,0,0,1,0,6
408,65000060-022,1,2,0,1,0,0,1,0,6
409,65000060-069,1,0,10,2,0,0,1,0,6
410,65000060-068,1,0,3,2,0,0,1,0,6
411,65000060-065,1,0,0,0,8,0,1,1,10
412,65000060-024,1,1,10,1,4,0,1,0,4
413,65000060-018,1,2,3,2,3,0,1,0,4
414,65000060-030,1,2,0,1,4,2,1,0,3
415,65000060-012,1,1,7,0,9,2,0,4,11
416,65000060-060,1,2,13,2,4,0,1,0,4
417,65000060-027,1,1,10,1,0,2,1,0,6
418,65000050-054,0,2,0,1,3,1,1,5,2
419,65000050-058,0,1,7,1,3,1,1,5,2
420,65000050-053,1,2,0,0,13,1,2,3,2
421,65000050-014,0,2,12,0,11,1,1,1,2
422,65000050-057,0,1,0,1,3,1,1,5,2
423,65000050-075,0,2,0,1,3,1,1,5,2
424,65000050-017,0,2,7,0,3,1,1,1,2
425,65000050-023,0,2,7,1,3,1,1,5,2
426,65000050-011,0,2,12,0,11,1,0,5,2
427,65000050-051,0,1,9,0,4,1,1,1,2
428,65000050-020,0,1,7,1,4,1,1,5,2
429,65000050-052,0,1,7,0,10,1,0,5,2
430,65000050-043,1,2,0,0,6,0,2,4,11
431,65000050-028,0,1,7,1,4,1,1,5,2
432,65000050-061,0,2,7,1,4,1,1,5,2
433,65000050-030,0,2,7,1,3,1,1,5,2
434,65000050-084,0,1,3,0,4,1,1,1,2
435,65000050-044,0,2,3,0,4,0,1,1,2
436,65000050-041,0,2,3,0,4,0,1,1,2
437,65000050-083,0,2,3,0,4,1,1,1,2
438,65000050-038,0,2,10,0,4,0,1,1,2
439,65000050-004,0,1,12,0,11,1,0,5,2
440,65000050-060,0,1,12,0,11,1,0,5,2
441,65000050-012,0,1,7,0,3,1,1,1,2
442,65000050-036,1,1,12,1,7,0,1,4,11
443,65000050-027,0,2,10,0,1,1,0,5,2
444,65000050-046,0,2,0,0,1,1,0,5,2
445,65000050-033,0,2,7,0,3,1,1,1,2
446,65000050-055,0,2,3,0,1,1,0,5,2
447,65000050-003,1,1,12,0,10,1,0,5,2
448,65000050-024,0,1,0,0,6,1,2,3,2
449,65000050-078,0,1,0,0,5,1,0,6,2
450,65000050-047,0,2,7,1,3,1,1,5,2
451,65000050-070,1,2,7,0,3,0,1,1,2
452,65000050-056,0,1,7,0,1,1,0,5,2
453,65000050-069,0,1,7,0,6,1,2,3,2
454,65000050-009,0,2,7,0,1,1,0,5,2
455,65000050-007,0,2,12,0,11,1,1,1,2
456,65000050-025,1,2,12,0,7,1,2,3,2
457,65000050-039,0,1,9,0,7,1,2,3,2
458,65000050-008,0,1,12,0,2,1,2,3,2
459,65000050-071,0,2,3,0,3,1,1,1,2
460,65000050-019,1,1,12,0,6,1,2,3,2
461,65000050-022,1,1,12,0,2,2,2,4,11
462,65000050-065,0,1,12,0,13,1,2,3,2
463,65000050-010,0,1,12,0,5,1,0,3,2
464,65000050-073,0,1,0,0,3,1,1,1,2
465,65000050-064,1,0,0,0,6,1,2,3,2
466,65000050-063,0,1,7,0,3,1,1,1,2
467,65000050-074,0,1,7,1,3,1,1,5,2
468,65000050-016,0,2,1,0,13,0,2,4,2
469,65000050-081,0,1,7,0,3,1,1,1,2
470,65000050-032,0,2,3,0,4,1,1,1,2
471,65000050-082,0,2,3,1,4,1,1,5,2
472,65000050-035,0,1,3,0,4,1,1,1,2
473,65000050-077,1,1,12,0,1,2,1,1,2
474,65000050-001,0,2,12,0,4,1,1,1,2
475,65000050-040,1,1,12,0,6,0,2,4,11
476,65000050-018,1,2,1,0,4,2,1,1,2
477,65000050-080,0,1,0,1,4,1,1,5,2
478,65000050-005,1,1,0,0,6,0,2,4,11
479,65000050-068,1,1,12,0,6,0,2,4,11
480,65000050-072,1,2,0,0,9,0,0,4,11
481,65000050-026,1,1,12,0,13,1,2,3,9
482,65000050-034,0,1,7,0,11,1,1,1,2
483,65000050-062,0,2,0,1,1,1,0,5,2
484,65000050-076,0,2,0,1,6,1,0,5,2
485,65000050-029,1,1,12,0,11,1,2,5,2
486,65000050-037,0,1,7,0,11,1,1,1,2
487,65000050-059,0,2,7,0,11,1,1,1,2
488,65000050-031,0,1,7,0,11,1,1,1,2
489,65000050-049,0,1,7,1,4,1,1,5,2
490,65000050-042,0,1,7,0,4,1,1,1,2
491,65000050-045,0,2,9,0,4,1,1,1,2
492,65000050-013,0,1,12,0,13,0,2,4,11
493,65000050-066,0,1,0,0,5,1,0,6,2
494,65000050-021,0,2,0,0,1,1,0,5,2
495,65000050-015,1,2,8,0,3,0,1,1,2
496,65000050-006,0,1,12,0,4,1,1,1,2
497,65000050-048,1,2,0,1,7,0,1,4,11
498,65000050-002,1,0,7,0,1,1,0,5,2
499,65000050-067,0,1,10,0,3,1,1,1,2
500,65000050-079,0,1,0,1,7,1,1,5,2
501,65000050-050,0,2,10,1,7,0,1,4,11
502,65000010-092,1,2,1,0,9,0,0,6,5
503,65000010-010,1,2,1,0,11,2,1,1,5
504,65000010-058,0,1,4,0,10,1,0,6,5
505,65000010-123,0,1,1,0,3,0,1,1,10
506,65000010-081,0,1,1,0,12,0,0,6,5
507,65000010-034,0,1,8,2,12,1,0,6,5
508,65000010-026,0,1,6,0,5,1,0,6,5
509,65000010-088,0,1,1,0,10,1,0,6,5
510,65000010-091,0,1,4,0,8,0,1,6,5
511,65000010-060,0,1,4,3,0,0,0,6,5
512,65000010-053,1,1,3,0,4,2,1,1,10
513,65000010-114,0,1,4,1,8,1,0,6,5
514,65000010-013,0,1,1,0,8,1,0,6,5
515,65000010-021,0,1,10,2,0,1,0,6,5
516,65000010-036,0,1,8,0,11,1,0,6,5
517,65000010-082,0,0,1,0,3,0,1,1,10
518,65000010-014,0,0,4,1,0,1,0,6,5
519,65000010-073,0,1,4,0,12,0,0,6,5
520,65000010-054,0,2,10,3,4,1,1,6,5
521,65000010-061,0,1,10,3,0,1,0,6,5
522,65000010-112,1,2,6,1,3,2,1,1,3
523,65000010-094,0,1,8,0,0,0,1,6,5
524,65000010-125,0,1,4,1,8,0,1,6,5
525,65000010-079,0,1,1,0,8,1,0,6,5
526,65000010-033,1,1,1,0,1,0,1,1,5
527,65000010-107,0,1,10,3,4,0,1,1,10
528,65000010-120,0,1,10,1,4,0,1,0,4
529,65000010-098,0,2,6,1,8,0,1,6,5
530,65000010-045,0,1,10,3,0,1,0,6,5
531,65000010-023,0,1,8,1,11,1,0,6,5
532,65000010-078,0,2,8,0,8,0,1,6,5
533,65000010-064,0,1,4,3,12,0,0,6,5
534,65000010-083,1,1,1,0,3,0,1,1,10
535,65000010-019,0,1,4,0,0,1,0,6,5
536,65000010-110,0,1,4,0,5,1,0,6,5
537,65000010-093,1,1,4,0,0,0,1,6,5
538,65000010-037,0,2,12,1,11,0,1,6,5
539,65000010-044,0,0,10,3,14,1,0,6,5
540,65000010-024,0,1,4,0,5,1,0,6,5
541,65000010-048,0,2,10,0,0,0,1,6,5
542,65000010-113,1,2,6,1,8,0,1,6,5
543,65000010-052,1,2,3,0,8,2,1,6,5
544,65000010-051,0,2,10,3,0,1,0,6,5
545,65000010-005,1,1,1,0,14,1,0,6,5
546,65000010-104,0,1,6,3,14,1,0,6,5
547,65000010-103,0,1,8,1,12,1,0,6,5
548,65000010-046,0,1,10,3,9,1,0,6,5
549,65000010-119,0,1,10,3,0,1,0,6,5
550,65000010-027,0,1,6,0,5,1,0,6,5
551,65000010-022,1,1,1,0,5,0,0,6,5
552,65000010-105,1,1,12,0,11,1,0,6,5
553,65000010-102,0,1,8,1,11,0,1,6,5
554,65000010-035,0,2,8,0,12,1,0,6,5
555,65000010-007,0,1,1,0,5,1,0,6,5
556,65000010-039,0,2,6,0,5,1,0,6,5
557,65000010-075,0,1,1,0,5,1,0,6,5
558,65000010-117,0,1,8,2,12,1,0,6,5
559,65000010-068,0,1,4,0,0,1,0,6,5
560,65000010-122,0,1,4,0,0,1,0,6,5
561,65000010-118,0,1,10,3,9,1,0,6,5
562,65000010-040,0,1,10,3,5,1,0,6,5
563,65000010-041,1,1,3,0,5,2,0,6,5
564,65000010-126,1,1,4,1,8,0,1,6,5
565,65000010-108,0,1,4,0,10,1,0,6,5
566,65000010-115,0,1,4,0,14,0,0,6,5
567,65000010-072,0,0,4,0,0,1,0,6,5
568,65000010-018,0,1,4,0,9,1,0,6,5
569,65000010-109,0,1,4,0,0,1,0,6,5
570,65000010-062,0,1,10,3,0,1,0,6,5
571,65000010-029,0,2,10,0,5,1,0,6,5
572,65000010-002,0,1,1,0,5,1,0,6,5
573,65000010-089,1,2,1,0,8,0,1,6,5
574,65000010-057,0,2,4,0,0,1,0,6,5
575,65000010-065,0,0,1,0,12,1,0,6,5
576,65000010-050,0,2,10,0,8,3,0,6,5
577,65000010-015,0,1,4,1,11,1,0,6,5
578,65000010-017,0,2,4,1,11,1,0,6,5
579,65000010-006,0,2,1,0,12,1,0,6,5
580,65000010-100,0,1,6,1,0,0,1,0,6
581,65000010-099,0,2,6,0,3,0,1,1,10
582,65000010-124,1,2,6,0,3,2,1,1,10
583,65000010-031,1,2,8,0,5,2,0,6,5
584,65000010-038,0,1,6,0,12,1,0,6,5
585,65000010-020,0,1,4,0,14,0,0,6,5
586,65000010-059,0,2,4,0,12,1,0,6,5
587,65000010-001,0,1,1,0,0,1,0,6,5
588,65000010-025,0,1,8,0,12,1,0,6,5
589,65000010-008,0,2,4,0,12,0,0,6,5
590,65000010-070,1,0,1,0,14,1,0,6,5
591,65000010-056,0,1,4,1,10,1,0,5,0
592,65000010-095,1,2,8,0,12,0,0,6,5
593,65000010-074,0,1,8,0,12,0,0,6,5
594,65000010-076,0,1,1,0,12,0,0,6,5
595,65000010-071,0,1,4,0,8,0,1,6,5
596,65000010-049,1,1,10,0,0,0,1,6,5
597,65000010-030,0,2,6,0,12,1,0,6,5
598,65000010-096,1,2,4,0,0,0,1,6,5
599,65000010-032,0,1,3,3,14,1,0,6,5
600,65000010-011,0,0,4,0,0,1,0,6,5
601,65000010-012,0,1,4,1,8,1,0,6,5
602,65000010-121,0,1,4,0,5,1,0,6,5
603,65000010-106,0,1,10,3,14,1,0,6,5
604,65000010-090,1,2,8,1,8,0,1,6,5
605,65000010-086,0,2,1,0,10,0,1,6,11
606,65000010-087,1,0,1,0,9,0,0,6,5
607,65000010-028,0,0,3,0,5,1,0,6,5
608,65000010-111,0,1,1,0,5,1,0,6,5
609,65000010-043,0,1,10,3,14,1,0,6,5
610,65000010-084,0,1,1,0,12,1,0,6,5
611,65000010-085,0,1,1,0,12,0,0,6,5
612,65000010-067,0,1,4,0,12,1,0,6,5
613,65000010-003,1,1,1,0,9,1,0,6,5
614,65000010-077,1,1,1,0,5,0,0,6,5
615,65000010-080,0,2,1,0,12,0,0,6,5
616,65000010-016,0,1,4,1,11,1,0,6,5
617,65000010-055,0,1,10,0,4,0,1,1,10
618,65000010-069,0,1,4,0,0,1,0,6,5
619,65000010-116,0,1,8,0,5,1,0,6,5
620,65000010-063,0,1,4,3,0,1,0,6,5
621,65000010-047,0,1,10,3,0,0,1,6,5
622,65000010-066,0,1,4,0,5,0,0,6,5
623,65000010-009,1,1,1,1,11,0,1,6,5
624,65000010-101,1,1,4,1,8,0,1,6,5
625,65000010-004,1,1,1,0,14,0,0,6,5
626,65000010-097,1,1,4,1,8,0,1,6,5
627,65000010-042,0,1,10,3,0,0,0,6,5
628,65000170-011,1,1,0,2,4,2,1,0,3
629,65000170-005,1,1,0,0,3,0,1,1,10
630,65000170-015,0,0,7,0,3,1,1,1,10
631,65000170-008,1,0,7,0,6,0,2,4,11
632,65000170-012,1,1,0,1,4,0,1,0,4
633,65000170-014,1,1,0,1,4,2,1,0,3
634,65000170-009,1,2,0,0,3,1,1,1,10
635,65000170-001,1,2,0,0,3,0,1,1,10
636,65000170-002,1,2,0,0,3,0,1,1,10
637,65000170-006,1,1,0,0,0,0,1,0,6
638,65000170-007,1,0,0,0,3,0,1,1,10
639,65000170-013,1,1,0,1,4,0,1,0,4
640,65000170-004,1,1,0,0,3,1,1,1,10
641,65000170-003,1,2,0,0,3,0,1,1,10
642,65000170-010,1,1,0,0,0,0,1,0,6
643,65000170-017,1,1,7,0,3,1,1,1,10
644,65000170-016,0,0,7,0,6,0,2,4,11
645,65000070-007,1,2,10,2,0,1,0,0,6
646,65000070-001,1,2,10,0,8,0,1,1,10
647,65000070-002,1,2,0,1,0,0,0,0,6
648,65000070-003,1,2,10,1,0,0,1,0,6
649,65000070-042,1,1,10,0,7,0,2,4,11
650,65000070-036,1,2,10,1,4,0,1,0,4
651,65000070-038,0,1,10,0,3,1,1,1,10
652,65000070-005,0,2,6,1,3,0,1,1,4
653,65000070-031,1,2,10,0,3,0,1,1,10
654,65000070-025,1,1,10,0,3,0,1,1,10
655,65000070-024,1,0,10,1,3,0,1,1,4
656,65000070-015,1,2,3,0,3,1,1,1,10
657,65000070-004,1,2,6,0,4,0,1,1,10
658,65000070-040,1,1,10,0,11,0,1,1,10
659,65000070-041,1,1,10,0,4,0,1,1,10
660,65000070-028,1,2,6,0,11,0,1,1,10
661,65000070-012,1,1,3,1,3,0,1,1,4
662,65000070-014,0,1,6,0,3,0,1,1,10
663,65000070-039,0,1,10,0,3,0,1,1,10
664,65000070-035,1,2,10,0,4,0,1,1,10
665,65000070-016,1,2,10,0,3,2,1,1,10
666,65000070-017,0,2,10,0,3,0,1,1,10
667,65000070-033,1,2,10,0,3,2,1,1,10
668,65000070-034,0,2,3,0,11,1,1,1,10
669,65000070-022,1,1,10,0,4,2,1,1,10
670,65000070-018,1,1,10,0,4,0,1,1,10
671,65000070-020,1,2,3,1,3,0,1,1,4
672,65000070-019,0,2,6,0,3,0,1,1,10
673,65000070-026,1,0,10,0,3,0,1,1,10
674,65000070-021,1,1,10,1,4,0,1,0,4
675,65000070-011,0,1,3,1,3,0,1,1,4
676,65000070-027,1,1,3,1,4,0,1,0,4
677,65000070-010,0,1,3,1,3,0,1,1,4
678,65000070-008,0,1,3,1,4,0,1,0,4
679,65000070-013,1,1,3,0,3,0,1,1,10
680,65000070-030,0,1,3,1,4,0,1,0,4
681,65000070-029,0,1,3,1,3,0,1,1,4
682,65000070-009,0,1,3,1,4,1,1,5,0
683,65000070-006,1,2,3,0,4,0,1,1,10
684,65000070-037,0,1,3,1,3,1,1,5,0
685,65000070-023,1,1,3,1,8,0,1,0,6
686,65000070-032,1,2,3,0,11,0,1,1,10
687,65000040-051,0,1,8,1,7,1,0,5,0
688,65000040-022,0,1,8,1,7,1,0,5,0
689,65000040-046,0,1,8,1,3,0,1,5,4
690,65000040-014,0,1,8,1,1,0,1,5,0
691,65000040-018,0,1,8,1,7,1,0,5,0
692,65000040-005,0,1,8,1,6,1,0,5,0
693,65000040-013,0,0,8,1,3,0,1,5,4
694,65000040-033,0,1,8,1,1,1,0,5,0
695,65000040-062,0,0,6,1,3,0,1,5,4
696,65000040-057,0,1,8,1,6,1,0,5,0
697,65000040-036,0,1,8,1,7,1,0,5,0
698,65000040-004,0,1,8,1,1,1,0,5,0
699,65000040-043,0,1,8,1,1,1,0,5,0
700,65000040-019,0,1,8,1,7,1,0,5,0
701,65000040-027,0,1,8,1,12,1,0,5,0
702,65000040-044,0,1,8,1,1,1,0,5,0
703,65000040-042,0,1,13,1,3,1,1,5,0
704,65000040-032,0,1,8,1,10,1,0,5,0
705,65000040-025,0,0,9,1,6,0,2,5,11
706,65000040-056,0,0,8,1,3,1,1,5,0
707,65000040-058,0,1,8,1,6,1,0,5,0
708,65000040-039,0,0,9,1,11,0,1,5,0
709,65000040-037,0,1,8,1,7,1,0,5,0
710,65000040-010,1,1,13,1,3,1,1,5,0
711,65000040-002,0,1,8,1,1,1,0,5,0
712,65000040-045,0,1,10,2,0,1,0,0,6
713,65000040-041,1,1,13,1,3,1,1,5,0
714,65000040-040,0,1,3,1,10,1,0,5,0
715,65000040-055,1,1,8,1,1,0,1,5,0
716,65000040-053,0,1,8,1,7,1,0,5,0
717,65000040-059,0,1,10,1,4,0,1,0,4
718,65000040-016,0,1,3,1,11,0,1,5,0
719,65000040-034,0,1,10,1,4,0,1,0,4
720,65000040-035,0,0,10,1,0,0,1,0,6
721,65000040-017,0,0,3,1,11,1,0,5,0
722,65000040-008,0,1,3,1,1,0,1,5,0
723,65000040-049,0,1,10,1,11,1,1,5,0
724,65000040-026,0,1,9,1,6,0,2,5,11
725,65000040-011,0,1,9,1,11,1,1,5,0
726,65000040-015,0,0,9,1,1,1,0,5,0
727,65000040-009,1,1,6,1,3,0,1,5,4
728,65000040-061,0,1,8,1,7,1,0,5,0
729,65000040-007,0,1,8,1,11,1,1,5,0
730,65000040-054,0,1,8,1,6,1,0,5,0
731,65000040-006,0,1,8,1,11,1,1,5,0
732,65000040-028,1,1,4,1,10,1,0,5,0
733,65000040-048,1,1,8,1,11,0,1,5,4
734,65000040-030,0,0,9,1,1,0,1,5,0
735,65000040-031,0,0,3,1,1,1,0,5,0
736,65000040-038,0,0,8,1,11,0,1,5,0
737,65000040-001,0,1,8,1,3,1,1,5,0
738,65000040-060,0,1,10,1,11,1,1,5,0
739,65000040-047,0,0,9,1,11,0,1,5,0
740,65000040-050,0,1,10,1,4,1,1,5,0
741,65000040-021,1,1,10,1,11,0,1,0,6
742,65000040-020,0,1,10,1,11,1,1,5,0
743,65000040-012,0,1,3,1,11,0,1,5,0
744,65000040-023,0,1,8,1,3,1,1,5,0
745,65000040-052,1,1,4,1,7,1,0,5,0
746,65000040-003,0,1,8,1,1,1,0,5,0
747,65000040-024,0,1,3,1,6,0,2,5,11
748,65000040-029,0,1,4,1,7,1,0,5,0
749,65000110-026,1,2,0,0,3,0,1,1,10
750,65000110-028,0,1,7,0,8,0,1,1,10
751,65000110-011,1,1,7,1,4,0,1,0,4
752,65000110-050,1,1,0,1,4,0,1,0,4
753,65000110-012,1,2,0,1,4,0,1,0,4
754,65000110-004,1,1,7,0,3,1,1,1,10
755,65000110-017,1,1,0,1,0,0,1,0,6
756,65000110-020,1,2,0,0,3,0,1,1,10
757,65000110-019,1,2,0,0,3,0,1,1,10
758,65000110-029,0,2,0,0,3,2,1,1,10
759,65000110-048,0,1,7,0,3,0,1,1,10
760,65000110-041,0,1,7,0,3,0,1,1,10
761,65000110-025,1,1,0,0,4,0,1,1,10
762,65000110-040,1,1,0,0,3,2,1,1,10
763,65000110-042,1,1,7,0,4,0,1,1,10
764,65000110-036,0,1,0,0,3,2,1,1,10
765,65000110-047,0,1,7,0,4,0,1,1,10
766,65000110-008,1,0,7,0,3,0,1,1,10
767,65000110-030,0,2,0,0,3,2,1,1,10
768,65000110-037,1,0,0,1,8,0,1,0,6
769,65000110-015,1,2,7,1,0,0,1,0,6
770,65000110-032,1,1,0,0,3,0,1,1,10
771,65000110-007,0,2,7,0,3,0,1,1,10
772,65000110-003,1,1,7,0,3,0,1,1,10
773,65000110-039,1,0,0,0,4,0,1,1,10
774,65000110-023,1,1,0,1,4,0,1,0,4
775,65000110-018,1,1,0,0,3,2,1,1,10
776,65000110-005,0,1,7,0,4,0,1,1,10
777,65000110-022,1,2,7,0,6,0,2,4,11
778,65000110-014,1,2,7,0,3,2,1,1,10
779,65000110-027,1,1,0,0,3,2,1,1,10
780,65000110-043,1,0,0,1,0,0,1,0,6
781,65000110-049,1,0,0,0,4,2,1,1,10
782,65000110-016,1,1,0,1,0,0,1,0,6
783,65000110-038,1,1,7,0,10,0,1,1,11
784,65000110-021,1,1,0,0,3,0,1,1,10
785,65000110-045,0,1,7,0,3,0,1,1,10
786,65000110-024,1,1,7,0,4,0,1,1,10
787,65000110-034,0,1,0,0,3,2,1,1,10
788,65000110-002,1,1,7,0,3,0,1,1,10
789,65000110-046,1,1,7,0,3,0,1,1,10
790,65000110-006,0,2,7,0,3,0,1,1,10
791,65000110-001,1,1,7,0,3,0,1,1,10
792,65000110-031,0,1,7,0,3,0,1,1,10
793,65000110-035,0,1,0,0,3,2,1,1,10
794,65000110-009,1,2,0,1,4,0,1,0,4
795,65000110-013,1,1,7,0,0,0,1,0,6
796,65000110-033,0,2,0,0,4,0,1,1,10
797,65000110-010,1,1,7,1,4,0,1,0,4
798,65000110-044,1,1,0,1,0,0,1,0,6
799,65000160-017,0,2,0,1,11,1,0,5,0
800,65000160-006,1,1,0,1,11,0,1,1,4
801,65000160-011,0,1,0,1,11,1,1,5,0
802,65000160-001,1,1,0,0,3,0,1,1,10
803,65000160-003,1,2,0,1,11,1,1,5,0
804,65000160-014,0,1,7,1,4,0,1,0,4
805,65000160-008,1,1,7,1,4,0,1,0,4
806,65000160-005,1,2,0,0,13,0,2,4,11
807,65000160-013,1,1,7,1,3,0,1,1,4
808,65000160-004,1,1,0,1,13,1,0,5,0
809,65000160-016,0,1,0,1,13,1,0,5,0
810,65000160-012,1,2,7,1,13,0,2,4,11
811,65000160-007,0,2,7,1,11,0,1,1,4
812,65000160-010,1,2,7,0,5,0,0,4,11
813,65000160-009,1,1,7,0,10,0,1,1,11
814,65000160-015,1,1,7,0,4,0,1,1,10
815,65000160-002,1,1,0,1,3,0,1,1,4
816,65000100-001,1,1,3,2,0,0,1,0,6
817,65000100-023,1,1,10,1,6,0,2,4,11
818,65000100-020,1,0,3,1,6,2,2,4,3
819,65000100-012,1,0,3,1,6,0,2,4,11
820,65000100-038,1,1,10,1,6,0,2,4,11
821,65000100-027,1,1,10,1,3,1,1,5,0
822,65000100-016,1,1,10,0,4,0,1,1,10
823,65000100-009,1,1,10,2,7,0,1,0,11
824,65000100-042,0,0,10,1,7,0,1,4,11
825,65000100-041,1,1,10,1,7,0,1,4,11
826,65000100-002,1,1,10,1,0,2,1,0,3
827,65000100-008,1,2,10,1,6,0,2,4,11
828,65000100-040,1,1,10,1,7,2,1,4,3
829,65000100-014,1,1,3,1,4,0,1,0,3
830,65000100-007,1,1,3,2,0,0,1,0,6
831,65000100-031,1,1,10,1,3,2,1,1,3
832,65000100-035,0,2,10,1,1,0,1,5,3
833,65000100-036,0,1,10,1,3,0,1,1,3
834,65000100-030,1,1,10,1,3,3,1,5,3
835,65000100-034,0,2,10,1,3,0,1,1,3
836,65000100-010,0,2,10,1,1,0,1,5,3
837,65000100-015,1,1,10,2,10,0,1,0,3
838,65000100-037,0,1,10,1,5,0,0,2,11
839,65000100-029,1,1,10,1,3,3,1,5,3
840,65000100-039,1,1,3,1,9,0,0,0,11
841,65000100-019,1,2,3,1,6,0,2,4,11
842,65000100-013,1,1,3,1,4,0,1,0,3
843,65000100-011,0,2,10,1,1,1,0,5,0
844,65000100-028,0,1,10,1,3,1,1,5,0
845,65000100-033,1,1,10,1,7,2,1,4,3
846,65000100-032,1,2,10,1,1,2,1,1,3
847,65000100-025,0,1,10,1,10,1,0,5,0
848,65000100-017,1,0,3,1,6,0,2,4,11
849,65000100-018,1,1,3,1,9,0,0,0,11
850,65000100-021,1,0,10,1,7,2,1,4,3
851,65000100-006,1,1,10,2,10,2,1,0,3
852,65000100-004,1,1,10,2,3,2,1,0,3
853,65000100-026,1,1,10,1,7,2,1,4,3
854,65000100-005,1,1,7,2,0,0,1,0,6
855,65000100-003,1,1,10,1,8,2,1,0,3
856,65000100-022,1,0,10,1,7,0,1,4,11
857,65000100-024,1,1,10,1,7,1,0,5,0
858,65000180-003,1,1,0,0,3,0,1,1,10
859,65000180-006,1,2,10,0,3,0,1,1,10
860,65000180-004,1,1,10,0,3,0,1,1,10
861,65000180-001,1,1,10,0,3,0,1,1,10
862,65000180-007,1,1,10,1,0,0,1,0,6
863,65000180-002,1,1,10,1,0,0,1,0,6
864,65000180-008,1,1,10,0,0,0,1,0,6
865,65000180-005,1,1,10,1,3,0,1,1,4
866,65000290-004,1,1,10,1,4,0,1,0,4
867,65000290-005,1,1,10,1,0,0,1,0,6
868,65000290-002,1,1,9,1,4,0,1,0,4
869,65000290-001,1,1,9,1,3,0,1,1,4
870,65000290-003,1,1,10,1,4,0,1,0,4
871,65000120-027,1,1,10,2,0,1,0,0,6
872,65000120-028,1,1,10,2,0,1,0,0,6
873,65000120-010,1,1,10,1,4,0,1,0,4
874,65000120-013,1,1,3,0,4,0,1,1,10
875,65000120-015,1,1,10,1,0,0,1,0,6
876,65000120-032,1,1,0,1,8,0,1,0,6
877,65000120-012,1,1,10,1,4,0,1,0,4
878,65000120-011,1,1,10,1,4,0,1,0,4
879,65000120-018,1,1,10,0,3,0,1,1,10
880,65000120-020,1,1,10,0,3,0,1,1,10
881,65000120-016,1,1,10,0,8,0,1,1,10
882,65000120-023,1,1,10,0,3,0,1,1,10
883,65000120-034,1,2,10,0,3,0,1,1,10
884,65000120-009,1,1,3,0,4,0,1,1,10
885,65000120-008,1,1,3,0,3,0,1,1,10
886,65000120-019,1,1,10,0,3,0,1,1,10
887,65000120-029,1,1,10,1,4,0,1,0,4
888,65000120-031,1,1,10,1,0,2,1,0,6
889,65000120-007,1,2,10,2,0,1,0,0,6
890,65000120-014,1,1,10,1,0,0,1,0,6
891,65000120-030,1,1,10,0,3,0,1,1,10
892,65000120-024,1,1,10,0,3,0,1,1,10
893,65000120-026,1,1,10,0,3,0,1,1,10
894,65000120-017,1,1,10,2,0,0,1,0,6
895,65000120-021,1,1,10,0,3,0,1,1,10
896,65000120-025,1,1,10,0,3,0,1,1,10
897,65000120-022,1,1,10,0,3,0,1,1,10
898,65000120-033,1,1,0,2,4,0,1,0,4
899,65000120-006,1,1,3,0,4,0,1,1,10
900,65000120-005,1,1,3,0,4,0,1,1,10
901,65000120-004,1,1,3,0,4,0,1,1,10
902,65000120-001,1,1,3,0,4,0,1,1,10
903,65000120-002,1,1,3,0,3,0,1,1,10
904,65000120-003,1,1,3,0,3,0,1,1,10
905,65000190-008,1,1,0,1,0,0,1,0,6
906,65000190-009,1,1,0,1,0,0,1,0,6
907,65000190-005,1,1,0,1,0,0,1,0,6
908,65000190-012,1,1,10,1,4,0,1,0,4
909,65000190-011,1,1,10,2,4,0,1,0,4
910,65000190-007,1,1,0,1,4,0,1,0,4
911,65000190-002,1,1,0,1,4,0,1,0,4
912,65000190-004,1,1,0,1,4,0,1,0,4
913,65000190-001,1,1,0,1,4,0,1,0,4
914,65000190-010,1,1,0,1,3,0,1,1,4
915,65000190-006,1,1,0,1,0,0,1,0,6
916,65000190-003,1,1,0,1,3,0,1,1,4
917,65000220-007,1,1,13,1,4,0,1,0,4
918,65000220-002,1,1,4,2,4,2,1,0,3
919,65000220-006,1,1,4,0,3,2,1,1,10
920,65000220-004,1,1,4,0,4,2,1,1,10
921,65000220-001,1,1,4,2,4,2,1,0,3
922,65000220-005,1,1,4,0,3,2,1,1,10
923,65000220-003,1,1,4,2,4,2,1,0,3
924,65000220-008,1,1,13,1,4,0,1,0,4
925,65000220-009,1,1,10,1,0,0,1,0,6
926,65000280-009,1,1,0,0,0,0,1,0,6
927,65000280-010,1,1,0,0,4,0,1,1,10
928,65000280-004,1,1,0,1,4,0,1,0,4
929,65000280-008,1,1,10,2,0,1,0,0,6
930,65000280-007,1,1,0,1,4,0,1,0,4
931,65000280-005,1,1,7,0,0,0,1,0,6
932,65000280-001,1,2,0,0,3,0,1,1,10
933,65000280-003,1,2,0,1,4,0,1,0,4
934,65000280-006,1,1,0,1,4,0,1,0,4
935,65000280-002,1,1,0,0,4,0,1,1,10
936,65000140-002,0,2,7,1,11,1,0,5,0
937,65000140-025,0,1,0,1,1,1,0,5,0
938,65000140-003,0,1,7,1,3,1,1,5,0
939,65000140-024,0,2,7,1,0,1,0,0,6
940,65000140-013,0,1,0,1,2,1,0,5,0
941,65000140-027,0,2,0,1,2,1,0,5,0
942,65000140-022,0,2,0,1,6,1,0,5,0
943,65000140-028,0,2,0,1,1,1,0,5,0
944,65000140-005,0,1,7,1,13,1,0,5,0
945,65000140-012,1,1,0,1,6,1,0,5,0
946,65000140-030,1,1,7,1,13,0,2,4,11
947,65000140-018,0,2,0,1,10,1,0,5,0
948,65000140-029,0,2,7,1,3,1,1,5,0
949,65000140-004,0,2,7,1,1,1,0,5,0
950,65000140-015,0,2,7,1,11,0,1,5,0
951,65000140-036,0,2,7,1,0,1,0,0,6
952,65000140-026,1,1,0,1,4,1,1,5,0
953,65000140-014,0,1,0,1,6,1,0,5,0
954,65000140-020,1,1,0,1,4,0,1,0,4
955,65000140-033,0,1,0,1,10,1,0,5,0
956,65000140-023,0,1,7,1,4,1,1,5,0
957,65000140-009,0,2,0,1,2,1,0,5,0
958,65000140-037,0,2,7,1,11,0,1,5,4
959,65000140-007,0,2,0,1,3,0,1,1,4
960,65000140-011,0,1,0,1,1,1,0,5,0
961,65000140-001,0,2,7,1,13,0,2,4,11
962,65000140-032,1,1,0,1,12,1,0,5,0
963,65000140-021,1,2,7,1,10,0,1,0,4
964,65000140-006,0,2,7,1,1,0,1,5,0
965,65000140-035,0,2,0,1,0,1,0,0,6
966,65000140-017,0,2,7,1,4,1,1,5,0
967,65000140-038,0,2,7,1,4,1,1,5,0
968,65000140-016,0,2,7,1,11,0,1,5,4
969,65000140-010,1,1,0,1,2,1,0,5,0
970,65000140-019,0,2,0,1,10,1,0,5,0
971,65000140-034,0,1,0,1,7,1,0,5,0
972,65000140-031,0,2,7,1,4,1,1,5,0
973,65000140-008,0,2,0,1,7,1,0,5,0
974,65000260-007,1,1,3,1,4,0,1,0,4
975,65000260-002,1,1,0,1,0,0,1,0,6
976,65000260-011,1,1,0,1,4,0,1,0,4
977,65000260-008,1,1,3,1,4,2,1,0,3
978,65000260-009,1,1,0,2,4,0,1,0,4
979,65000260-006,1,1,0,0,4,2,1,1,10
980,65000260-010,1,1,3,1,8,0,1,0,6
981,65000260-001,1,1,10,1,3,0,1,1,4
982,65000260-003,1,1,0,1,3,2,1,1,3
983,65000260-004,1,1,0,1,3,0,1,1,4
984,65000260-005,1,1,0,0,4,2,1,1,10
985,65000270-010,1,1,3,3,0,0,1,0,6
986,65000270-006,1,1,7,0,4,0,1,1,10
987,65000270-008,1,1,10,1,0,0,1,0,6
988,65000270-009,1,1,7,0,4,0,1,1,10
989,65000270-001,1,1,7,0,3,0,1,1,10
990,65000270-002,1,1,7,0,3,0,1,1,10
991,65000270-014,1,1,10,1,0,0,1,0,6
992,65000270-011,1,1,7,0,0,0,1,0,6
993,65000270-004,1,1,7,0,3,2,1,1,10
994,65000270-005,1,2,7,0,3,0,1,1,10
995,65000270-012,1,1,10,1,0,2,1,0,6
996,65000270-013,1,1,10,2,0,0,1,0,6
997,65000270-003,1,1,0,1,0,0,1,0,6
998,65000270-007,1,1,0,1,4,0,1,0,4
999,65000270-015,1,2,7,0,3,0,1,1,10
1000,65000250-005,1,1,3,2,0,0,1,0,6
1001,65000250-007,1,1,10,1,4,0,1,0,4
1002,65000250-009,1,1,10,1,4,0,1,0,4
1003,65000250-002,1,1,3,0,3,0,1,1,10
1004,65000250-010,1,1,10,1,4,0,1,0,4
1005,65000250-008,1,1,3,0,3,0,1,1,10
1006,65000250-003,1,1,3,0,3,0,1,1,10
1007,65000250-012,1,1,0,1,0,0,1,0,6
1008,65000250-006,1,1,3,0,3,0,1,1,10
1009,65000250-011,1,1,10,1,4,0,1,0,4
1010,65000250-001,1,1,3,0,3,0,1,1,10
1011,65000250-004,1,1,3,0,4,0,1,1,10
1012,65000080-018,1,2,4,0,4,0,1,1,10
1013,65000080-005,1,1,10,0,4,0,1,1,10
1014,65000080-011,1,2,10,0,3,0,1,1,10
1015,65000080-012,1,1,10,1,3,0,1,1,4
1016,65000080-004,1,1,10,1,4,0,1,0,4
1017,65000080-009,1,1,3,0,4,0,1,1,10
1018,65000080-003,0,2,10,0,3,0,1,1,10
1019,65000080-007,1,1,10,0,3,0,1,1,10
1020,65000080-014,1,2,4,0,4,0,1,1,10
1021,65000080-010,1,2,10,0,3,0,1,1,10
1022,65000080-020,0,2,10,0,3,0,1,1,10
1023,65000080-006,1,1,10,1,0,0,1,0,6
1024,65000080-013,1,1,13,1,4,0,1,0,4
1025,65000080-001,1,1,10,0,4,0,1,1,10
1026,65000080-017,1,2,13,0,4,0,1,1,10
1027,65000080-008,1,2,10,0,3,0,1,1,10
1028,65000080-002,1,1,10,0,4,0,1,1,10
1029,65000080-019,1,2,13,0,3,0,1,1,10
1030,65000080-016,1,2,4,0,8,0,1,1,10
1031,65000080-015,1,2,4,0,3,0,1,1,10
1032,63000040-027,0,0,9,0,5,1,2,3,9
1033,63000040-031,0,0,12,0,1,0,2,4,9
1034,63000040-030,0,0,12,0,2,1,2,3,9
1035,63000040-033,1,0,8,0,2,0,2,4,9
1036,63000040-006,0,0,1,0,13,1,2,3,9
1037,63000040-023,0,1,12,0,2,1,2,3,9
1038,63000040-013,1,0,10,0,5,2,2,4,8
1039,63000040-039,0,0,3,0,6,1,2,3,9
1040,63000040-042,1,1,10,0,7,0,2,4,7
1041,63000040-012,1,1,5,0,13,2,2,4,9
1042,63000040-037,1,0,9,0,1,0,2,4,1
1043,63000040-017,1,1,8,0,12,2,2,4,1
1044,63000040-014,1,0,10,0,5,0,2,4,8
1045,63000040-005,1,1,9,0,13,0,2,4,9
1046,63000040-040,0,0,3,0,6,1,2,3,9
1047,63000040-010,0,0,5,0,14,1,2,3,9
1048,63000040-015,1,0,10,0,2,2,2,4,9
1049,63000040-018,0,1,12,0,12,1,2,3,9
1050,63000040-019,1,1,1,0,5,2,2,4,8
1051,63000040-022,0,1,12,0,2,1,2,3,9
1052,63000040-020,0,0,12,0,14,1,2,3,9
1053,63000040-011,0,0,5,0,14,0,2,4,9
1054,63000040-036,1,0,3,0,2,1,2,3,9
1055,63000040-038,1,1,9,0,1,0,2,4,1
1056,63000040-034,0,0,12,0,1,0,2,4,9
1057,63000040-021,0,0,8,0,7,1,2,3,9
1058,63000040-001,0,1,3,0,1,1,2,3,9
1059,63000040-003,0,0,7,0,13,0,2,4,9
1060,63000040-002,0,1,9,0,11,1,2,3,9
1061,63000040-004,0,0,12,0,13,0,2,4,9
1062,63000040-016,0,0,10,0,5,2,2,4,8
1063,63000040-028,0,0,12,0,5,0,2,4,8
1064,63000040-029,0,0,12,0,6,0,2,4,8
1065,63000040-007,0,1,1,0,13,1,2,3,9
1066,63000040-009,0,0,5,0,14,1,2,3,9
1067,63000040-032,0,0,9,0,2,1,2,3,9
1068,63000040-025,0,2,8,0,12,1,2,3,9
1069,63000040-026,0,1,8,0,0,1,1,6,6
1070,63000040-024,0,2,8,0,9,1,2,3,9
1071,63000040-041,1,0,3,0,13,2,2,4,9
1072,63000040-008,0,0,12,0,13,0,2,4,9
1073,63000040-035,0,0,3,0,2,0,2,4,9
1074,63000050-031,0,0,3,0,2,1,2,3,9
1075,63000050-023,1,0,7,0,13,1,2,3,9
1076,63000050-019,0,0,12,0,2,0,2,4,8
1077,63000050-017,1,0,12,0,2,0,2,4,8
1078,63000050-002,1,1,8,0,2,2,2,4,8
1079,63000050-027,0,0,3,0,7,1,2,3,9
1080,63000050-026,1,0,3,0,13,0,2,4,7
1081,63000050-015,0,0,9,0,3,0,1,1,1
1082,63000050-022,1,1,12,0,13,0,2,4,9
1083,63000050-014,0,2,9,0,3,1,1,1,1
1084,63000050-016,0,0,7,0,6,1,2,3,8
1085,63000050-029,0,0,3,0,10,0,2,4,1
1086,63000050-003,1,0,6,0,2,0,2,4,8
1087,63000050-030,0,0,12,0,6,1,2,3,8
1088,63000050-021,0,0,12,0,13,0,2,4,9
1089,63000050-028,1,0,12,0,13,0,2,4,9
1090,63000050-008,0,0,12,0,7,0,2,4,7
1091,63000050-004,1,0,1,1,6,2,2,4,7
1092,63000050-025,1,0,3,0,2,0,2,4,8
1093,63000050-001,1,1,8,0,6,2,2,4,8
1094,63000050-011,0,0,12,1,3,1,1,5,1
1095,63000050-012,0,1,12,1,3,1,1,5,1
1096,63000050-005,0,0,1,1,2,2,2,4,7
1097,63000050-007,0,0,1,1,10,2,2,4,7
1098,63000050-009,0,0,12,1,7,0,2,4,7
1099,63000050-010,1,0,12,1,3,2,1,1,1
1100,63000050-006,0,0,12,0,2,1,2,3,9
1101,63000050-024,1,0,12,0,13,0,2,4,9
1102,63000050-018,0,0,12,1,1,0,2,4,7
1103,63000050-020,0,0,12,0,13,0,2,4,9
1104,63000050-013,0,1,12,1,3,0,1,1,1
1105,63000020-030,0,0,8,0,13,0,2,4,9
1106,63000020-031,1,0,8,0,13,0,2,4,8
1107,63000020-024,0,0,6,0,1,0,2,4,1
1108,63000020-004,0,0,5,0,7,0,2,4,7
1109,63000020-025,1,0,6,0,1,0,2,4,1
1110,63000020-013,0,0,4,0,2,1,2,3,9
1111,63000020-012,0,1,4,0,1,0,2,4,1
1112,63000020-032,1,0,9,0,3,0,1,1,1
1113,63000020-010,0,1,4,0,1,0,2,4,1
1114,63000020-037,0,0,9,0,10,0,2,4,1
1115,63000020-017,0,0,4,0,2,1,2,3,9
1116,63000020-016,0,0,4,0,13,0,2,4,9
1117,63000020-020,0,0,6,0,6,1,2,3,8
1118,63000020-027,0,1,6,0,1,0,2,4,1
1119,63000020-026,0,0,4,0,13,0,2,4,9
1120,63000020-009,0,0,8,0,13,0,2,4,8
1121,63000020-019,0,0,10,2,0,1,0,0,6
1122,63000020-008,0,0,6,0,2,0,2,4,8
1123,63000020-029,1,0,12,0,6,0,2,4,8
1124,63000020-007,0,0,6,0,6,0,2,4,8
1125,63000020-005,1,0,1,0,2,1,2,3,9
1126,63000020-035,0,1,9,0,1,0,2,4,1
1127,63000020-028,0,0,8,0,13,0,2,4,9
1128,63000020-034,0,0,9,0,7,0,2,4,7
1129,63000020-023,0,0,6,0,2,1,2,3,9
1130,63000020-022,0,0,6,0,1,0,2,4,1
1131,63000020-021,1,1,6,1,3,0,1,1,1
1132,63000020-002,0,0,5,0,10,0,2,4,7
1133,63000020-014,0,1,4,0,13,0,2,4,9
1134,63000020-018,0,0,4,0,13,1,2,3,9
1135,63000020-033,1,0,12,0,4,0,1,1,1
1136,63000020-003,1,0,12,0,7,0,2,4,7
1137,63000020-006,0,0,8,0,6,0,2,4,8
1138,63000020-001,1,0,5,0,13,0,2,4,9
1139,63000020-015,0,1,6,0,6,0,2,4,8
1140,63000020-011,0,0,4,0,1,1,2,3,1
1141,63000020-036,0,0,9,0,6,0,2,4,8
1142,63000020-041,1,1,9,0,9,0,2,4,7
1143,63000020-039,0,0,9,0,14,0,2,4,7
1144,63000020-040,0,1,9,0,14,0,2,4,7
1145,63000020-038,0,0,9,0,7,0,2,4,7
1146,63000100-022,0,2,9,0,2,2,2,4,7
1147,63000100-009,0,0,9,1,6,0,2,4,7
1148,63000100-025,1,0,0,1,8,0,1,0,6
1149,63000100-040,1,0,3,1,2,0,2,4,7
1150,63000100-012,1,0,3,1,7,0,2,4,7
1151,63000100-033,1,1,0,1,8,0,1,0,6
1152,63000100-031,0,0,0,1,6,0,2,4,7
1153,63000100-039,1,0,12,0,3,0,1,1,1
1154,63000100-035,0,0,0,1,2,0,2,4,7
1155,63000100-036,0,0,0,1,2,0,2,4,7
1156,63000100-023,0,0,0,1,1,0,2,4,7
1157,63000100-024,0,0,0,1,8,0,1,0,1
1158,63000100-017,0,0,9,1,7,0,2,4,7
1159,63000100-005,1,0,3,1,13,0,2,4,7
1160,63000100-007,0,0,9,1,13,0,2,4,7
1161,63000100-008,1,0,3,1,13,0,2,4,7
1162,63000100-006,0,0,3,1,13,0,2,4,7
1163,63000100-030,1,0,8,0,3,2,1,1,1
1164,63000100-010,1,0,9,0,6,0,2,4,8
1165,63000100-029,1,0,1,0,1,0,2,4,1
1166,63000100-021,0,0,12,0,10,0,2,4,7
1167,63000100-020,0,0,12,0,13,0,2,4,8
1168,63000100-028,1,0,8,0,4,2,1,1,1
1169,63000100-015,1,0,3,1,7,0,2,4,7
1170,63000100-032,1,0,3,1,7,0,2,4,7
1171,63000100-011,0,0,12,0,6,0,2,4,8
1172,63000100-019,0,0,12,0,6,0,2,4,8
1173,63000100-016,1,0,12,0,1,0,2,4,1
1174,63000100-018,0,0,10,1,2,0,2,4,7
1175,63000100-037,1,1,9,0,7,2,2,4,7
1176,63000100-027,0,2,4,0,11,2,2,4,1
1177,63000100-003,1,0,3,0,2,0,2,4,7
1178,63000100-002,1,0,10,0,2,0,2,4,7
1179,63000100-001,1,0,3,0,2,0,2,4,7
1180,63000100-026,0,0,4,0,10,0,2,4,7
1181,63000100-034,1,0,12,0,6,0,2,4,8
1182,63000100-014,1,0,3,1,4,0,1,0,4
1183,63000100-013,0,0,3,1,7,0,2,4,7
1184,63000100-038,0,0,3,1,13,0,2,4,7
1185,63000120-037,1,2,3,1,2,0,2,4,7
1186,63000120-030,0,1,7,0,0,0,1,0,6
1187,63000120-022,0,2,7,1,2,0,2,4,7
1188,63000120-028,0,1,7,0,6,0,2,4,7
1189,63000120-027,1,0,7,1,6,0,2,4,7
1190,63000120-018,1,0,0,1,7,2,2,4,7
1191,63000120-013,0,0,0,1,10,1,2,5,7
1192,63000120-014,1,0,0,1,0,0,1,0,6
1193,63000120-024,1,1,0,1,2,0,2,4,7
1194,63000120-041,1,1,7,0,4,0,1,1,1
1195,63000120-020,1,0,7,1,2,0,2,4,7
1196,63000120-015,0,1,0,1,7,1,2,4,7
1197,63000120-001,1,0,7,1,7,2,2,4,7
1198,63000120-008,0,0,0,1,7,0,2,4,7
1199,63000120-033,1,0,0,0,10,0,2,4,7
1200,63000120-002,0,0,0,1,7,0,2,4,7
1201,63000120-031,0,1,0,0,10,0,2,4,7
1202,63000120-012,1,0,0,1,13,0,2,4,7
1203,63000120-026,1,1,7,1,1,0,2,4,7
1204,63000120-036,1,1,0,0,6,0,2,4,7
1205,63000120-005,0,0,0,1,7,1,2,4,7
1206,63000120-006,0,0,7,1,7,0,2,4,7
1207,63000120-009,1,0,0,1,0,0,1,0,6
1208,63000120-011,0,0,0,1,0,1,0,0,6
1209,63000120-010,1,0,0,1,0,0,1,0,6
1210,63000120-039,1,1,7,2,4,0,1,0,4
1211,63000120-019,1,1,7,1,0,2,1,0,6
1212,63000120-021,0,2,7,1,2,0,2,4,7
1213,63000120-040,1,1,0,0,0,0,1,0,6
1214,63000120-042,1,1,0,0,0,0,1,0,6
1215,63000120-025,0,0,7,1,1,0,2,4,7
1216,63000120-003,0,0,0,1,7,1,2,4,7
1217,63000120-004,0,0,0,1,10,0,2,4,7
1218,63000120-032,1,1,0,0,0,0,1,0,6
1219,63000120-035,1,1,0,0,7,0,2,4,7
1220,63000120-016,1,0,0,1,7,0,2,4,7
1221,63000120-017,0,0,0,1,7,0,2,4,7
1222,63000120-007,0,0,0,1,7,1,2,4,7
1223,63000120-034,1,1,0,0,7,0,2,4,7
1224,63000120-023,0,1,7,1,2,0,2,4,7
1225,63000120-029,1,0,7,0,7,0,2,4,7
1226,63000120-038,1,2,0,1,6,2,2,4,7
1227,63000090-004,1,0,9,0,2,2,2,4,8
1228,63000090-002,1,1,9,0,6,0,2,4,8
1229,63000090-017,1,0,9,0,4,0,1,1,1
1230,63000090-018,1,1,10,1,4,0,1,0,4
1231,63000090-019,1,0,3,0,3,0,1,1,1
1232,63000090-001,1,2,9,0,6,0,2,4,8
1233,63000090-010,0,0,4,0,13,0,2,4,9
1234,63000090-011,1,0,4,0,11,0,2,4,1
1235,63000090-006,1,1,9,0,6,0,2,4,8
1236,63000090-003,0,1,7,0,6,0,2,4,8
1237,63000090-005,0,2,9,0,1,0,2,4,1
1238,63000090-007,1,0,9,0,6,0,2,4,8
1239,63000090-009,1,1,4,0,13,2,2,4,7
1240,63000090-014,1,1,6,0,3,0,1,1,1
1241,63000090-015,0,0,4,0,13,0,2,4,8
1242,63000090-016,1,2,10,0,4,0,1,1,1
1243,63000090-012,0,0,4,0,13,1,2,3,9
1244,63000090-008,1,1,4,0,6,0,2,4,8
1245,63000090-020,1,0,9,0,1,2,2,4,1
1246,63000090-013,0,0,4,0,13,1,2,3,9
1247,63000110-033,1,0,7,1,3,1,1,5,1
1248,63000110-001,0,1,7,0,13,1,2,3,9
1249,63000110-044,1,1,0,1,0,0,1,0,6
1250,63000110-010,0,1,7,0,13,1,2,3,9
1251,63000110-026,0,0,7,0,6,0,2,4,8
1252,63000110-039,0,0,0,2,8,0,1,0,6
1253,63000110-038,0,0,7,1,4,1,1,5,1
1254,63000110-040,0,0,0,2,8,1,0,0,6
1255,63000110-042,1,0,0,0,8,0,1,1,1
1256,63000110-041,0,0,0,1,0,1,0,0,6
1257,63000110-037,0,0,7,1,3,1,1,5,1
1258,63000110-036,0,0,7,1,3,1,1,5,1
1259,63000110-016,1,2,0,0,4,2,1,1,1
1260,63000110-024,1,2,0,1,3,2,1,1,1
1261,63000110-025,1,1,7,0,3,0,1,1,1
1262,63000110-048,1,1,0,1,4,0,1,0,4
1263,63000110-008,1,2,7,0,11,3,1,1,1
1264,63000110-028,0,0,7,0,6,1,2,3,8
1265,63000110-027,0,0,7,0,7,1,2,3,8
1266,63000110-030,0,0,7,1,6,1,2,3,8
1267,63000110-012,0,0,10,0,7,0,2,4,7
1268,63000110-045,1,1,0,1,8,0,1,0,1
1269,63000110-014,1,0,10,0,1,2,2,4,1
1270,63000110-032,1,0,7,1,8,0,1,0,1
1271,63000110-022,1,2,0,1,0,2,1,0,6
1272,63000110-043,1,1,7,0,8,0,1,1,1
1273,63000110-049,1,1,10,1,4,0,1,0,4
1274,63000110-011,0,2,0,0,10,2,2,4,1
1275,63000110-021,0,2,0,1,0,2,1,0,6
1276,63000110-019,1,2,7,0,3,2,1,1,1
1277,63000110-020,0,2,0,0,4,3,1,1,1
1278,63000110-009,0,2,7,0,11,2,1,1,1
1279,63000110-007,1,0,7,0,13,3,2,3,9
1280,63000110-023,1,2,0,1,3,2,1,1,1
1281,63000110-004,0,1,7,0,13,0,2,4,8
1282,63000110-005,0,0,7,0,7,0,2,4,7
1283,63000110-003,1,1,9,0,2,0,2,4,8
1284,63000110-013,0,2,10,0,1,3,2,3,1
1285,63000110-015,0,2,10,0,3,3,1,1,1
1286,63000110-002,1,1,7,0,13,0,2,4,9
1287,63000110-050,1,0,10,1,3,0,1,1,1
1288,63000110-029,0,0,7,1,8,1,0,5,1
1289,63000110-051,1,0,3,0,8,0,1,1,1
1290,63000110-006,0,0,7,0,6,1,2,3,8
1291,63000110-031,1,0,7,0,8,0,1,1,1
1292,63000110-047,1,1,0,0,0,0,1,0,6
1293,63000110-018,0,1,7,0,3,3,1,1,1
1294,63000110-017,0,2,0,0,4,2,1,1,1
1295,63000110-035,0,0,7,1,7,1,2,3,7
1296,63000110-034,0,0,7,1,1,1,2,5,1
1297,63000110-046,1,1,0,0,8,0,1,1,1
1298,63000060-026,0,1,9,1,6,0,2,4,7
1299,63000060-008,0,1,12,0,13,1,2,3,9
1300,63000060-012,1,1,7,0,13,3,2,3,9
1301,63000060-018,0,1,7,0,13,1,2,3,9
1302,63000060-017,1,1,12,0,1,3,2,3,1
1303,63000060-009,0,1,7,0,1,1,2,3,1
1304,63000060-010,0,1,12,0,6,1,2,3,8
1305,63000060-003,0,1,7,0,2,1,2,3,9
1306,63000060-002,0,1,12,0,13,1,2,3,9
1307,63000060-004,0,1,12,0,13,1,2,3,9
1308,63000060-019,0,2,12,0,13,1,2,3,9
1309,63000060-020,0,1,12,0,13,1,2,3,9
1310,63000060-007,0,0,12,0,13,1,2,3,9
1311,63000060-014,0,1,7,0,6,3,2,3,8
1312,63000060-006,0,1,12,0,1,1,2,3,9
1313,63000060-013,0,0,12,0,13,0,2,4,9
1314,63000060-005,0,0,7,0,2,0,2,4,8
1315,63000060-001,1,1,7,0,13,0,2,4,9
1316,63000060-024,1,2,7,0,3,3,1,1,1
1317,63000060-022,0,2,9,0,13,1,2,3,9
1318,63000060-016,0,1,12,0,13,1,2,3,9
1319,63000060-021,0,2,12,0,3,3,1,1,1
1320,63000060-025,1,0,9,0,6,2,2,4,8
1321,63000060-015,0,1,12,0,13,1,2,3,9
1322,63000060-011,0,2,12,0,13,0,2,4,9
1323,63000030-005,0,0,5,0,2,0,2,4,8
1324,63000030-002,0,0,5,0,2,1,2,3,8
1325,63000030-029,0,0,5,0,2,0,2,4,8
1326,63000030-056,0,0,5,0,2,0,2,4,8
1327,63000030-019,0,0,12,0,6,0,2,4,8
1328,63000030-010,0,0,5,0,13,0,2,4,8
1329,63000030-035,0,0,5,0,6,0,2,4,8
1330,63000030-014,0,0,12,0,2,0,2,4,8
1331,63000030-013,0,0,4,0,6,0,2,4,8
1332,63000030-003,0,0,12,0,2,0,2,4,8
1333,63000030-043,0,0,8,0,2,0,2,4,8
1334,63000030-057,1,1,8,0,2,0,2,4,8
1335,63000030-050,0,0,5,0,2,0,2,4,8
1336,63000030-049,0,0,5,0,13,0,2,4,8
1337,63000030-001,0,0,5,0,2,0,2,4,8
1338,63000030-051,0,0,5,0,2,0,2,4,8
1339,63000030-053,0,0,5,0,2,0,2,4,8
1340,63000030-023,0,0,1,0,1,0,2,4,8
1341,63000030-008,0,0,9,0,1,1,2,3,8
1342,63000030-052,0,0,5,0,6,1,2,3,8
1343,63000030-004,0,0,9,0,2,0,2,4,8
1344,63000030-007,0,0,9,0,2,0,2,4,8
1345,63000030-018,0,0,8,0,6,0,2,4,8
1346,63000030-034,0,0,12,0,2,1,2,3,8
1347,63000030-017,0,0,13,0,2,0,2,4,8
1348,63000030-037,0,0,12,0,6,0,2,4,8
1349,63000030-036,0,0,12,0,6,0,2,4,8
1350,63000030-030,0,0,5,0,6,0,2,4,8
1351,63000030-006,0,0,12,0,2,0,2,4,8
1352,63000030-039,1,0,3,0,6,0,2,4,8
1353,63000030-033,0,1,12,0,10,1,2,3,8
1354,63000030-044,0,0,3,0,7,0,2,4,8
1355,63000030-054,0,0,5,0,7,1,2,3,8
1356,63000030-038,0,0,3,0,7,1,2,3,8
1357,63000030-009,0,0,12,0,6,1,2,3,8
1358,63000030-055,0,0,5,0,13,0,2,4,8
1359,63000030-031,0,0,5,0,7,1,2,3,8
1360,63000030-032,0,0,5,0,2,0,2,4,8
1361,63000030-016,0,0,8,0,1,0,2,4,8
1362,63000030-020,0,0,12,0,14,0,2,4,8
1363,63000030-021,0,0,12,0,2,1,2,3,8
1364,63000030-046,0,1,3,1,10,0,2,4,7
1365,63000030-048,1,0,9,0,14,0,2,4,8
1366,63000030-047,0,0,9,1,14,0,2,4,7
1367,63000030-022,0,0,5,0,2,1,2,3,8
1368,63000030-011,0,0,8,0,6,1,2,3,8
1369,63000030-015,0,0,4,0,1,0,2,4,8
1370,63000030-012,0,0,8,0,1,1,2,3,8
1371,63000030-040,0,0,6,0,6,0,2,4,8
1372,63000030-028,0,0,6,0,6,0,2,4,8
1373,63000030-041,1,0,8,0,6,0,2,4,8
1374,63000030-026,0,0,5,0,2,0,2,4,8
1375,63000030-027,0,0,5,0,2,0,2,4,8
1376,63000080-034,1,0,3,0,7,0,2,4,7
1377,63000080-038,0,0,3,0,3,0,1,1,1
1378,63000080-036,1,1,3,1,8,0,1,0,1
1379,63000080-040,1,0,3,1,3,0,1,1,1
1380,63000080-025,1,1,3,0,3,0,1,1,1
1381,63000080-026,0,0,3,0,11,0,1,1,1
1382,63000080-005,0,0,3,0,2,2,2,4,8
1383,63000080-004,1,0,9,0,6,2,2,4,8
1384,63000080-002,0,0,9,0,1,0,2,4,1
1385,63000080-003,0,0,9,0,6,0,2,4,8
1386,63000080-006,0,0,9,0,6,0,2,4,8
1387,63000080-001,0,0,7,0,6,0,2,4,8
1388,63000080-028,0,2,3,0,3,0,1,1,1
1389,63000080-027,1,0,3,0,11,0,2,4,1
1390,63000080-041,0,0,0,0,3,0,1,1,1
1391,63000080-031,0,0,0,0,3,0,1,1,1
1392,63000080-030,0,0,0,0,3,0,1,1,1
1393,63000080-043,0,0,0,0,3,1,1,1,1
1394,63000080-032,0,0,3,0,3,0,1,1,1
1395,63000080-037,1,1,3,0,3,0,1,1,1
1396,63000080-014,1,1,3,0,13,0,2,4,7
1397,63000080-018,0,0,3,0,3,0,1,1,1
1398,63000080-015,0,0,3,0,10,0,2,4,1
1399,63000080-016,1,0,3,0,7,0,2,4,7
1400,63000080-020,0,0,3,0,1,0,2,4,1
1401,63000080-022,1,0,9,0,13,0,2,4,7
1402,63000080-017,0,0,3,1,1,0,2,4,1
1403,63000080-021,1,0,9,0,2,0,2,4,8
1404,63000080-019,0,0,3,0,1,1,2,3,1
1405,63000080-013,0,0,3,0,6,0,2,4,8
1406,63000080-042,0,0,3,1,3,0,1,1,1
1407,63000080-024,1,0,7,0,1,0,2,4,1
1408,63000080-011,1,0,3,0,7,2,2,4,7
1409,63000080-010,1,0,6,0,6,2,2,4,8
1410,63000080-007,0,0,3,0,2,0,2,4,8
1411,63000080-012,1,0,13,0,6,0,2,4,8
1412,63000080-008,0,0,3,0,3,1,2,3,8
1413,63000080-039,1,0,9,0,7,0,2,4,7
1414,63000080-035,1,0,3,0,2,0,2,4,8
1415,63000080-033,0,0,3,0,7,0,2,4,7
1416,63000080-009,0,0,3,0,6,0,2,4,8
1417,63000080-023,1,0,7,0,1,0,2,4,1
1418,63000080-029,0,0,3,0,3,0,1,1,1
1419,63000010-004,0,0,3,0,3,0,1,1,1
1420,63000010-027,0,0,5,0,11,1,2,3,9
1421,63000010-026,0,0,9,0,13,0,2,4,9
1422,63000010-015,0,0,12,0,13,0,2,4,9
1423,63000010-009,0,0,9,0,3,1,1,1,1
1424,63000010-029,0,0,5,0,11,1,2,3,9
1425,63000010-022,0,0,1,0,6,1,2,3,8
1426,63000010-019,0,0,6,0,6,0,2,4,8
1427,63000010-008,0,0,6,0,3,0,1,1,1
1428,63000010-006,0,0,6,1,3,0,1,1,1
1429,63000010-033,0,0,12,0,13,1,2,3,9
1430,63000010-032,0,0,5,0,11,1,2,3,9
1431,63000010-031,0,0,5,0,11,1,2,3,9
1432,63000010-025,0,0,1,0,6,1,2,3,8
1433,63000010-018,0,2,4,0,13,2,2,4,8
1434,63000010-030,0,0,5,0,11,0,2,4,1
1435,63000010-007,1,0,6,0,3,0,1,1,1
1436,63000010-005,0,0,10,1,3,0,1,1,1
1437,63000010-024,0,0,8,0,6,1,2,3,8
1438,63000010-011,0,0,12,0,6,0,2,4,8
1439,63000010-014,0,0,12,0,13,1,2,3,9
1440,63000010-013,0,0,9,1,1,1,2,5,1
1441,63000010-003,0,0,9,1,1,0,2,4,1
1442,63000010-035,1,0,9,0,2,0,2,4,8
1443,63000010-016,0,0,9,0,2,0,2,4,8
1444,63000010-017,0,0,3,0,2,0,2,4,8
1445,63000010-034,0,0,5,0,11,0,2,4,1
1446,63000010-010,1,0,8,0,6,0,2,4,8
1447,63000010-028,1,0,12,0,13,0,2,4,8
1448,63000010-021,0,0,6,0,6,0,2,4,8
1449,63000010-002,1,0,6,0,11,2,1,1,1
1450,63000010-020,0,0,6,0,1,0,2,4,1
1451,63000010-012,0,0,9,0,6,0,2,4,8
1452,63000070-009,0,0,7,0,1,1,2,3,9
1453,63000070-027,0,1,3,0,3,1,1,1,1
1454,63000070-026,0,1,3,0,3,1,1,1,1
1455,63000070-035,0,1,9,1,3,0,1,1,1
1456,63000070-016,0,2,9,0,6,1,2,3,8
1457,63000070-024,0,2,9,0,3,2,1,1,1
1458,63000070-030,0,1,3,0,3,1,1,1,1
1459,63000070-023,0,1,3,0,3,2,1,1,1
1460,63000070-007,0,1,7,0,6,1,2,3,8
1461,63000070-010,0,2,7,0,6,1,2,3,8
1462,63000070-022,0,1,9,0,3,0,1,1,1
1463,63000070-034,0,2,3,0,3,0,1,1,1
1464,63000070-014,0,0,9,0,3,0,1,1,1
1465,63000070-021,0,2,9,0,3,1,1,1,1
1466,63000070-013,0,1,9,0,3,1,1,1,1
1467,63000070-004,0,0,7,0,6,1,2,3,8
1468,63000070-020,1,1,9,0,3,0,1,1,1
1469,63000070-033,0,1,6,0,4,2,1,1,1
1470,63000070-019,1,2,7,0,1,2,2,4,1
1471,63000070-029,1,1,3,0,4,2,1,1,1
1472,63000070-001,0,2,7,0,13,2,2,4,9
1473,63000070-008,0,1,7,0,6,1,2,3,8
1474,63000070-015,0,1,10,2,0,1,0,0,6
1475,63000070-017,0,2,9,0,3,1,1,1,1
1476,63000070-031,1,2,6,0,4,2,1,1,1
1477,63000070-005,0,2,12,0,10,0,2,4,1
1478,63000070-032,1,2,3,0,4,2,1,1,1
1479,63000070-018,1,2,3,0,3,2,1,1,1
1480,63000070-002,1,1,7,0,13,3,2,3,9
1481,63000070-003,0,1,12,0,7,1,2,3,9
1482,63000070-028,0,1,3,0,4,2,1,1,1
1483,63000070-025,0,2,3,0,3,2,1,1,1
1484,63000070-012,0,1,9,0,6,1,2,3,8
1485,63000070-006,1,2,7,0,7,2,2,4,7
1486,63000070-011,0,2,9,0,6,1,2,3,8
1487,63000070-036,1,1,1,0,3,2,1,1,1
