,V_ID,kmeans15,kmeans42,kmeans15Nocity,kmeans15NocityWithCounty,kmeans9,kmeans10
0,65000090-001,0,41,10,10,0,0
1,65000090-004,0,26,8,8,8,8
2,65000090-025,0,26,8,8,8,8
3,65000090-026,4,16,0,0,3,3
4,65000090-014,8,15,7,7,6,6
5,65000090-023,7,9,9,9,8,8
6,65000090-003,0,14,10,10,0,0
7,65000090-011,4,16,0,0,3,3
8,65000090-010,7,6,13,13,5,5
9,65000090-021,3,23,5,5,9,9
10,65000090-024,0,40,10,10,0,0
11,65000090-005,4,29,0,0,3,3
12,65000090-020,7,31,9,9,5,5
13,65000090-015,8,15,7,7,6,6
14,65000090-016,2,12,12,12,7,7
15,65000090-006,0,41,10,10,0,0
16,65000090-012,7,31,9,9,5,5
17,65000090-017,0,26,8,8,8,8
18,65000090-018,7,6,13,13,5,5
19,65000090-019,7,9,8,8,8,8
20,65000090-007,0,40,1,1,0,0
21,65000090-002,0,41,10,10,0,0
22,65000090-022,3,7,5,5,9,9
23,65000090-013,8,25,11,11,6,6
24,65000090-008,4,36,13,13,5,5
25,65000090-009,7,33,8,8,8,8
26,65000090-027,0,40,10,10,0,0
27,65000090-028,0,11,1,1,8,8
28,65000210-001,0,26,8,8,8,8
29,65000210-003,7,39,9,9,5,5
30,65000210-011,3,22,14,14,9,9
31,65000210-005,7,31,9,9,5,5
32,65000210-002,0,37,1,1,0,0
33,65000210-012,4,16,0,0,3,3
34,65000210-009,4,29,0,0,3,3
35,65000210-004,7,31,9,9,5,5
36,65000210-007,4,16,0,0,3,3
37,65000210-010,7,39,9,9,5,5
38,65000210-013,4,16,0,0,3,3
39,65000210-006,7,18,9,9,5,5
40,65000210-008,4,20,13,13,5,5
41,65000020-072,0,41,10,10,0,0
42,65000020-019,0,41,10,10,0,0
43,65000020-052,0,41,10,10,0,0
44,65000020-041,0,14,10,10,0,0
45,65000020-026,0,41,10,10,0,0
46,65000020-029,0,41,10,10,0,0
47,65000020-005,0,24,1,1,0,0
48,65000020-002,0,32,10,10,0,0
49,65000020-095,0,0,10,10,0,0
50,65000020-096,0,14,10,10,0,0
51,65000020-104,0,41,10,10,0,0
52,65000020-109,0,0,10,10,0,0
53,65000020-119,0,41,10,10,0,0
54,65000020-032,0,41,10,10,0,0
55,65000020-097,0,41,10,10,0,0
56,65000020-034,0,41,10,10,0,0
57,65000020-118,0,14,10,10,0,0
58,65000020-065,0,41,10,10,0,0
59,65000020-074,0,41,10,10,0,0
60,65000020-020,0,0,10,10,0,0
61,65000020-035,0,41,10,10,0,0
62,65000020-021,0,41,10,10,0,0
63,65000020-013,0,14,10,10,0,0
64,65000020-057,0,41,10,10,0,0
65,65000020-036,0,41,10,10,0,0
66,65000020-014,0,14,10,10,0,0
67,65000020-077,0,14,10,10,0,0
68,65000020-078,0,14,10,10,0,0
69,65000020-110,0,14,10,10,0,0
70,65000020-083,0,41,10,10,0,0
71,65000020-027,0,41,10,10,0,0
72,65000020-022,0,41,10,10,0,0
73,65000020-023,0,41,10,10,0,0
74,65000020-043,0,41,10,10,0,0
75,65000020-086,0,32,10,10,0,0
76,65000020-028,0,41,10,10,0,0
77,65000020-042,0,41,10,10,0,0
78,65000020-031,0,41,10,10,0,0
79,65000020-060,0,41,10,10,0,0
80,65000020-001,0,0,10,10,0,0
81,65000020-071,0,14,10,10,0,0
82,65000020-075,0,41,10,10,0,0
83,65000020-107,0,41,10,10,0,0
84,65000020-106,0,41,10,10,0,0
85,65000020-105,0,40,1,1,0,0
86,65000020-085,0,14,10,10,0,0
87,65000020-082,0,14,10,10,0,0
88,65000020-030,0,41,10,10,0,0
89,65000020-076,0,32,10,10,0,0
90,65000020-006,0,14,10,10,0,0
91,65000020-033,0,41,10,10,0,0
92,65000020-102,0,41,10,10,0,0
93,65000020-100,0,41,10,10,0,0
94,65000020-101,0,41,10,10,0,0
95,65000020-099,0,41,10,10,0,0
96,65000020-103,0,14,10,10,0,0
97,65000020-098,0,41,10,10,0,0
98,65000020-007,0,32,10,10,0,0
99,65000020-080,0,41,10,10,0,0
100,65000020-051,0,41,10,10,0,0
101,65000020-049,0,41,10,10,0,0
102,65000020-047,0,41,10,10,0,0
103,65000020-048,0,41,10,10,0,0
104,65000020-045,0,41,10,10,0,0
105,65000020-112,0,41,10,10,0,0
106,65000020-091,0,41,10,10,0,0
107,65000020-087,0,14,10,10,0,0
108,65000020-025,0,41,10,10,0,0
109,65000020-090,0,41,10,10,0,0
110,65000020-092,0,41,10,10,0,0
111,65000020-113,0,0,10,10,0,0
112,65000020-088,0,41,10,10,0,0
113,65000020-089,0,14,10,10,0,0
114,65000020-040,0,41,10,10,0,0
115,65000020-115,0,14,10,10,0,0
116,65000020-114,0,41,10,10,0,0
117,65000020-039,0,41,10,10,0,0
118,65000020-093,0,32,10,10,0,0
119,65000020-081,0,41,10,10,0,0
120,65000020-017,0,14,10,10,0,0
121,65000020-018,0,14,10,10,0,0
122,65000020-015,0,14,10,10,0,0
123,65000020-108,0,0,10,10,0,0
124,65000020-038,0,41,10,10,0,0
125,65000020-073,0,41,10,10,0,0
126,65000020-111,0,14,10,10,0,0
127,65000020-037,0,41,10,10,0,0
128,65000020-117,0,41,10,10,0,0
129,65000020-009,0,41,10,10,0,0
130,65000020-016,0,41,10,10,0,0
131,65000020-008,0,32,10,10,0,0
132,65000020-094,0,14,10,10,0,0
133,65000020-070,0,41,10,10,0,0
134,65000020-116,0,14,10,10,0,0
135,65000020-084,0,41,10,10,0,0
136,65000020-050,0,41,10,10,0,0
137,65000020-024,0,41,10,10,0,0
138,65000020-066,0,41,10,10,0,0
139,65000020-004,0,0,10,10,0,0
140,65000020-010,0,14,10,10,0,0
141,65000020-046,0,41,10,10,0,0
142,65000020-012,0,14,10,10,0,0
143,65000020-044,0,14,10,10,0,0
144,65000020-055,0,41,10,10,0,0
145,65000020-067,0,41,10,10,0,0
146,65000020-011,0,41,10,10,0,0
147,65000020-054,0,41,10,10,0,0
148,65000020-061,0,41,10,10,0,0
149,65000020-056,0,41,10,10,0,0
150,65000020-062,0,41,10,10,0,0
151,65000020-063,0,41,10,10,0,0
152,65000020-058,0,41,10,10,0,0
153,65000020-064,0,41,10,10,0,0
154,65000020-059,0,41,10,10,0,0
155,65000020-053,0,41,10,10,0,0
156,65000020-003,0,24,1,1,0,0
157,65000020-079,0,41,10,10,0,0
158,65000020-068,0,41,10,10,0,0
159,65000020-069,0,41,10,10,0,0
160,65000030-001,0,26,8,8,8,8
161,65000030-023,0,41,10,10,0,0
162,65000030-083,0,41,10,10,0,0
163,65000030-005,0,41,10,10,0,0
164,65000030-081,0,0,10,10,0,0
165,65000030-004,0,14,10,10,0,0
166,65000030-019,0,14,10,10,0,0
167,65000030-003,0,41,10,10,0,0
168,65000030-042,0,11,8,8,8,8
169,65000030-090,0,41,10,10,0,0
170,65000030-009,0,14,10,10,0,0
171,65000030-026,0,41,10,10,0,0
172,65000030-082,0,41,10,10,0,0
173,65000030-046,0,14,10,10,0,0
174,65000030-088,0,32,10,10,0,0
175,65000030-057,0,0,10,10,0,0
176,65000030-089,0,32,10,10,0,0
177,65000030-060,0,32,10,10,0,0
178,65000030-058,0,32,10,10,0,0
179,65000030-069,0,41,10,10,0,0
180,65000030-091,0,41,10,10,0,0
181,65000030-043,0,14,10,10,0,0
182,65000030-070,0,41,10,10,0,0
183,65000030-044,0,14,10,10,0,0
184,65000030-021,0,41,10,10,0,0
185,65000030-022,0,14,10,10,0,0
186,65000030-020,0,32,10,10,0,0
187,65000030-062,0,41,10,10,0,0
188,65000030-075,0,41,10,10,0,0
189,65000030-074,0,41,10,10,0,0
190,65000030-039,0,41,10,10,0,0
191,65000030-002,0,40,10,10,0,0
192,65000030-012,0,14,10,10,0,0
193,65000030-006,0,41,10,10,0,0
194,65000030-045,0,14,10,10,0,0
195,65000030-067,0,14,10,10,0,0
196,65000030-073,0,14,10,10,0,0
197,65000030-038,0,14,10,10,0,0
198,65000030-059,0,14,10,10,0,0
199,65000030-025,0,14,10,10,0,0
200,65000030-071,0,14,10,10,0,0
201,65000030-064,0,0,10,10,0,0
202,65000030-040,0,14,10,10,0,0
203,65000030-050,0,14,10,10,0,0
204,65000030-047,0,14,10,10,0,0
205,65000030-051,0,14,10,10,0,0
206,65000030-048,0,41,10,10,0,0
207,65000030-079,0,41,10,10,0,0
208,65000030-049,0,14,10,10,0,0
209,65000030-036,0,14,10,10,0,0
210,65000030-010,0,32,10,10,0,0
211,65000030-041,7,9,8,8,8,8
212,65000030-092,0,41,10,10,0,0
213,65000030-093,0,41,10,10,0,0
214,65000030-056,0,41,10,10,0,0
215,65000030-061,0,14,10,10,0,0
216,65000030-087,0,14,10,10,0,0
217,65000030-068,0,41,10,10,0,0
218,65000030-024,0,41,10,10,0,0
219,65000030-065,0,14,10,10,0,0
220,65000030-011,0,14,10,10,0,0
221,65000030-054,0,41,10,10,0,0
222,65000030-063,0,14,10,10,0,0
223,65000030-017,0,41,10,10,0,0
224,65000030-084,0,40,1,1,0,0
225,65000030-080,0,14,10,10,0,0
226,65000030-018,0,41,10,10,0,0
227,65000030-014,0,14,10,10,0,0
228,65000030-013,0,14,10,10,0,0
229,65000030-016,0,41,10,10,0,0
230,65000030-015,0,14,10,10,0,0
231,65000030-033,0,41,10,10,0,0
232,65000030-077,0,41,10,10,0,0
233,65000030-027,0,14,10,10,0,0
234,65000030-032,0,32,10,10,0,0
235,65000030-028,0,41,10,10,0,0
236,65000030-031,0,14,10,10,0,0
237,65000030-030,0,24,1,1,0,0
238,65000030-072,0,41,10,10,0,0
239,65000030-029,0,14,10,10,0,0
240,65000030-076,0,41,10,10,0,0
241,65000030-055,0,32,10,10,0,0
242,65000030-066,0,32,10,10,0,0
243,65000030-078,0,41,10,10,0,0
244,65000030-037,0,32,10,10,0,0
245,65000030-035,0,0,10,10,0,0
246,65000030-007,0,32,10,10,0,0
247,65000030-008,0,14,10,10,0,0
248,65000030-085,0,24,1,1,0,0
249,65000030-052,0,40,1,1,0,0
250,65000030-053,0,0,10,10,0,0
251,65000030-086,0,32,10,10,0,0
252,65000030-034,0,41,10,10,0,0
253,65000150-009,0,32,10,10,0,0
254,65000150-008,0,40,1,1,0,0
255,65000150-007,4,16,0,0,3,3
256,65000150-015,0,24,1,1,0,0
257,65000150-013,0,0,10,10,0,0
258,65000150-010,7,33,8,8,8,8
259,65000150-006,0,24,1,1,0,0
260,65000150-005,0,26,8,8,8,8
261,65000150-014,0,37,1,1,0,0
262,65000150-018,7,9,8,8,8,8
263,65000150-002,7,30,9,9,8,8
264,65000150-017,7,27,8,8,8,8
265,65000150-019,0,24,1,1,0,0
266,65000150-020,7,9,8,8,8,8
267,65000150-001,7,33,8,8,8,8
268,65000150-004,4,16,0,0,3,3
269,65000150-012,0,41,10,10,0,0
270,65000150-011,0,41,10,10,0,0
271,65000150-003,7,27,8,8,8,8
272,65000150-016,7,27,8,8,8,8
273,65000230-010,7,18,9,9,5,5
274,65000230-004,7,31,9,9,5,5
275,65000230-003,7,6,13,13,5,5
276,65000230-002,4,16,0,0,3,3
277,65000230-006,7,33,8,8,8,8
278,65000230-008,7,18,9,9,5,5
279,65000230-007,7,33,8,8,8,8
280,65000230-009,4,34,11,11,3,3
281,65000230-005,7,27,8,8,8,8
282,65000230-001,4,36,13,13,5,5
283,65000130-017,0,41,10,10,0,0
284,65000130-041,0,14,10,10,0,0
285,65000130-004,0,40,10,10,0,0
286,65000130-037,0,14,10,10,0,0
287,65000130-003,0,0,10,10,0,0
288,65000130-033,0,40,10,10,0,0
289,65000130-002,0,41,10,10,0,0
290,65000130-001,7,9,9,9,8,8
291,65000130-010,0,14,10,10,0,0
292,65000130-020,7,31,9,9,5,5
293,65000130-042,0,14,10,10,0,0
294,65000130-029,0,14,10,10,0,0
295,65000130-039,0,41,10,10,0,0
296,65000130-031,0,41,10,10,0,0
297,65000130-018,0,14,10,10,0,0
298,65000130-028,0,14,10,10,0,0
299,65000130-044,0,14,10,10,0,0
300,65000130-034,0,24,1,1,0,0
301,65000130-040,0,14,10,10,0,0
302,65000130-030,0,32,10,10,0,0
303,65000130-047,0,41,10,10,0,0
304,65000130-019,7,27,8,8,8,8
305,65000130-035,0,14,10,10,0,0
306,65000130-007,0,40,1,1,0,0
307,65000130-006,0,32,10,10,0,0
308,65000130-043,0,32,10,10,0,0
309,65000130-009,0,24,1,1,0,0
310,65000130-027,0,41,10,10,0,0
311,65000130-038,0,32,10,10,0,0
312,65000130-021,7,30,9,9,8,8
313,65000130-014,0,32,10,10,0,0
314,65000130-022,7,27,8,8,8,8
315,65000130-015,4,36,13,13,5,5
316,65000130-013,0,40,1,1,0,0
317,65000130-012,0,14,10,10,0,0
318,65000130-016,0,0,10,10,0,0
319,65000130-011,0,41,10,10,0,0
320,65000130-026,7,31,9,9,5,5
321,65000130-036,0,0,10,10,0,0
322,65000130-008,0,32,10,10,0,0
323,65000130-046,0,41,10,10,0,0
324,65000130-005,0,41,10,10,0,0
325,65000130-045,0,0,10,10,0,0
326,65000130-032,0,0,10,10,0,0
327,65000130-023,0,11,8,8,8,8
328,65000130-025,0,14,10,10,0,0
329,65000130-024,0,0,10,10,0,0
330,65000200-005,8,15,7,7,6,6
331,65000200-002,7,18,9,9,5,5
332,65000200-003,5,4,4,4,4,4
333,65000200-006,8,25,11,11,6,6
334,65000200-007,5,17,4,4,4,4
335,65000200-004,0,41,10,10,0,0
336,65000200-001,5,21,4,4,4,4
337,65000240-011,7,33,8,8,8,8
338,65000240-009,4,28,0,0,3,3
339,65000240-006,4,20,13,13,5,5
340,65000240-010,4,8,0,0,3,3
341,65000240-005,7,30,9,9,8,8
342,65000240-012,8,13,11,11,3,3
343,65000240-008,4,8,0,0,3,3
344,65000240-007,3,10,14,14,9,9
345,65000240-003,0,11,8,8,8,8
346,65000240-004,7,18,9,9,5,5
347,65000240-002,0,37,1,1,8,8
348,65000240-001,7,31,9,9,5,5
349,65000060-013,7,30,9,9,8,8
350,65000060-054,0,40,10,10,0,0
351,65000060-052,0,11,1,1,8,8
352,65000060-044,0,32,10,10,0,0
353,65000060-037,0,40,1,1,0,0
354,65000060-045,0,40,10,10,0,0
355,65000060-041,0,41,10,10,0,0
356,65000060-046,0,41,10,10,0,0
357,65000060-008,0,32,10,10,0,0
358,65000060-016,7,27,8,8,8,8
359,65000060-057,0,14,10,10,0,0
360,65000060-053,0,41,10,10,0,0
361,65000060-023,4,36,13,13,5,5
362,65000060-033,0,0,10,10,0,0
363,65000060-001,0,14,10,10,0,0
364,65000060-021,4,28,0,0,3,3
365,65000060-004,0,14,10,10,0,0
366,65000060-003,0,14,10,10,0,0
367,65000060-010,0,14,10,10,0,0
368,65000060-011,0,37,1,1,0,0
369,65000060-056,7,27,8,8,8,8
370,65000060-064,0,14,10,10,0,0
371,65000060-007,0,14,10,10,0,0
372,65000060-058,7,27,8,8,8,8
373,65000060-006,0,0,10,10,0,0
374,65000060-059,0,0,10,10,0,0
375,65000060-026,8,38,7,7,6,6
376,65000060-035,0,14,10,10,0,0
377,65000060-028,3,7,5,5,9,9
378,65000060-061,0,41,10,10,0,0
379,65000060-040,0,32,10,10,0,0
380,65000060-032,0,14,10,10,0,0
381,65000060-062,0,24,1,1,0,0
382,65000060-017,7,31,9,9,5,5
383,65000060-009,0,32,10,10,0,0
384,65000060-043,0,41,10,10,0,0
385,65000060-034,0,0,10,10,0,0
386,65000060-036,0,41,10,10,0,0
387,65000060-066,0,32,10,10,0,0
388,65000060-042,0,14,10,10,0,0
389,65000060-031,0,14,10,10,0,0
390,65000060-039,0,41,10,10,0,0
391,65000060-038,0,32,10,10,0,0
392,65000060-019,4,20,13,13,5,5
393,65000060-055,0,32,10,10,0,0
394,65000060-002,0,14,10,10,0,0
395,65000060-014,0,26,8,8,8,8
396,65000060-015,0,32,10,10,0,0
397,65000060-067,0,32,10,10,0,0
398,65000060-005,0,32,10,10,0,0
399,65000060-020,0,32,10,10,0,0
400,65000060-048,0,14,10,10,0,0
401,65000060-047,0,14,10,10,0,0
402,65000060-050,0,14,10,10,0,0
403,65000060-029,7,39,9,9,5,5
404,65000060-049,0,41,10,10,0,0
405,65000060-051,0,0,10,10,0,0
406,65000060-025,4,16,0,0,3,3
407,65000060-063,0,32,10,10,0,0
408,65000060-022,0,26,8,8,8,8
409,65000060-069,4,20,13,13,5,5
410,65000060-068,0,40,10,10,0,0
411,65000060-065,0,24,1,1,0,0
412,65000060-024,8,25,11,11,6,6
413,65000060-018,4,16,0,0,3,3
414,65000060-030,7,27,8,8,8,8
415,65000060-012,0,37,1,1,0,0
416,65000060-060,0,26,8,8,8,8
417,65000060-027,4,8,0,0,3,3
418,65000050-054,0,14,10,10,0,0
419,65000050-058,0,41,10,10,0,0
420,65000050-053,0,24,1,1,0,0
421,65000050-014,0,14,10,10,0,0
422,65000050-057,0,41,10,10,0,0
423,65000050-075,0,14,10,10,0,0
424,65000050-017,0,41,10,10,0,0
425,65000050-023,0,14,10,10,0,0
426,65000050-011,0,14,10,10,0,0
427,65000050-051,0,41,10,10,0,0
428,65000050-020,0,41,10,10,0,0
429,65000050-052,0,32,10,10,0,0
430,65000050-043,7,9,9,9,8,8
431,65000050-028,0,41,10,10,0,0
432,65000050-061,0,41,10,10,0,0
433,65000050-030,0,14,10,10,0,0
434,65000050-084,0,41,10,10,0,0
435,65000050-044,0,14,10,10,0,0
436,65000050-041,0,41,10,10,0,0
437,65000050-083,0,41,10,10,0,0
438,65000050-038,0,14,10,10,0,0
439,65000050-004,0,41,10,10,0,0
440,65000050-060,0,41,10,10,0,0
441,65000050-012,0,41,10,10,0,0
442,65000050-036,0,40,1,1,0,0
443,65000050-027,0,14,10,10,0,0
444,65000050-046,0,41,10,10,0,0
445,65000050-033,0,14,10,10,0,0
446,65000050-055,0,41,10,10,0,0
447,65000050-003,0,32,10,10,0,0
448,65000050-024,0,41,10,10,0,0
449,65000050-078,0,41,10,10,0,0
450,65000050-047,0,41,10,10,0,0
451,65000050-070,0,0,10,10,0,0
452,65000050-056,0,41,10,10,0,0
453,65000050-069,0,41,10,10,0,0
454,65000050-009,0,14,10,10,0,0
455,65000050-007,0,32,10,10,0,0
456,65000050-025,0,0,10,10,0,0
457,65000050-039,0,41,10,10,0,0
458,65000050-008,0,14,10,10,0,0
459,65000050-071,0,14,10,10,0,0
460,65000050-019,0,14,10,10,0,0
461,65000050-022,0,0,10,10,0,0
462,65000050-065,0,14,10,10,0,0
463,65000050-010,0,41,10,10,0,0
464,65000050-073,0,41,10,10,0,0
465,65000050-064,0,40,1,1,0,0
466,65000050-063,0,41,10,10,0,0
467,65000050-074,0,41,10,10,0,0
468,65000050-016,0,32,10,10,0,0
469,65000050-081,0,14,10,10,0,0
470,65000050-032,0,14,10,10,0,0
471,65000050-082,0,41,10,10,0,0
472,65000050-035,0,41,10,10,0,0
473,65000050-077,0,32,10,10,0,0
474,65000050-001,0,14,10,10,0,0
475,65000050-040,0,26,8,8,8,8
476,65000050-018,7,27,8,8,8,8
477,65000050-080,0,41,10,10,0,0
478,65000050-005,0,37,1,1,0,0
479,65000050-068,0,24,1,1,0,0
480,65000050-072,0,0,10,10,0,0
481,65000050-026,0,14,10,10,0,0
482,65000050-034,0,41,10,10,0,0
483,65000050-062,0,32,10,10,0,0
484,65000050-076,0,0,10,10,0,0
485,65000050-029,0,0,10,10,0,0
486,65000050-037,0,14,10,10,0,0
487,65000050-059,0,32,10,10,0,0
488,65000050-031,0,14,10,10,0,0
489,65000050-049,0,41,10,10,0,0
490,65000050-042,0,41,10,10,0,0
491,65000050-045,0,14,10,10,0,0
492,65000050-013,0,14,10,10,0,0
493,65000050-066,0,14,10,10,0,0
494,65000050-021,0,32,10,10,0,0
495,65000050-015,7,27,8,8,8,8
496,65000050-006,0,14,10,10,0,0
497,65000050-048,0,26,8,8,8,8
498,65000050-002,0,24,1,1,0,0
499,65000050-067,0,41,10,10,0,0
500,65000050-079,0,41,10,10,0,0
501,65000050-050,0,32,10,10,0,0
502,65000010-092,0,40,10,10,0,0
503,65000010-010,0,37,1,1,0,0
504,65000010-058,0,41,10,10,0,0
505,65000010-123,0,14,10,10,0,0
506,65000010-081,0,14,10,10,0,0
507,65000010-034,0,41,10,10,0,0
508,65000010-026,0,41,10,10,0,0
509,65000010-088,0,14,10,10,0,0
510,65000010-091,0,14,10,10,0,0
511,65000010-060,0,14,10,10,0,0
512,65000010-053,0,40,10,10,0,0
513,65000010-114,0,41,10,10,0,0
514,65000010-013,0,41,10,10,0,0
515,65000010-021,0,41,10,10,0,0
516,65000010-036,0,41,10,10,0,0
517,65000010-082,0,41,10,10,0,0
518,65000010-014,0,41,10,10,0,0
519,65000010-073,0,14,10,10,0,0
520,65000010-054,0,14,10,10,0,0
521,65000010-061,0,41,10,10,0,0
522,65000010-112,0,0,10,10,0,0
523,65000010-094,0,14,10,10,0,0
524,65000010-125,0,41,10,10,0,0
525,65000010-079,0,14,10,10,0,0
526,65000010-033,0,40,1,1,0,0
527,65000010-107,0,41,10,10,0,0
528,65000010-120,0,41,10,10,0,0
529,65000010-098,0,0,10,10,0,0
530,65000010-045,0,41,10,10,0,0
531,65000010-023,0,14,10,10,0,0
532,65000010-078,0,14,10,10,0,0
533,65000010-064,0,41,10,10,0,0
534,65000010-083,0,0,10,10,0,0
535,65000010-019,0,41,10,10,0,0
536,65000010-110,0,41,10,10,0,0
537,65000010-093,0,14,10,10,0,0
538,65000010-037,0,14,10,10,0,0
539,65000010-044,0,32,10,10,0,0
540,65000010-024,0,14,10,10,0,0
541,65000010-048,0,32,10,10,0,0
542,65000010-113,0,40,10,10,0,0
543,65000010-052,0,0,10,10,0,0
544,65000010-051,0,14,10,10,0,0
545,65000010-005,0,14,10,10,0,0
546,65000010-104,0,14,10,10,0,0
547,65000010-103,0,41,10,10,0,0
548,65000010-046,0,14,10,10,0,0
549,65000010-119,0,41,10,10,0,0
550,65000010-027,0,41,10,10,0,0
551,65000010-022,0,0,10,10,0,0
552,65000010-105,0,14,10,10,0,0
553,65000010-102,0,41,10,10,0,0
554,65000010-035,0,14,10,10,0,0
555,65000010-007,0,14,10,10,0,0
556,65000010-039,0,14,10,10,0,0
557,65000010-075,0,14,10,10,0,0
558,65000010-117,0,41,10,10,0,0
559,65000010-068,0,14,10,10,0,0
560,65000010-122,0,41,10,10,0,0
561,65000010-118,0,14,10,10,0,0
562,65000010-040,0,41,10,10,0,0
563,65000010-041,0,24,1,1,0,0
564,65000010-126,0,24,1,1,0,0
565,65000010-108,0,41,10,10,0,0
566,65000010-115,0,41,10,10,0,0
567,65000010-072,0,14,10,10,0,0
568,65000010-018,0,41,10,10,0,0
569,65000010-109,0,41,10,10,0,0
570,65000010-062,0,41,10,10,0,0
571,65000010-029,0,14,10,10,0,0
572,65000010-002,0,41,10,10,0,0
573,65000010-089,0,24,1,1,0,0
574,65000010-057,0,14,10,10,0,0
575,65000010-065,0,0,10,10,0,0
576,65000010-050,0,32,10,10,0,0
577,65000010-015,0,41,10,10,0,0
578,65000010-017,0,41,10,10,0,0
579,65000010-006,0,32,10,10,0,0
580,65000010-100,0,14,10,10,0,0
581,65000010-099,0,14,10,10,0,0
582,65000010-124,0,26,8,8,8,8
583,65000010-031,0,37,1,1,0,0
584,65000010-038,0,41,10,10,0,0
585,65000010-020,0,14,10,10,0,0
586,65000010-059,0,14,10,10,0,0
587,65000010-001,0,41,10,10,0,0
588,65000010-025,0,41,10,10,0,0
589,65000010-008,0,32,10,10,0,0
590,65000010-070,0,0,10,10,0,0
591,65000010-056,0,14,10,10,0,0
592,65000010-095,0,24,1,1,0,0
593,65000010-074,0,14,10,10,0,0
594,65000010-076,0,14,10,10,0,0
595,65000010-071,0,14,10,10,0,0
596,65000010-049,0,32,10,10,0,0
597,65000010-030,0,14,10,10,0,0
598,65000010-096,0,0,10,10,0,0
599,65000010-032,0,41,10,10,0,0
600,65000010-011,0,14,10,10,0,0
601,65000010-012,0,41,10,10,0,0
602,65000010-121,0,41,10,10,0,0
603,65000010-106,0,41,10,10,0,0
604,65000010-090,0,24,1,1,0,0
605,65000010-086,0,0,10,10,0,0
606,65000010-087,0,40,1,1,0,0
607,65000010-028,0,14,10,10,0,0
608,65000010-111,0,41,10,10,0,0
609,65000010-043,0,14,10,10,0,0
610,65000010-084,0,41,10,10,0,0
611,65000010-085,0,41,10,10,0,0
612,65000010-067,0,41,10,10,0,0
613,65000010-003,0,41,10,10,0,0
614,65000010-077,0,32,10,10,0,0
615,65000010-080,0,32,10,10,0,0
616,65000010-016,0,41,10,10,0,0
617,65000010-055,0,14,10,10,0,0
618,65000010-069,0,14,10,10,0,0
619,65000010-116,0,41,10,10,0,0
620,65000010-063,0,14,10,10,0,0
621,65000010-047,0,41,10,10,0,0
622,65000010-066,0,14,10,10,0,0
623,65000010-009,0,0,10,10,0,0
624,65000010-101,0,32,10,10,0,0
625,65000010-004,0,14,10,10,0,0
626,65000010-097,0,32,10,10,0,0
627,65000010-042,0,14,10,10,0,0
628,65000170-011,8,34,11,11,3,3
629,65000170-005,7,39,9,9,5,5
630,65000170-015,0,0,10,10,0,0
631,65000170-008,7,6,13,13,5,5
632,65000170-012,4,8,0,0,3,3
633,65000170-014,4,35,13,13,5,5
634,65000170-009,0,40,1,1,0,0
635,65000170-001,7,30,9,9,8,8
636,65000170-002,0,37,1,1,8,8
637,65000170-006,7,39,9,9,5,5
638,65000170-007,7,39,9,9,8,8
639,65000170-013,4,20,13,13,5,5
640,65000170-004,0,24,1,1,0,0
641,65000170-003,0,11,1,1,8,8
642,65000170-010,4,28,0,0,3,3
643,65000170-017,0,40,1,1,0,0
644,65000170-016,0,0,10,10,0,0
645,65000070-007,0,41,10,10,0,0
646,65000070-001,0,40,10,10,0,0
647,65000070-002,0,40,1,1,0,0
648,65000070-003,0,11,1,1,8,8
649,65000070-042,0,0,10,10,0,0
650,65000070-036,0,26,8,8,8,8
651,65000070-038,0,41,10,10,0,0
652,65000070-005,0,32,10,10,0,0
653,65000070-031,0,11,1,1,8,8
654,65000070-025,7,33,8,8,8,8
655,65000070-024,0,26,8,8,8,8
656,65000070-015,0,0,10,10,0,0
657,65000070-004,0,24,1,1,0,0
658,65000070-040,0,0,10,10,0,0
659,65000070-041,0,40,1,1,0,0
660,65000070-028,0,0,10,10,0,0
661,65000070-012,7,9,8,8,8,8
662,65000070-014,0,14,10,10,0,0
663,65000070-039,0,14,10,10,0,0
664,65000070-035,0,37,1,1,0,0
665,65000070-016,0,24,1,1,0,0
666,65000070-017,0,32,10,10,0,0
667,65000070-033,0,37,1,1,0,0
668,65000070-034,0,14,10,10,0,0
669,65000070-022,7,9,9,9,8,8
670,65000070-018,7,6,13,13,5,5
671,65000070-020,0,32,10,10,0,0
672,65000070-019,0,32,10,10,0,0
673,65000070-026,0,37,1,1,0,0
674,65000070-021,7,18,9,9,5,5
675,65000070-011,0,14,10,10,0,0
676,65000070-027,0,41,10,10,0,0
677,65000070-010,0,14,10,10,0,0
678,65000070-008,0,41,10,10,0,0
679,65000070-013,0,32,10,10,0,0
680,65000070-030,0,14,10,10,0,0
681,65000070-029,0,32,10,10,0,0
682,65000070-009,0,14,10,10,0,0
683,65000070-006,0,37,1,1,0,0
684,65000070-037,0,14,10,10,0,0
685,65000070-023,7,33,8,8,8,8
686,65000070-032,0,24,1,1,0,0
687,65000040-051,0,14,10,10,0,0
688,65000040-022,0,41,10,10,0,0
689,65000040-046,0,14,10,10,0,0
690,65000040-014,0,14,10,10,0,0
691,65000040-018,0,41,10,10,0,0
692,65000040-005,0,41,10,10,0,0
693,65000040-013,0,32,10,10,0,0
694,65000040-033,0,14,10,10,0,0
695,65000040-062,0,32,10,10,0,0
696,65000040-057,0,41,10,10,0,0
697,65000040-036,0,41,10,10,0,0
698,65000040-004,0,41,10,10,0,0
699,65000040-043,0,41,10,10,0,0
700,65000040-019,0,41,10,10,0,0
701,65000040-027,0,41,10,10,0,0
702,65000040-044,0,14,10,10,0,0
703,65000040-042,0,41,10,10,0,0
704,65000040-032,0,41,10,10,0,0
705,65000040-025,0,41,10,10,0,0
706,65000040-056,0,41,10,10,0,0
707,65000040-058,0,41,10,10,0,0
708,65000040-039,0,14,10,10,0,0
709,65000040-037,0,41,10,10,0,0
710,65000040-010,0,41,10,10,0,0
711,65000040-002,0,41,10,10,0,0
712,65000040-045,0,41,10,10,0,0
713,65000040-041,0,41,10,10,0,0
714,65000040-040,0,14,10,10,0,0
715,65000040-055,0,41,10,10,0,0
716,65000040-053,0,41,10,10,0,0
717,65000040-059,0,41,10,10,0,0
718,65000040-016,0,14,10,10,0,0
719,65000040-034,0,41,10,10,0,0
720,65000040-035,0,41,10,10,0,0
721,65000040-017,0,14,10,10,0,0
722,65000040-008,0,41,10,10,0,0
723,65000040-049,0,41,10,10,0,0
724,65000040-026,0,41,10,10,0,0
725,65000040-011,0,41,10,10,0,0
726,65000040-015,0,41,10,10,0,0
727,65000040-009,0,41,10,10,0,0
728,65000040-061,0,41,10,10,0,0
729,65000040-007,0,41,10,10,0,0
730,65000040-054,0,41,10,10,0,0
731,65000040-006,0,41,10,10,0,0
732,65000040-028,0,41,10,10,0,0
733,65000040-048,0,41,10,10,0,0
734,65000040-030,0,14,10,10,0,0
735,65000040-031,0,41,10,10,0,0
736,65000040-038,0,14,10,10,0,0
737,65000040-001,0,41,10,10,0,0
738,65000040-060,0,41,10,10,0,0
739,65000040-047,0,32,10,10,0,0
740,65000040-050,0,41,10,10,0,0
741,65000040-021,0,41,10,10,0,0
742,65000040-020,0,41,10,10,0,0
743,65000040-012,0,41,10,10,0,0
744,65000040-023,0,41,10,10,0,0
745,65000040-052,0,41,10,10,0,0
746,65000040-003,0,41,10,10,0,0
747,65000040-024,0,41,10,10,0,0
748,65000040-029,0,41,10,10,0,0
749,65000110-026,0,0,10,10,0,0
750,65000110-028,0,41,10,10,0,0
751,65000110-011,0,11,1,1,8,8
752,65000110-050,0,11,8,8,8,8
753,65000110-012,0,37,1,1,0,0
754,65000110-004,0,41,10,10,0,0
755,65000110-017,7,6,13,13,5,5
756,65000110-020,0,40,10,10,0,0
757,65000110-019,0,0,10,10,0,0
758,65000110-029,0,32,10,10,0,0
759,65000110-048,0,14,10,10,0,0
760,65000110-041,0,41,10,10,0,0
761,65000110-025,0,14,10,10,0,0
762,65000110-040,0,24,1,1,0,0
763,65000110-042,0,24,1,1,0,0
764,65000110-036,0,14,10,10,0,0
765,65000110-047,0,32,10,10,0,0
766,65000110-008,0,32,10,10,0,0
767,65000110-030,0,40,1,1,0,0
768,65000110-037,0,40,1,1,0,0
769,65000110-015,7,33,8,8,8,8
770,65000110-032,0,40,1,1,0,0
771,65000110-007,0,14,10,10,0,0
772,65000110-003,0,40,1,1,0,0
773,65000110-039,0,11,1,1,8,8
774,65000110-023,8,25,11,11,6,6
775,65000110-018,0,37,1,1,0,0
776,65000110-005,0,14,10,10,0,0
777,65000110-022,7,33,8,8,8,8
778,65000110-014,0,26,8,8,8,8
779,65000110-027,0,37,1,1,0,0
780,65000110-043,7,33,8,8,8,8
781,65000110-049,0,0,10,10,0,0
782,65000110-016,8,25,11,11,6,6
783,65000110-038,0,11,1,1,8,8
784,65000110-021,8,2,7,7,6,6
785,65000110-045,0,14,10,10,0,0
786,65000110-024,0,40,10,10,0,0
787,65000110-034,0,14,10,10,0,0
788,65000110-002,0,41,10,10,0,0
789,65000110-046,0,11,1,1,8,8
790,65000110-006,0,32,10,10,0,0
791,65000110-001,0,14,10,10,0,0
792,65000110-031,0,32,10,10,0,0
793,65000110-035,0,41,10,10,0,0
794,65000110-009,7,31,9,9,5,5
795,65000110-013,7,27,8,8,8,8
796,65000110-033,0,32,10,10,0,0
797,65000110-010,0,40,1,1,0,0
798,65000110-044,4,36,13,13,5,5
799,65000160-017,0,14,10,10,0,0
800,65000160-006,0,11,1,1,8,8
801,65000160-011,0,14,10,10,0,0
802,65000160-001,4,29,0,0,3,3
803,65000160-003,0,40,1,1,0,0
804,65000160-014,0,14,10,10,0,0
805,65000160-008,0,40,1,1,0,0
806,65000160-005,0,26,8,8,8,8
807,65000160-013,0,0,10,10,0,0
808,65000160-004,0,14,10,10,0,0
809,65000160-016,0,14,10,10,0,0
810,65000160-012,0,26,8,8,8,8
811,65000160-007,0,40,10,10,0,0
812,65000160-010,0,37,1,1,0,0
813,65000160-009,0,11,8,8,8,8
814,65000160-015,0,0,10,10,0,0
815,65000160-002,7,9,9,9,8,8
816,65000100-001,7,30,9,9,8,8
817,65000100-023,0,40,10,10,0,0
818,65000100-020,7,39,9,9,5,5
819,65000100-012,7,18,9,9,5,5
820,65000100-038,0,40,10,10,0,0
821,65000100-027,0,14,10,10,0,0
822,65000100-016,7,9,9,9,8,8
823,65000100-009,7,9,8,8,8,8
824,65000100-042,0,24,1,1,0,0
825,65000100-041,0,11,8,8,8,8
826,65000100-002,7,30,9,9,8,8
827,65000100-008,7,6,13,13,5,5
828,65000100-040,0,40,1,1,0,0
829,65000100-014,7,39,9,9,5,5
830,65000100-007,7,18,9,9,5,5
831,65000100-031,0,37,1,1,0,0
832,65000100-035,0,0,10,10,0,0
833,65000100-036,0,14,10,10,0,0
834,65000100-030,0,0,10,10,0,0
835,65000100-034,0,14,10,10,0,0
836,65000100-010,0,32,10,10,0,0
837,65000100-015,7,6,13,13,5,5
838,65000100-037,0,14,10,10,0,0
839,65000100-029,0,0,10,10,0,0
840,65000100-039,0,32,10,10,0,0
841,65000100-019,7,33,8,8,8,8
842,65000100-013,8,34,11,11,3,3
843,65000100-011,0,32,10,10,0,0
844,65000100-028,0,41,10,10,0,0
845,65000100-033,7,30,9,9,8,8
846,65000100-032,7,26,8,8,8,8
847,65000100-025,0,41,10,10,0,0
848,65000100-017,0,24,1,1,0,0
849,65000100-018,0,32,10,10,0,0
850,65000100-021,7,33,8,8,8,8
851,65000100-006,7,31,9,9,5,5
852,65000100-004,7,31,9,9,5,5
853,65000100-026,0,0,10,10,0,0
854,65000100-005,7,6,13,13,5,5
855,65000100-003,7,6,13,13,5,5
856,65000100-022,0,0,10,10,0,0
857,65000100-024,0,41,10,10,0,0
858,65000180-003,7,27,8,8,8,8
859,65000180-006,0,40,1,1,0,0
860,65000180-004,4,34,11,11,3,3
861,65000180-001,0,40,1,1,0,0
862,65000180-007,7,31,9,9,5,5
863,65000180-002,0,0,10,10,0,0
864,65000180-008,0,26,8,8,8,8
865,65000180-005,4,36,13,13,5,5
866,65000290-004,5,4,4,4,4,4
867,65000290-005,6,1,2,2,1,1
868,65000290-002,3,10,14,14,9,9
869,65000290-001,8,2,7,7,6,6
870,65000290-003,1,3,3,3,2,2
871,65000120-027,0,41,10,10,0,0
872,65000120-028,0,41,10,10,0,0
873,65000120-010,8,13,11,11,3,3
874,65000120-013,4,29,0,0,3,3
875,65000120-015,7,39,9,9,8,8
876,65000120-032,4,29,0,0,3,3
877,65000120-012,0,0,10,10,0,0
878,65000120-011,7,18,9,9,5,5
879,65000120-018,0,24,1,1,0,0
880,65000120-020,0,32,10,10,0,0
881,65000120-016,7,18,9,9,5,5
882,65000120-023,0,40,10,10,0,0
883,65000120-034,7,39,9,9,8,8
884,65000120-009,0,24,1,1,0,0
885,65000120-008,7,26,8,8,8,8
886,65000120-019,0,0,10,10,0,0
887,65000120-029,7,6,13,13,5,5
888,65000120-031,7,33,8,8,8,8
889,65000120-007,0,41,10,10,0,0
890,65000120-014,7,30,9,9,8,8
891,65000120-030,7,27,8,8,8,8
892,65000120-024,0,11,8,8,8,8
893,65000120-026,0,11,1,1,8,8
894,65000120-017,4,28,0,0,3,3
895,65000120-021,0,0,10,10,0,0
896,65000120-025,0,26,8,8,8,8
897,65000120-022,0,40,10,10,0,0
898,65000120-033,7,9,8,8,8,8
899,65000120-006,0,32,10,10,0,0
900,65000120-005,7,27,8,8,8,8
901,65000120-004,0,14,10,10,0,0
902,65000120-001,0,41,10,10,0,0
903,65000120-002,0,14,10,10,0,0
904,65000120-003,0,0,10,10,0,0
905,65000190-008,4,36,13,13,5,5
906,65000190-009,4,28,0,0,3,3
907,65000190-005,7,18,9,9,5,5
908,65000190-012,3,23,5,5,9,9
909,65000190-011,2,5,6,6,7,7
910,65000190-007,4,16,0,0,3,3
911,65000190-002,4,34,11,11,3,3
912,65000190-004,8,25,11,11,6,6
913,65000190-001,0,0,10,10,0,0
914,65000190-010,0,11,1,1,8,8
915,65000190-006,8,15,7,7,6,6
916,65000190-003,7,6,13,13,5,5
917,65000220-007,8,34,11,11,3,3
918,65000220-002,4,36,13,13,5,5
919,65000220-006,4,36,13,13,5,5
920,65000220-004,8,25,11,11,6,6
921,65000220-001,4,36,13,13,5,5
922,65000220-005,4,36,13,13,5,5
923,65000220-003,7,6,13,13,5,5
924,65000220-008,4,20,13,13,5,5
925,65000220-009,4,35,0,0,3,3
926,65000280-009,7,6,13,13,5,5
927,65000280-010,0,40,1,1,0,0
928,65000280-004,7,18,9,9,5,5
929,65000280-008,0,41,10,10,0,0
930,65000280-007,8,15,7,7,6,6
931,65000280-005,8,34,11,11,3,3
932,65000280-001,7,39,9,9,8,8
933,65000280-003,4,35,13,13,3,3
934,65000280-006,8,15,7,7,6,6
935,65000280-002,7,31,9,9,5,5
936,65000140-002,0,32,10,10,0,0
937,65000140-025,0,14,10,10,0,0
938,65000140-003,0,14,10,10,0,0
939,65000140-024,0,41,10,10,0,0
940,65000140-013,0,41,10,10,0,0
941,65000140-027,0,41,10,10,0,0
942,65000140-022,0,41,10,10,0,0
943,65000140-028,0,41,10,10,0,0
944,65000140-005,0,14,10,10,0,0
945,65000140-012,0,32,10,10,0,0
946,65000140-030,0,24,1,1,0,0
947,65000140-018,0,41,10,10,0,0
948,65000140-029,0,14,10,10,0,0
949,65000140-004,0,41,10,10,0,0
950,65000140-015,0,32,10,10,0,0
951,65000140-036,0,41,10,10,0,0
952,65000140-026,0,0,10,10,0,0
953,65000140-014,0,14,10,10,0,0
954,65000140-020,0,24,1,1,0,0
955,65000140-033,0,41,10,10,0,0
956,65000140-023,0,41,10,10,0,0
957,65000140-009,0,32,10,10,0,0
958,65000140-037,0,14,10,10,0,0
959,65000140-007,0,32,10,10,0,0
960,65000140-011,0,41,10,10,0,0
961,65000140-001,0,24,1,1,0,0
962,65000140-032,0,14,10,10,0,0
963,65000140-021,0,24,1,1,0,0
964,65000140-006,0,32,10,10,0,0
965,65000140-035,0,14,10,10,0,0
966,65000140-017,0,14,10,10,0,0
967,65000140-038,0,41,10,10,0,0
968,65000140-016,0,14,10,10,0,0
969,65000140-010,0,32,10,10,0,0
970,65000140-019,0,14,10,10,0,0
971,65000140-034,0,41,10,10,0,0
972,65000140-031,0,14,10,10,0,0
973,65000140-008,0,14,10,10,0,0
974,65000260-007,7,31,9,9,5,5
975,65000260-002,3,22,14,14,9,9
976,65000260-011,8,15,7,7,6,6
977,65000260-008,7,39,9,9,5,5
978,65000260-009,8,25,11,11,6,6
979,65000260-006,8,15,7,7,6,6
980,65000260-010,8,2,7,7,6,6
981,65000260-001,4,36,13,13,5,5
982,65000260-003,8,38,7,7,6,6
983,65000260-004,4,29,0,0,3,3
984,65000260-005,7,31,9,9,5,5
985,65000270-010,7,30,9,9,8,8
986,65000270-006,4,35,13,13,5,5
987,65000270-008,7,18,9,9,5,5
988,65000270-009,7,9,8,8,8,8
989,65000270-001,0,14,10,10,0,0
990,65000270-002,0,14,10,10,0,0
991,65000270-014,7,31,9,9,5,5
992,65000270-011,7,27,8,8,8,8
993,65000270-004,0,37,1,1,0,0
994,65000270-005,0,24,1,1,0,0
995,65000270-012,7,33,8,8,8,8
996,65000270-013,7,39,9,9,8,8
997,65000270-003,0,40,10,10,0,0
998,65000270-007,3,23,5,5,9,9
999,65000270-015,0,40,1,1,0,0
1000,65000250-005,4,20,13,13,5,5
1001,65000250-007,8,25,11,11,6,6
1002,65000250-009,8,13,11,11,3,3
1003,65000250-002,7,6,13,13,5,5
1004,65000250-010,8,38,11,11,6,6
1005,65000250-008,4,35,13,13,5,5
1006,65000250-003,7,30,9,9,8,8
1007,65000250-012,2,19,6,6,7,7
1008,65000250-006,8,25,11,11,6,6
1009,65000250-011,8,2,7,7,6,6
1010,65000250-001,0,41,10,10,0,0
1011,65000250-004,8,2,7,7,6,6
1012,65000080-018,7,30,9,9,8,8
1013,65000080-005,0,14,10,10,0,0
1014,65000080-011,7,30,9,9,8,8
1015,65000080-012,0,11,8,8,8,8
1016,65000080-004,0,24,1,1,0,0
1017,65000080-009,7,33,8,8,8,8
1018,65000080-003,0,32,10,10,0,0
1019,65000080-007,0,32,10,10,0,0
1020,65000080-014,0,40,1,1,0,0
1021,65000080-010,7,33,8,8,8,8
1022,65000080-020,0,0,10,10,0,0
1023,65000080-006,7,9,9,9,8,8
1024,65000080-013,7,30,9,9,8,8
1025,65000080-001,0,0,10,10,0,0
1026,65000080-017,0,24,1,1,0,0
1027,65000080-008,0,24,1,1,0,0
1028,65000080-002,0,24,1,1,0,0
1029,65000080-019,0,0,10,10,0,0
1030,65000080-016,0,40,10,10,0,0
1031,65000080-015,0,37,1,1,0,0
1032,63000040-027,0,32,10,10,0,0
1033,63000040-031,0,32,10,10,0,0
1034,63000040-030,0,32,10,10,0,0
1035,63000040-033,0,32,10,10,0,0
1036,63000040-006,0,32,10,10,0,0
1037,63000040-023,0,14,10,10,0,0
1038,63000040-013,7,9,9,9,8,8
1039,63000040-039,0,0,10,10,0,0
1040,63000040-042,0,40,1,1,0,0
1041,63000040-012,0,24,1,1,0,0
1042,63000040-037,0,32,10,10,0,0
1043,63000040-017,0,11,8,8,8,8
1044,63000040-014,0,24,1,1,0,0
1045,63000040-005,0,32,10,10,0,0
1046,63000040-040,0,32,10,10,0,0
1047,63000040-010,0,14,10,10,0,0
1048,63000040-015,0,24,1,1,0,0
1049,63000040-018,0,14,10,10,0,0
1050,63000040-019,0,24,1,1,0,0
1051,63000040-022,0,14,10,10,0,0
1052,63000040-020,0,14,10,10,0,0
1053,63000040-011,0,14,10,10,0,0
1054,63000040-036,0,0,10,10,0,0
1055,63000040-038,0,14,10,10,0,0
1056,63000040-034,0,32,10,10,0,0
1057,63000040-021,0,32,10,10,0,0
1058,63000040-001,0,14,10,10,0,0
1059,63000040-003,0,14,10,10,0,0
1060,63000040-002,0,14,10,10,0,0
1061,63000040-004,0,32,10,10,0,0
1062,63000040-016,0,0,10,10,0,0
1063,63000040-028,0,32,10,10,0,0
1064,63000040-029,0,32,10,10,0,0
1065,63000040-007,0,14,10,10,0,0
1066,63000040-009,0,14,10,10,0,0
1067,63000040-032,0,32,10,10,0,0
1068,63000040-025,0,32,10,10,0,0
1069,63000040-026,0,14,10,10,0,0
1070,63000040-024,0,32,10,10,0,0
1071,63000040-041,0,11,1,1,8,8
1072,63000040-008,0,0,10,10,0,0
1073,63000040-035,0,41,10,10,0,0
1074,63000050-031,0,32,10,10,0,0
1075,63000050-023,0,0,10,10,0,0
1076,63000050-019,0,32,10,10,0,0
1077,63000050-017,0,0,10,10,0,0
1078,63000050-002,0,0,10,10,0,0
1079,63000050-027,0,32,10,10,0,0
1080,63000050-026,0,0,10,10,0,0
1081,63000050-015,0,41,10,10,0,0
1082,63000050-022,0,24,1,1,0,0
1083,63000050-014,0,14,10,10,0,0
1084,63000050-016,0,41,10,10,0,0
1085,63000050-029,0,32,10,10,0,0
1086,63000050-003,0,14,10,10,0,0
1087,63000050-030,0,14,10,10,0,0
1088,63000050-021,0,32,10,10,0,0
1089,63000050-028,0,24,1,1,0,0
1090,63000050-008,0,14,10,10,0,0
1091,63000050-004,0,40,10,10,0,0
1092,63000050-025,0,40,1,1,0,0
1093,63000050-001,0,40,10,10,0,0
1094,63000050-011,0,14,10,10,0,0
1095,63000050-012,0,14,10,10,0,0
1096,63000050-005,0,32,10,10,0,0
1097,63000050-007,0,32,10,10,0,0
1098,63000050-009,0,14,10,10,0,0
1099,63000050-010,0,32,10,10,0,0
1100,63000050-006,0,14,10,10,0,0
1101,63000050-024,0,24,1,1,0,0
1102,63000050-018,0,32,10,10,0,0
1103,63000050-020,0,32,10,10,0,0
1104,63000050-013,0,14,10,10,0,0
1105,63000020-030,0,0,10,10,0,0
1106,63000020-031,0,24,1,1,0,0
1107,63000020-024,0,40,10,10,0,0
1108,63000020-004,0,14,10,10,0,0
1109,63000020-025,0,24,1,1,0,0
1110,63000020-013,0,41,10,10,0,0
1111,63000020-012,0,41,10,10,0,0
1112,63000020-032,0,11,8,8,8,8
1113,63000020-010,0,41,10,10,0,0
1114,63000020-037,0,41,10,10,0,0
1115,63000020-017,0,41,10,10,0,0
1116,63000020-016,0,32,10,10,0,0
1117,63000020-020,0,14,10,10,0,0
1118,63000020-027,0,14,10,10,0,0
1119,63000020-026,0,14,10,10,0,0
1120,63000020-009,0,40,1,1,0,0
1121,63000020-019,0,41,10,10,0,0
1122,63000020-008,0,32,10,10,0,0
1123,63000020-029,0,0,10,10,0,0
1124,63000020-007,0,14,10,10,0,0
1125,63000020-005,0,24,1,1,0,0
1126,63000020-035,0,32,10,10,0,0
1127,63000020-028,0,32,10,10,0,0
1128,63000020-034,0,14,10,10,0,0
1129,63000020-023,0,14,10,10,0,0
1130,63000020-022,0,32,10,10,0,0
1131,63000020-021,0,24,1,1,0,0
1132,63000020-002,0,41,10,10,0,0
1133,63000020-014,0,14,10,10,0,0
1134,63000020-018,0,14,10,10,0,0
1135,63000020-033,0,24,1,1,0,0
1136,63000020-003,0,0,10,10,0,0
1137,63000020-006,0,32,10,10,0,0
1138,63000020-001,0,40,1,1,0,0
1139,63000020-015,0,41,10,10,0,0
1140,63000020-011,0,32,10,10,0,0
1141,63000020-036,0,0,10,10,0,0
1142,63000020-041,0,24,1,1,0,0
1143,63000020-039,0,14,10,10,0,0
1144,63000020-040,0,14,10,10,0,0
1145,63000020-038,0,32,10,10,0,0
1146,63000100-022,0,0,10,10,0,0
1147,63000100-009,0,32,10,10,0,0
1148,63000100-025,7,6,13,13,5,5
1149,63000100-040,0,0,10,10,0,0
1150,63000100-012,7,39,9,9,5,5
1151,63000100-033,0,11,8,8,8,8
1152,63000100-031,0,32,10,10,0,0
1153,63000100-039,0,11,1,1,8,8
1154,63000100-035,0,32,10,10,0,0
1155,63000100-036,0,14,10,10,0,0
1156,63000100-023,0,32,10,10,0,0
1157,63000100-024,0,32,10,10,0,0
1158,63000100-017,0,0,10,10,0,0
1159,63000100-005,0,24,1,1,0,0
1160,63000100-007,0,0,10,10,0,0
1161,63000100-008,0,24,1,1,0,0
1162,63000100-006,0,14,10,10,0,0
1163,63000100-030,7,9,8,8,8,8
1164,63000100-010,0,24,1,1,0,0
1165,63000100-029,0,40,1,1,0,0
1166,63000100-021,0,14,10,10,0,0
1167,63000100-020,0,32,10,10,0,0
1168,63000100-028,0,11,1,1,8,8
1169,63000100-015,7,31,9,9,5,5
1170,63000100-032,0,40,1,1,0,0
1171,63000100-011,0,32,10,10,0,0
1172,63000100-019,0,40,10,10,0,0
1173,63000100-016,0,0,10,10,0,0
1174,63000100-018,0,32,10,10,0,0
1175,63000100-037,0,24,1,1,0,0
1176,63000100-027,0,0,10,10,0,0
1177,63000100-003,0,11,8,8,8,8
1178,63000100-002,0,11,1,1,8,8
1179,63000100-001,0,40,1,1,0,0
1180,63000100-026,0,40,1,1,0,0
1181,63000100-034,0,37,1,1,0,0
1182,63000100-014,7,9,8,8,8,8
1183,63000100-013,0,32,10,10,0,0
1184,63000100-038,0,32,10,10,0,0
1185,63000120-037,7,30,9,9,8,8
1186,63000120-030,0,32,10,10,0,0
1187,63000120-022,0,0,10,10,0,0
1188,63000120-028,0,14,10,10,0,0
1189,63000120-027,0,40,1,1,0,0
1190,63000120-018,7,31,9,9,5,5
1191,63000120-013,0,32,10,10,0,0
1192,63000120-014,0,0,10,10,0,0
1193,63000120-024,0,24,1,1,0,0
1194,63000120-041,7,6,13,13,5,5
1195,63000120-020,7,27,8,8,8,8
1196,63000120-015,0,41,10,10,0,0
1197,63000120-001,0,11,1,1,8,8
1198,63000120-008,0,0,10,10,0,0
1199,63000120-033,0,40,1,1,0,0
1200,63000120-002,0,14,10,10,0,0
1201,63000120-031,0,14,10,10,0,0
1202,63000120-012,0,24,1,1,0,0
1203,63000120-026,0,26,8,8,8,8
1204,63000120-036,0,11,1,1,8,8
1205,63000120-005,0,14,10,10,0,0
1206,63000120-006,0,0,10,10,0,0
1207,63000120-009,7,27,8,8,8,8
1208,63000120-011,0,14,10,10,0,0
1209,63000120-010,0,24,1,1,0,0
1210,63000120-039,4,20,13,13,5,5
1211,63000120-019,7,27,8,8,8,8
1212,63000120-021,0,32,10,10,0,0
1213,63000120-040,7,31,9,9,5,5
1214,63000120-042,3,22,14,14,9,9
1215,63000120-025,0,32,10,10,0,0
1216,63000120-003,0,14,10,10,0,0
1217,63000120-004,0,0,10,10,0,0
1218,63000120-032,0,11,8,8,8,8
1219,63000120-035,0,11,1,1,8,8
1220,63000120-016,0,40,1,1,0,0
1221,63000120-017,0,0,10,10,0,0
1222,63000120-007,0,32,10,10,0,0
1223,63000120-034,0,24,1,1,0,0
1224,63000120-023,0,32,10,10,0,0
1225,63000120-029,0,40,10,10,0,0
1226,63000120-038,7,27,8,8,8,8
1227,63000090-004,0,11,1,1,8,8
1228,63000090-002,7,27,8,8,8,8
1229,63000090-017,0,37,1,1,0,0
1230,63000090-018,4,29,0,0,3,3
1231,63000090-019,0,0,10,10,0,0
1232,63000090-001,0,40,10,10,0,0
1233,63000090-010,0,0,10,10,0,0
1234,63000090-011,0,40,1,1,0,0
1235,63000090-006,0,26,8,8,8,8
1236,63000090-003,0,32,10,10,0,0
1237,63000090-005,0,32,10,10,0,0
1238,63000090-007,0,0,10,10,0,0
1239,63000090-009,0,40,10,10,0,0
1240,63000090-014,0,0,10,10,0,0
1241,63000090-015,0,14,10,10,0,0
1242,63000090-016,4,35,13,13,5,5
1243,63000090-012,0,14,10,10,0,0
1244,63000090-008,0,40,1,1,0,0
1245,63000090-020,0,40,10,10,0,0
1246,63000090-013,0,14,10,10,0,0
1247,63000110-033,0,40,1,1,0,0
1248,63000110-001,0,14,10,10,0,0
1249,63000110-044,7,27,8,8,8,8
1250,63000110-010,0,32,10,10,0,0
1251,63000110-026,0,40,10,10,0,0
1252,63000110-039,0,40,10,10,0,0
1253,63000110-038,0,32,10,10,0,0
1254,63000110-040,0,32,10,10,0,0
1255,63000110-042,7,33,8,8,8,8
1256,63000110-041,0,0,10,10,0,0
1257,63000110-037,0,14,10,10,0,0
1258,63000110-036,0,32,10,10,0,0
1259,63000110-016,0,0,10,10,0,0
1260,63000110-024,7,18,9,9,5,5
1261,63000110-025,0,40,1,1,0,0
1262,63000110-048,4,16,0,0,3,3
1263,63000110-008,0,24,1,1,0,0
1264,63000110-028,0,0,10,10,0,0
1265,63000110-027,0,32,10,10,0,0
1266,63000110-030,0,14,10,10,0,0
1267,63000110-012,0,32,10,10,0,0
1268,63000110-045,7,33,8,8,8,8
1269,63000110-014,0,0,10,10,0,0
1270,63000110-032,0,26,8,8,8,8
1271,63000110-022,0,24,1,1,0,0
1272,63000110-043,0,26,8,8,8,8
1273,63000110-049,8,25,11,11,6,6
1274,63000110-011,0,14,10,10,0,0
1275,63000110-021,0,32,10,10,0,0
1276,63000110-019,0,0,10,10,0,0
1277,63000110-020,0,40,10,10,0,0
1278,63000110-009,0,0,10,10,0,0
1279,63000110-007,0,40,1,1,0,0
1280,63000110-023,7,30,9,9,8,8
1281,63000110-004,0,0,10,10,0,0
1282,63000110-005,0,0,10,10,0,0
1283,63000110-003,7,33,8,8,8,8
1284,63000110-013,0,14,10,10,0,0
1285,63000110-015,0,32,10,10,0,0
1286,63000110-002,0,32,10,10,0,0
1287,63000110-050,7,27,8,8,8,8
1288,63000110-029,0,14,10,10,0,0
1289,63000110-051,7,9,8,8,8,8
1290,63000110-006,0,32,10,10,0,0
1291,63000110-031,0,11,1,1,8,8
1292,63000110-047,8,38,7,7,6,6
1293,63000110-018,0,32,10,10,0,0
1294,63000110-017,0,0,10,10,0,0
1295,63000110-035,0,0,10,10,0,0
1296,63000110-034,0,32,10,10,0,0
1297,63000110-046,7,9,8,8,8,8
1298,63000060-026,0,32,10,10,0,0
1299,63000060-008,0,14,10,10,0,0
1300,63000060-012,0,32,10,10,0,0
1301,63000060-018,0,14,10,10,0,0
1302,63000060-017,0,14,10,10,0,0
1303,63000060-009,0,32,10,10,0,0
1304,63000060-010,0,14,10,10,0,0
1305,63000060-003,0,14,10,10,0,0
1306,63000060-002,0,14,10,10,0,0
1307,63000060-004,0,14,10,10,0,0
1308,63000060-019,0,41,10,10,0,0
1309,63000060-020,0,14,10,10,0,0
1310,63000060-007,0,32,10,10,0,0
1311,63000060-014,0,14,10,10,0,0
1312,63000060-006,0,14,10,10,0,0
1313,63000060-013,0,32,10,10,0,0
1314,63000060-005,0,32,10,10,0,0
1315,63000060-001,0,0,10,10,0,0
1316,63000060-024,0,24,1,1,0,0
1317,63000060-022,0,32,10,10,0,0
1318,63000060-016,0,32,10,10,0,0
1319,63000060-021,0,32,10,10,0,0
1320,63000060-025,0,40,1,1,0,0
1321,63000060-015,0,14,10,10,0,0
1322,63000060-011,0,32,10,10,0,0
1323,63000030-005,0,32,10,10,0,0
1324,63000030-002,0,14,10,10,0,0
1325,63000030-029,0,14,10,10,0,0
1326,63000030-056,0,14,10,10,0,0
1327,63000030-019,0,14,10,10,0,0
1328,63000030-010,0,32,10,10,0,0
1329,63000030-035,0,14,10,10,0,0
1330,63000030-014,0,32,10,10,0,0
1331,63000030-013,0,14,10,10,0,0
1332,63000030-003,0,0,10,10,0,0
1333,63000030-043,0,32,10,10,0,0
1334,63000030-057,7,9,8,8,8,8
1335,63000030-050,0,32,10,10,0,0
1336,63000030-049,0,14,10,10,0,0
1337,63000030-001,0,14,10,10,0,0
1338,63000030-051,0,32,10,10,0,0
1339,63000030-053,0,14,10,10,0,0
1340,63000030-023,0,14,10,10,0,0
1341,63000030-008,0,14,10,10,0,0
1342,63000030-052,0,14,10,10,0,0
1343,63000030-004,0,0,10,10,0,0
1344,63000030-007,0,0,10,10,0,0
1345,63000030-018,0,14,10,10,0,0
1346,63000030-034,0,14,10,10,0,0
1347,63000030-017,0,14,10,10,0,0
1348,63000030-037,0,41,10,10,0,0
1349,63000030-036,0,14,10,10,0,0
1350,63000030-030,0,32,10,10,0,0
1351,63000030-006,0,32,10,10,0,0
1352,63000030-039,0,32,10,10,0,0
1353,63000030-033,0,41,10,10,0,0
1354,63000030-044,0,0,10,10,0,0
1355,63000030-054,0,14,10,10,0,0
1356,63000030-038,0,14,10,10,0,0
1357,63000030-009,0,14,10,10,0,0
1358,63000030-055,0,14,10,10,0,0
1359,63000030-031,0,14,10,10,0,0
1360,63000030-032,0,14,10,10,0,0
1361,63000030-016,0,32,10,10,0,0
1362,63000030-020,0,14,10,10,0,0
1363,63000030-021,0,14,10,10,0,0
1364,63000030-046,0,0,10,10,0,0
1365,63000030-048,0,40,1,1,0,0
1366,63000030-047,0,0,10,10,0,0
1367,63000030-022,0,32,10,10,0,0
1368,63000030-011,0,14,10,10,0,0
1369,63000030-015,0,32,10,10,0,0
1370,63000030-012,0,14,10,10,0,0
1371,63000030-040,0,32,10,10,0,0
1372,63000030-028,0,14,10,10,0,0
1373,63000030-041,0,40,1,1,0,0
1374,63000030-026,0,14,10,10,0,0
1375,63000030-027,0,32,10,10,0,0
1376,63000080-034,7,6,13,13,5,5
1377,63000080-038,0,14,10,10,0,0
1378,63000080-036,4,16,0,0,3,3
1379,63000080-040,7,30,9,9,8,8
1380,63000080-025,0,32,10,10,0,0
1381,63000080-026,0,32,10,10,0,0
1382,63000080-005,0,0,10,10,0,0
1383,63000080-004,0,0,10,10,0,0
1384,63000080-002,0,0,10,10,0,0
1385,63000080-003,0,32,10,10,0,0
1386,63000080-006,0,32,10,10,0,0
1387,63000080-001,0,32,10,10,0,0
1388,63000080-028,0,0,10,10,0,0
1389,63000080-027,0,24,1,1,0,0
1390,63000080-041,0,32,10,10,0,0
1391,63000080-031,0,32,10,10,0,0
1392,63000080-030,0,32,10,10,0,0
1393,63000080-043,0,41,10,10,0,0
1394,63000080-032,0,32,10,10,0,0
1395,63000080-037,7,31,9,9,5,5
1396,63000080-014,0,0,10,10,0,0
1397,63000080-018,0,32,10,10,0,0
1398,63000080-015,0,32,10,10,0,0
1399,63000080-016,0,24,1,1,0,0
1400,63000080-020,0,40,1,1,0,0
1401,63000080-022,0,24,1,1,0,0
1402,63000080-017,0,14,10,10,0,0
1403,63000080-021,0,40,1,1,0,0
1404,63000080-019,0,14,10,10,0,0
1405,63000080-013,0,32,10,10,0,0
1406,63000080-042,0,32,10,10,0,0
1407,63000080-024,0,24,1,1,0,0
1408,63000080-011,0,0,10,10,0,0
1409,63000080-010,0,0,10,10,0,0
1410,63000080-007,0,32,10,10,0,0
1411,63000080-012,0,0,10,10,0,0
1412,63000080-008,0,14,10,10,0,0
1413,63000080-039,0,24,1,1,0,0
1414,63000080-035,7,39,9,9,5,5
1415,63000080-033,0,0,10,10,0,0
1416,63000080-009,0,14,10,10,0,0
1417,63000080-023,0,40,1,1,0,0
1418,63000080-029,0,14,10,10,0,0
1419,63000010-004,0,14,10,10,0,0
1420,63000010-027,0,14,10,10,0,0
1421,63000010-026,0,0,10,10,0,0
1422,63000010-015,0,32,10,10,0,0
1423,63000010-009,0,14,10,10,0,0
1424,63000010-029,0,41,10,10,0,0
1425,63000010-022,0,32,10,10,0,0
1426,63000010-019,0,32,10,10,0,0
1427,63000010-008,0,41,10,10,0,0
1428,63000010-006,0,14,10,10,0,0
1429,63000010-033,0,14,10,10,0,0
1430,63000010-032,0,14,10,10,0,0
1431,63000010-031,0,41,10,10,0,0
1432,63000010-025,0,32,10,10,0,0
1433,63000010-018,0,0,10,10,0,0
1434,63000010-030,0,14,10,10,0,0
1435,63000010-007,0,0,10,10,0,0
1436,63000010-005,0,14,10,10,0,0
1437,63000010-024,0,14,10,10,0,0
1438,63000010-011,0,32,10,10,0,0
1439,63000010-014,0,14,10,10,0,0
1440,63000010-013,0,41,10,10,0,0
1441,63000010-003,0,0,10,10,0,0
1442,63000010-035,0,32,10,10,0,0
1443,63000010-016,0,0,10,10,0,0
1444,63000010-017,0,32,10,10,0,0
1445,63000010-034,0,41,10,10,0,0
1446,63000010-010,7,9,8,8,8,8
1447,63000010-028,0,32,10,10,0,0
1448,63000010-021,0,32,10,10,0,0
1449,63000010-002,0,26,8,8,8,8
1450,63000010-020,0,14,10,10,0,0
1451,63000010-012,0,32,10,10,0,0
1452,63000070-009,0,14,10,10,0,0
1453,63000070-027,0,41,10,10,0,0
1454,63000070-026,0,14,10,10,0,0
1455,63000070-035,0,41,10,10,0,0
1456,63000070-016,0,14,10,10,0,0
1457,63000070-024,0,32,10,10,0,0
1458,63000070-030,0,14,10,10,0,0
1459,63000070-023,0,14,10,10,0,0
1460,63000070-007,0,14,10,10,0,0
1461,63000070-010,0,32,10,10,0,0
1462,63000070-022,0,14,10,10,0,0
1463,63000070-034,0,41,10,10,0,0
1464,63000070-014,0,14,10,10,0,0
1465,63000070-021,0,14,10,10,0,0
1466,63000070-013,0,41,10,10,0,0
1467,63000070-004,0,14,10,10,0,0
1468,63000070-020,0,32,10,10,0,0
1469,63000070-033,0,32,10,10,0,0
1470,63000070-019,0,24,1,1,0,0
1471,63000070-029,0,32,10,10,0,0
1472,63000070-001,0,32,10,10,0,0
1473,63000070-008,0,14,10,10,0,0
1474,63000070-015,0,41,10,10,0,0
1475,63000070-017,0,32,10,10,0,0
1476,63000070-031,0,24,1,1,0,0
1477,63000070-005,0,0,10,10,0,0
1478,63000070-032,0,24,1,1,0,0
1479,63000070-018,0,40,1,1,0,0
1480,63000070-002,0,32,10,10,0,0
1481,63000070-003,0,14,10,10,0,0
1482,63000070-028,0,14,10,10,0,0
1483,63000070-025,0,14,10,10,0,0
1484,63000070-012,0,32,10,10,0,0
1485,63000070-006,0,0,10,10,0,0
1486,63000070-011,0,32,10,10,0,0
1487,63000070-036,0,40,1,1,0,0
