,V_ID,kmeans_all_9,kmeans_nocity&county_6,kmeans_nocity_6,c_,j_,ht_,s_,cs_,e_
0,65000090-001,4,0,2,0,16,0,0,0,12
1,65000090-004,4,0,2,19,1,0,0,0,5
2,65000090-025,4,0,2,15,3,0,0,0,5
3,65000090-026,8,2,1,19,17,0,1,0,9
4,65000090-014,8,2,1,8,4,0,1,0,9
5,65000090-023,4,0,2,15,6,0,0,0,10
6,65000090-003,4,0,2,2,17,0,0,0,12
7,65000090-011,2,2,1,8,1,0,1,0,9
8,65000090-010,4,0,2,15,3,0,0,0,0
9,65000090-021,2,2,1,0,9,1,2,0,9
10,65000090-024,4,0,2,18,15,0,0,0,14
11,65000090-005,2,2,1,0,4,0,1,0,9
12,65000090-020,2,2,1,0,4,1,1,0,0
13,65000090-015,2,2,1,4,4,0,1,0,9
14,65000090-016,2,2,1,8,4,0,2,0,9
15,65000090-006,8,2,1,10,15,1,2,0,13
16,65000090-012,2,0,2,0,4,0,1,0,0
17,65000090-017,8,2,1,19,1,1,0,0,2
18,65000090-018,4,0,2,0,9,0,0,0,0
19,65000090-019,2,2,1,19,17,1,1,0,10
20,65000090-007,4,0,2,2,3,0,0,0,14
21,65000090-002,4,1,3,14,16,0,0,0,13
22,65000090-022,2,2,1,0,9,1,1,0,9
23,65000090-013,8,2,1,8,16,0,1,0,9
24,65000090-008,4,0,2,10,6,0,0,0,7
25,65000090-009,4,0,2,10,6,0,0,0,10
26,65000090-027,4,0,2,20,2,0,0,0,14
27,65000090-028,4,0,2,2,14,0,0,0,5
28,65000210-001,8,2,1,4,16,1,2,0,5
29,65000210-003,4,0,2,8,4,1,0,0,7
30,65000210-011,8,2,1,0,16,1,2,0,9
31,65000210-005,4,0,2,15,6,1,0,0,0
32,65000210-002,4,0,2,15,3,1,0,0,5
33,65000210-012,2,2,1,8,16,1,2,0,9
34,65000210-009,8,2,1,4,9,1,1,0,7
35,65000210-004,4,0,2,8,4,1,0,0,7
36,65000210-007,2,2,1,4,16,1,2,0,9
37,65000210-010,8,2,1,0,16,1,0,0,0
38,65000210-013,2,2,1,8,4,1,2,0,9
39,65000210-006,8,2,1,0,16,1,0,0,0
40,65000210-008,8,2,1,4,16,1,0,0,7
41,65000020-072,3,4,5,11,9,0,1,0,13
42,65000020-019,3,1,3,22,20,1,1,0,13
43,65000020-052,3,4,5,11,9,0,1,1,13
44,65000020-041,3,4,5,14,20,0,1,1,1
45,65000020-026,3,4,5,11,4,1,1,0,13
46,65000020-029,3,4,5,11,4,0,1,1,13
47,65000020-005,3,4,5,7,1,0,1,1,8
48,65000020-002,1,1,3,19,9,1,1,0,1
49,65000020-095,3,2,1,15,17,0,1,0,1
50,65000020-096,3,2,1,5,1,1,1,0,13
51,65000020-104,3,1,3,2,8,1,1,0,13
52,65000020-109,3,4,5,0,9,0,1,1,14
53,65000020-119,3,2,1,1,17,1,1,0,13
54,65000020-032,3,4,5,11,9,0,1,1,13
55,65000020-097,3,2,1,22,1,1,1,0,13
56,65000020-034,3,4,5,14,4,0,1,0,13
57,65000020-118,3,4,5,1,17,1,1,1,13
58,65000020-065,3,4,5,11,4,0,1,1,13
59,65000020-074,3,4,5,22,9,0,1,1,13
60,65000020-020,3,4,5,18,12,0,1,1,1
61,65000020-035,3,4,5,11,4,0,1,1,13
62,65000020-021,3,4,5,7,10,0,1,0,13
63,65000020-013,3,4,5,23,11,1,1,0,13
64,65000020-057,3,4,5,11,9,0,1,1,13
65,65000020-036,3,4,5,14,4,0,1,1,13
66,65000020-014,3,4,5,6,8,1,1,1,1
67,65000020-077,3,1,3,1,17,0,1,0,13
68,65000020-078,3,1,3,23,3,1,1,0,13
69,65000020-110,3,1,3,23,17,1,1,0,13
70,65000020-083,3,4,5,22,1,0,1,1,13
71,65000020-027,3,4,5,11,4,0,1,1,13
72,65000020-022,3,4,5,0,9,0,1,0,13
73,65000020-023,3,2,1,19,4,0,1,0,13
74,65000020-043,3,4,5,22,9,0,1,1,13
75,65000020-086,3,4,5,5,1,0,1,1,1
76,65000020-028,3,4,5,22,9,0,1,1,13
77,65000020-042,3,4,5,22,1,0,1,0,13
78,65000020-031,3,4,5,11,9,0,1,0,13
79,65000020-060,3,5,5,11,16,0,0,1,13
80,65000020-001,1,1,3,2,8,1,1,0,1
81,65000020-071,3,4,5,14,9,0,1,1,13
82,65000020-075,3,4,5,22,9,0,1,1,13
83,65000020-107,3,1,3,1,9,1,1,0,13
84,65000020-106,3,1,3,9,1,1,1,0,13
85,65000020-105,8,2,1,15,0,1,1,0,14
86,65000020-085,3,4,5,1,1,0,1,1,13
87,65000020-082,3,4,5,1,17,0,1,1,12
88,65000020-030,3,4,5,11,9,0,1,1,13
89,65000020-076,3,1,3,5,17,0,1,0,1
90,65000020-006,3,2,1,8,16,1,1,0,12
91,65000020-033,3,4,5,11,9,0,1,0,13
92,65000020-102,3,1,3,22,9,1,1,0,13
93,65000020-100,3,4,5,22,9,1,1,1,13
94,65000020-101,3,4,5,22,17,1,1,1,13
95,65000020-099,3,4,5,11,9,1,1,1,13
96,65000020-103,3,4,5,23,17,1,1,1,13
97,65000020-098,3,4,5,22,9,1,1,1,13
98,65000020-007,3,2,1,15,11,0,1,0,4
99,65000020-080,3,4,5,14,9,0,1,1,13
100,65000020-051,3,4,5,11,9,0,1,1,13
101,65000020-049,3,4,5,11,9,0,1,1,13
102,65000020-047,3,4,5,11,4,0,1,1,13
103,65000020-048,3,4,5,14,4,0,1,1,13
104,65000020-045,8,2,1,23,17,0,1,0,12
105,65000020-112,3,4,5,1,1,1,1,1,13
106,65000020-091,3,4,5,9,17,1,1,1,13
107,65000020-087,3,4,5,23,3,0,1,1,1
108,65000020-025,3,4,5,22,9,1,1,1,13
109,65000020-090,3,4,5,9,3,1,1,1,13
110,65000020-092,3,4,5,22,1,1,1,1,13
111,65000020-113,3,1,3,13,8,1,1,0,1
112,65000020-088,3,4,5,1,1,1,1,1,13
113,65000020-089,3,4,5,23,3,1,1,1,13
114,65000020-040,3,4,5,0,4,0,0,1,13
115,65000020-115,3,4,5,12,3,1,1,1,13
116,65000020-114,3,4,5,9,3,1,1,1,13
117,65000020-039,3,4,5,7,20,0,1,1,13
118,65000020-093,3,4,5,18,15,0,1,1,1
119,65000020-081,3,4,5,11,9,0,1,1,12
120,65000020-017,3,1,3,12,8,1,1,0,13
121,65000020-018,3,1,3,23,3,1,1,0,13
122,65000020-015,3,1,3,1,17,1,1,0,13
123,65000020-108,3,4,5,18,0,1,1,1,4
124,65000020-038,3,4,5,7,9,0,1,1,13
125,65000020-073,3,4,5,22,1,0,1,1,13
126,65000020-111,3,2,1,1,1,0,1,0,12
127,65000020-037,3,4,5,11,4,0,1,0,13
128,65000020-117,3,4,5,22,17,1,1,1,13
129,65000020-009,3,1,3,22,1,0,1,0,13
130,65000020-016,3,1,3,22,1,1,1,0,13
131,65000020-008,3,4,5,18,11,0,1,1,1
132,65000020-094,3,4,5,1,11,0,1,1,1
133,65000020-070,3,4,5,22,4,0,1,1,13
134,65000020-116,3,1,3,5,1,0,1,0,13
135,65000020-084,3,4,5,1,1,0,1,1,13
136,65000020-050,3,4,5,22,9,0,1,1,13
137,65000020-024,3,4,5,22,9,1,1,1,13
138,65000020-066,3,4,5,22,9,0,1,1,13
139,65000020-004,3,2,1,0,4,1,1,0,4
140,65000020-010,3,4,5,12,6,1,1,1,1
141,65000020-046,3,4,5,11,4,0,1,1,13
142,65000020-012,3,4,5,5,20,1,1,1,1
143,65000020-044,3,4,5,1,1,0,1,1,12
144,65000020-055,3,4,5,11,9,0,1,1,13
145,65000020-067,3,1,3,14,9,0,1,0,13
146,65000020-011,3,4,5,11,9,1,1,0,13
147,65000020-054,3,4,5,11,9,0,1,0,13
148,65000020-061,3,4,5,22,9,0,1,1,13
149,65000020-056,3,4,5,11,9,0,1,1,13
150,65000020-062,3,4,5,14,9,0,1,1,13
151,65000020-063,3,4,5,22,9,0,1,1,13
152,65000020-058,3,4,5,11,16,0,1,1,13
153,65000020-064,3,1,3,14,4,0,1,0,13
154,65000020-059,3,5,5,14,4,0,0,1,13
155,65000020-053,3,4,5,11,4,0,1,1,13
156,65000020-003,8,2,1,19,9,1,0,0,8
157,65000020-079,3,1,3,11,9,0,1,0,13
158,65000020-068,3,4,5,5,1,0,1,1,13
159,65000020-069,3,4,5,11,9,0,1,1,13
160,65000030-001,2,2,1,15,11,0,1,0,2
161,65000030-023,0,3,0,6,19,1,1,1,12
162,65000030-083,1,1,3,22,20,1,1,0,13
163,65000030-005,1,1,3,9,17,1,1,0,13
164,65000030-081,8,2,1,13,0,1,1,0,14
165,65000030-004,1,1,3,1,17,1,1,0,13
166,65000030-019,2,0,2,6,11,1,1,0,12
167,65000030-003,1,1,3,23,17,1,1,0,13
168,65000030-042,8,2,1,15,8,1,2,0,5
169,65000030-090,6,1,3,22,20,1,0,0,13
170,65000030-009,2,0,2,23,0,1,1,0,12
171,65000030-026,1,4,5,23,14,1,1,1,13
172,65000030-082,3,4,5,22,10,1,1,1,13
173,65000030-046,1,4,5,23,11,1,1,1,13
174,65000030-088,4,1,3,5,1,1,0,0,1
175,65000030-057,8,1,3,13,8,1,0,0,1
176,65000030-089,2,0,2,2,17,1,1,0,12
177,65000030-060,2,0,2,2,17,1,1,0,4
178,65000030-058,2,0,2,14,9,1,1,0,4
179,65000030-069,6,1,3,9,11,0,0,0,13
180,65000030-091,6,1,3,9,1,0,0,0,13
181,65000030-043,3,4,5,14,9,1,1,1,12
182,65000030-070,4,0,2,23,11,1,0,0,12
183,65000030-044,3,4,5,9,6,1,1,1,12
184,65000030-021,3,4,5,22,10,1,1,0,13
185,65000030-022,3,4,5,23,13,1,1,1,13
186,65000030-020,0,3,0,6,19,1,1,1,4
187,65000030-062,1,1,3,23,17,1,1,0,13
188,65000030-075,3,4,5,6,14,1,1,0,13
189,65000030-074,3,4,5,11,10,1,1,0,13
190,65000030-039,4,0,2,22,20,1,0,1,12
191,65000030-002,1,1,3,18,15,0,1,0,11
192,65000030-012,1,1,3,6,11,1,1,0,13
193,65000030-006,1,1,3,1,20,1,1,0,13
194,65000030-045,3,4,5,23,8,1,1,1,13
195,65000030-067,4,0,2,6,11,1,0,0,12
196,65000030-073,8,2,1,18,18,1,1,0,12
197,65000030-038,6,5,5,6,8,1,0,1,13
198,65000030-059,1,1,3,23,8,1,1,0,13
199,65000030-025,2,2,1,12,18,1,1,0,12
200,65000030-071,4,0,2,1,17,1,0,0,12
201,65000030-064,8,2,1,2,11,1,1,0,14
202,65000030-040,4,0,2,14,20,1,0,0,12
203,65000030-050,3,4,5,23,11,1,1,1,1
204,65000030-047,3,4,5,6,0,1,1,1,13
205,65000030-051,1,4,5,1,20,1,1,1,13
206,65000030-048,3,4,5,22,20,1,1,0,13
207,65000030-079,3,4,5,11,9,1,1,1,13
208,65000030-049,3,4,5,6,0,1,1,1,1
209,65000030-036,5,5,5,6,11,1,0,1,13
210,65000030-010,2,0,2,5,20,1,1,1,12
211,65000030-041,8,2,1,0,16,1,2,0,10
212,65000030-092,6,5,5,22,1,1,0,1,13
213,65000030-093,2,2,1,1,10,1,1,0,12
214,65000030-056,1,1,3,22,9,1,1,0,13
215,65000030-061,2,0,2,23,17,1,1,0,12
216,65000030-087,6,1,3,5,1,1,0,0,13
217,65000030-068,8,1,3,9,11,0,0,0,13
218,65000030-024,3,4,5,6,20,1,1,1,13
219,65000030-065,4,0,2,5,1,0,0,0,12
220,65000030-011,1,1,3,5,20,1,1,1,1
221,65000030-054,8,2,1,0,16,1,2,0,13
222,65000030-063,8,1,3,1,10,1,0,0,13
223,65000030-017,8,2,1,23,11,1,2,0,13
224,65000030-084,1,1,3,2,11,1,1,0,11
225,65000030-080,3,4,5,23,11,1,2,1,12
226,65000030-018,1,1,3,22,1,1,1,0,13
227,65000030-014,1,1,3,6,11,1,1,0,13
228,65000030-013,8,2,1,22,17,1,1,0,13
229,65000030-016,1,1,3,23,8,1,1,0,13
230,65000030-015,1,1,3,1,17,1,1,0,13
231,65000030-033,1,1,3,22,20,1,1,0,13
232,65000030-077,8,2,1,14,10,1,1,0,13
233,65000030-027,2,2,1,6,11,1,1,0,12
234,65000030-032,4,0,2,6,20,1,0,0,4
235,65000030-028,2,2,1,22,20,1,1,0,12
236,65000030-031,1,1,3,23,0,1,1,0,13
237,65000030-030,4,0,2,15,0,1,0,0,15
238,65000030-072,1,1,3,6,1,1,1,0,13
239,65000030-029,2,2,1,6,14,1,1,0,12
240,65000030-076,1,1,3,22,10,1,1,0,13
241,65000030-055,2,0,2,12,12,1,1,0,4
242,65000030-066,4,0,2,1,8,0,0,0,12
243,65000030-078,6,5,5,11,1,1,0,1,13
244,65000030-037,4,0,2,5,11,1,0,0,4
245,65000030-035,4,0,2,18,12,1,0,0,14
246,65000030-007,1,1,3,14,10,1,1,0,1
247,65000030-008,2,2,1,23,8,1,1,0,12
248,65000030-085,2,0,2,2,11,1,1,0,8
249,65000030-052,2,0,2,15,8,1,1,0,14
250,65000030-053,2,0,2,19,10,1,1,0,14
251,65000030-086,2,0,2,1,1,1,1,0,4
252,65000030-034,8,1,3,1,20,1,2,0,13
253,65000150-009,4,0,2,2,17,1,0,0,4
254,65000150-008,4,0,2,2,17,1,0,0,14
255,65000150-007,8,2,1,0,9,0,2,0,9
256,65000150-015,8,2,1,15,17,1,0,0,8
257,65000150-013,2,2,1,2,17,1,1,0,14
258,65000150-010,4,0,2,15,8,1,0,0,10
259,65000150-006,8,2,1,15,3,0,0,0,8
260,65000150-005,2,0,2,15,15,0,1,0,5
261,65000150-014,8,2,1,19,1,0,1,0,15
262,65000150-018,4,0,2,10,15,0,0,0,10
263,65000150-002,4,0,2,0,4,0,0,0,0
264,65000150-017,4,0,2,19,1,1,0,0,5
265,65000150-019,4,0,2,10,15,1,0,0,8
266,65000150-020,4,0,2,19,1,0,0,0,10
267,65000150-001,4,1,3,15,8,1,0,0,11
268,65000150-004,8,2,1,0,9,1,2,0,9
269,65000150-012,2,2,1,22,1,1,1,0,12
270,65000150-011,8,2,1,11,9,1,0,0,12
271,65000150-003,8,2,1,15,17,1,1,0,5
272,65000150-016,8,2,1,15,17,1,1,0,10
273,65000230-010,8,2,1,19,9,0,1,0,7
274,65000230-004,2,2,1,15,17,1,2,0,7
275,65000230-003,2,2,1,19,1,0,1,0,7
276,65000230-002,2,0,2,19,1,0,1,0,7
277,65000230-006,2,0,2,15,15,1,1,0,10
278,65000230-008,8,2,1,19,9,1,1,0,0
279,65000230-007,2,2,1,15,17,1,1,0,2
280,65000230-009,4,0,2,19,9,0,0,0,9
281,65000230-005,2,2,1,19,9,1,1,0,2
282,65000230-001,2,0,2,15,3,0,1,1,7
283,65000130-017,8,2,1,12,15,1,2,0,13
284,65000130-041,4,0,2,1,20,1,0,1,12
285,65000130-004,4,0,2,2,3,1,0,0,14
286,65000130-037,0,3,0,1,17,1,0,1,12
287,65000130-003,0,3,0,13,8,1,0,1,4
288,65000130-033,0,3,0,1,3,1,0,1,14
289,65000130-002,0,3,0,11,9,1,0,1,12
290,65000130-001,0,3,0,15,15,1,0,1,10
291,65000130-010,0,3,0,12,12,1,0,1,12
292,65000130-020,0,3,0,15,17,1,0,1,0
293,65000130-042,4,0,2,23,14,1,0,1,12
294,65000130-029,0,3,0,1,1,1,0,1,12
295,65000130-039,0,3,0,22,20,1,0,1,12
296,65000130-031,4,0,2,23,3,1,0,0,12
297,65000130-018,4,0,2,12,15,1,0,0,12
298,65000130-028,4,1,3,23,11,1,0,0,13
299,65000130-044,4,0,2,1,20,1,0,0,12
300,65000130-034,4,0,2,15,3,1,0,0,8
301,65000130-040,4,0,2,12,3,1,0,0,12
302,65000130-030,4,0,2,5,3,1,0,0,4
303,65000130-047,4,1,3,9,17,1,0,0,13
304,65000130-019,4,0,2,15,3,1,0,0,10
305,65000130-035,4,0,2,5,17,0,0,0,12
306,65000130-007,0,3,0,2,3,1,0,1,8
307,65000130-006,0,3,0,5,17,1,1,1,4
308,65000130-043,0,3,0,18,0,1,0,1,12
309,65000130-009,4,0,2,15,20,1,0,0,8
310,65000130-027,0,3,0,23,8,1,0,1,12
311,65000130-038,4,0,2,1,3,1,0,0,12
312,65000130-021,0,3,5,10,6,1,0,1,10
313,65000130-014,4,0,2,1,11,1,0,0,12
314,65000130-022,0,3,0,15,17,1,0,1,10
315,65000130-015,8,2,1,19,9,1,1,0,9
316,65000130-013,8,2,1,2,15,1,1,0,14
317,65000130-012,4,0,2,12,15,1,0,0,12
318,65000130-016,4,1,3,18,3,1,0,0,1
319,65000130-011,6,4,5,22,1,0,0,0,13
320,65000130-026,4,0,2,19,9,1,0,0,0
321,65000130-036,0,3,0,2,8,1,1,1,14
322,65000130-008,0,3,0,2,1,1,0,1,4
323,65000130-046,4,1,3,9,8,1,0,0,13
324,65000130-005,4,5,3,11,10,1,0,1,13
325,65000130-045,4,0,2,7,1,1,0,0,4
326,65000130-032,4,0,2,7,1,1,0,0,4
327,65000130-023,0,3,0,15,3,1,0,1,5
328,65000130-025,4,0,2,5,10,1,0,0,12
329,65000130-024,4,0,2,2,3,1,0,0,14
330,65000200-005,2,2,1,8,4,1,1,0,9
331,65000200-002,2,0,2,0,4,1,1,0,0
332,65000200-003,2,0,2,8,4,1,1,0,9
333,65000200-006,2,0,2,8,16,1,1,0,9
334,65000200-007,2,2,1,21,4,1,1,0,9
335,65000200-004,8,2,1,4,16,1,2,0,13
336,65000200-001,8,2,1,4,4,1,1,0,9
337,65000240-011,2,2,1,4,4,1,1,0,10
338,65000240-009,2,2,1,3,16,1,1,0,9
339,65000240-006,4,0,2,4,4,1,0,0,9
340,65000240-010,8,2,1,21,16,1,1,0,9
341,65000240-005,4,0,2,8,16,1,0,0,0
342,65000240-012,8,2,1,4,16,1,1,0,9
343,65000240-008,8,2,1,21,16,1,2,0,9
344,65000240-007,8,2,1,3,16,1,0,0,9
345,65000240-003,4,0,2,4,16,1,0,0,5
346,65000240-004,4,0,2,4,16,1,0,0,0
347,65000240-002,4,0,2,8,16,1,2,0,5
348,65000240-001,8,2,1,21,16,1,2,0,0
349,65000060-013,8,2,1,19,20,1,2,0,10
350,65000060-054,0,3,5,13,5,1,0,1,6
351,65000060-052,4,0,2,7,5,1,0,0,15
352,65000060-044,0,3,0,6,0,1,0,1,4
353,65000060-037,0,3,5,16,13,1,0,1,14
354,65000060-045,0,3,0,7,14,1,0,1,6
355,65000060-041,8,2,1,13,18,1,2,0,13
356,65000060-046,5,5,4,11,10,1,0,1,13
357,65000060-008,0,3,0,6,0,0,0,1,4
358,65000060-016,8,2,1,10,15,1,2,0,10
359,65000060-057,8,2,1,6,14,1,2,0,12
360,65000060-053,8,1,3,14,4,1,0,0,13
361,65000060-023,2,2,1,15,8,1,1,0,9
362,65000060-033,0,3,0,14,10,1,2,1,6
363,65000060-001,0,3,0,11,14,1,0,1,12
364,65000060-021,2,2,1,0,4,1,1,0,7
365,65000060-004,0,5,5,6,14,0,0,1,13
366,65000060-003,0,3,0,6,14,0,0,1,12
367,65000060-010,4,0,2,14,19,1,0,0,12
368,65000060-011,0,3,0,7,20,1,1,1,15
369,65000060-056,4,0,2,10,12,1,0,1,2
370,65000060-064,8,2,1,23,0,1,2,0,12
371,65000060-007,0,5,4,6,13,0,0,1,1
372,65000060-058,4,0,2,15,0,1,0,1,5
373,65000060-006,0,3,0,13,13,1,0,1,14
374,65000060-059,2,0,2,7,14,1,2,0,14
375,65000060-026,2,2,1,8,9,1,1,0,7
376,65000060-035,0,3,5,8,16,1,0,1,12
377,65000060-028,2,2,1,4,9,1,1,0,7
378,65000060-061,0,5,5,22,10,1,0,1,13
379,65000060-040,5,5,4,18,18,1,0,1,1
380,65000060-032,0,3,0,14,10,1,0,1,6
381,65000060-062,0,3,0,7,20,0,0,1,8
382,65000060-017,2,0,2,15,3,1,2,0,0
383,65000060-009,4,0,2,14,20,1,0,0,4
384,65000060-043,4,1,3,11,10,1,0,0,13
385,65000060-034,0,3,0,0,10,1,0,1,14
386,65000060-036,0,3,5,11,10,1,0,1,12
387,65000060-066,4,0,2,5,11,1,0,0,12
388,65000060-042,0,5,5,17,8,1,0,1,13
389,65000060-031,0,3,0,14,4,1,2,1,6
390,65000060-039,0,3,0,11,10,1,0,1,12
391,65000060-038,0,5,5,13,18,1,0,1,1
392,65000060-019,2,2,1,15,15,1,2,0,9
393,65000060-055,2,0,2,5,14,1,2,0,4
394,65000060-002,0,5,4,6,14,1,0,1,13
395,65000060-014,4,0,2,10,12,1,0,0,5
396,65000060-015,4,0,2,2,8,1,0,0,6
397,65000060-067,4,0,2,18,11,1,0,0,4
398,65000060-005,0,5,5,6,13,0,0,1,1
399,65000060-020,8,2,1,5,8,1,2,0,4
400,65000060-048,4,0,2,1,10,1,0,0,12
401,65000060-047,4,5,3,6,14,1,0,0,13
402,65000060-050,0,3,0,22,19,1,0,1,12
403,65000060-029,2,2,1,8,4,1,1,0,7
404,65000060-049,4,0,2,6,20,1,0,0,12
405,65000060-051,0,3,0,7,19,1,0,1,6
406,65000060-025,8,2,1,7,10,1,1,0,7
407,65000060-063,8,2,1,7,20,1,1,0,4
408,65000060-022,8,2,1,15,11,1,1,0,5
409,65000060-069,8,2,1,19,19,1,2,0,9
410,65000060-068,8,2,1,7,14,1,2,0,14
411,65000060-065,4,0,2,7,19,1,0,0,8
412,65000060-024,2,2,1,0,4,1,1,0,9
413,65000060-018,2,0,2,15,3,0,2,0,9
414,65000060-030,2,2,1,15,8,1,1,0,2
415,65000060-012,0,3,5,8,9,1,0,1,15
416,65000060-060,2,2,1,10,12,1,2,0,5
417,65000060-027,8,2,1,8,9,1,1,0,7
418,65000050-054,2,0,2,12,15,1,1,0,12
419,65000050-058,1,1,3,9,17,0,1,0,13
420,65000050-053,4,0,2,10,15,1,0,0,8
421,65000050-014,4,0,2,23,17,0,0,0,12
422,65000050-057,1,1,3,9,1,1,1,0,13
423,65000050-075,1,1,3,12,12,1,1,0,1
424,65000050-017,4,1,3,9,17,0,0,0,13
425,65000050-023,1,1,3,12,8,0,1,0,13
426,65000050-011,1,5,3,18,8,0,0,1,1
427,65000050-051,4,1,3,22,20,0,0,0,13
428,65000050-020,1,1,3,22,9,0,1,0,13
429,65000050-052,4,1,3,2,11,0,0,0,1
430,65000050-043,0,3,0,10,6,0,0,1,10
431,65000050-028,2,2,1,1,1,0,1,0,12
432,65000050-061,1,1,3,9,17,0,1,0,13
433,65000050-030,2,0,2,23,3,0,1,0,12
434,65000050-084,4,1,3,9,1,0,0,0,13
435,65000050-044,4,0,2,1,3,0,0,0,12
436,65000050-041,4,1,3,23,17,0,0,0,13
437,65000050-083,4,1,3,9,17,0,0,0,13
438,65000050-038,4,1,3,12,15,1,0,0,13
439,65000050-004,1,5,3,23,11,0,0,1,13
440,65000050-060,4,0,2,23,0,0,0,1,12
441,65000050-012,4,1,3,22,1,0,0,0,13
442,65000050-036,0,3,0,7,20,0,1,1,8
443,65000050-027,4,5,3,23,8,1,0,1,13
444,65000050-046,4,5,3,9,3,1,0,1,13
445,65000050-033,4,1,3,5,11,0,0,0,13
446,65000050-055,4,5,3,23,3,0,0,1,13
447,65000050-003,4,5,3,19,4,0,0,0,1
448,65000050-024,5,5,5,1,9,1,0,1,13
449,65000050-078,6,5,5,1,17,1,0,1,13
450,65000050-047,1,1,3,9,17,0,1,0,13
451,65000050-070,4,1,3,13,8,0,0,0,1
452,65000050-056,4,5,3,22,9,0,0,1,13
453,65000050-069,5,5,5,1,20,0,0,1,13
454,65000050-009,4,5,3,12,3,0,0,1,13
455,65000050-007,4,0,2,5,11,0,0,0,12
456,65000050-025,0,5,5,2,8,0,0,1,1
457,65000050-039,0,5,5,23,11,0,0,1,13
458,65000050-008,5,5,4,23,11,0,0,1,13
459,65000050-071,4,1,3,23,3,0,0,0,13
460,65000050-019,5,5,5,14,4,0,0,1,13
461,65000050-022,0,3,0,19,4,0,0,1,6
462,65000050-065,5,5,4,1,20,0,0,1,13
463,65000050-010,6,5,5,11,10,0,0,1,13
464,65000050-073,4,1,3,9,20,1,0,0,13
465,65000050-064,4,1,3,2,0,1,0,0,11
466,65000050-063,4,0,2,9,1,0,0,0,12
467,65000050-074,1,1,3,23,11,0,1,0,13
468,65000050-016,5,5,4,5,3,0,0,1,1
469,65000050-081,4,1,3,1,1,0,0,0,13
470,65000050-032,4,1,3,12,8,0,0,0,13
471,65000050-082,1,1,3,9,17,0,1,0,13
472,65000050-035,4,1,3,9,1,0,0,0,13
473,65000050-077,4,0,2,14,9,0,0,1,6
474,65000050-001,4,1,3,23,8,0,0,0,13
475,65000050-040,0,3,0,19,10,0,0,1,5
476,65000050-018,4,0,2,15,3,0,0,0,2
477,65000050-080,1,1,3,22,9,1,1,0,13
478,65000050-005,4,0,2,15,14,1,0,0,8
479,65000050-068,5,5,5,7,9,0,0,1,11
480,65000050-072,8,2,1,2,8,1,0,0,14
481,65000050-026,5,5,4,14,10,0,0,1,1
482,65000050-034,4,1,3,22,17,0,0,0,13
483,65000050-062,2,0,2,18,0,1,1,0,12
484,65000050-076,2,0,2,18,12,1,1,0,4
485,65000050-029,4,0,2,7,10,0,0,1,4
486,65000050-037,4,1,3,1,1,0,0,0,13
487,65000050-059,4,0,2,5,11,0,0,0,4
488,65000050-031,4,1,3,9,11,0,0,0,13
489,65000050-049,1,1,3,22,9,0,1,0,13
490,65000050-042,4,1,3,11,1,0,0,0,13
491,65000050-045,4,0,2,9,3,0,0,0,12
492,65000050-013,5,5,4,5,20,0,0,1,1
493,65000050-066,6,5,5,1,1,1,0,1,13
494,65000050-021,4,0,2,18,15,1,0,1,4
495,65000050-015,4,0,2,10,6,0,0,0,10
496,65000050-006,4,1,3,1,17,0,0,0,13
497,65000050-048,0,3,0,10,15,1,1,1,5
498,65000050-002,4,1,3,10,0,0,0,0,11
499,65000050-067,4,0,2,5,9,1,0,0,12
500,65000050-079,2,2,1,22,9,1,1,0,12
501,65000050-050,0,3,0,18,12,1,1,1,4
502,65000010-092,6,4,5,2,17,0,0,1,11
503,65000010-010,4,0,2,15,17,0,0,1,15
504,65000010-058,6,1,3,22,1,1,0,0,13
505,65000010-123,4,0,2,1,17,0,0,0,12
506,65000010-081,6,0,2,1,20,0,0,1,12
507,65000010-034,6,1,3,9,1,0,2,0,13
508,65000010-026,6,5,5,1,20,0,0,1,13
509,65000010-088,6,5,3,23,17,0,0,0,13
510,65000010-091,6,0,2,23,17,1,0,0,12
511,65000010-060,6,1,3,5,20,1,2,0,13
512,65000010-053,4,0,2,7,1,0,0,0,6
513,65000010-114,6,1,3,22,20,0,1,0,13
514,65000010-013,6,1,3,22,10,0,0,0,13
515,65000010-021,8,2,1,23,1,1,2,0,13
516,65000010-036,6,1,3,9,17,0,0,0,13
517,65000010-082,4,0,2,23,19,0,0,0,12
518,65000010-014,8,2,1,22,14,0,1,0,12
519,65000010-073,6,5,5,1,20,0,0,1,13
520,65000010-054,6,1,3,23,8,1,2,0,1
521,65000010-061,6,4,5,23,11,1,2,0,13
522,65000010-112,2,0,2,2,17,1,1,0,6
523,65000010-094,6,1,3,1,17,0,0,0,13
524,65000010-125,6,1,3,23,1,1,1,0,13
525,65000010-079,6,1,3,23,11,0,0,0,13
526,65000010-033,4,0,2,2,11,0,0,1,14
527,65000010-107,4,0,2,11,10,1,2,0,12
528,65000010-120,2,2,1,22,20,1,1,0,12
529,65000010-098,8,2,1,18,6,1,1,0,4
530,65000010-045,6,4,5,22,1,1,2,0,13
531,65000010-023,6,1,3,1,1,0,1,0,13
532,65000010-078,6,0,2,12,12,0,0,0,12
533,65000010-064,6,1,3,1,1,1,2,0,13
534,65000010-083,4,0,2,2,1,0,0,0,4
535,65000010-019,6,4,5,22,1,0,0,0,13
536,65000010-110,6,5,5,22,14,0,0,1,13
537,65000010-093,6,1,3,4,4,0,0,0,13
538,65000010-037,6,1,3,12,12,0,1,0,1
539,65000010-044,6,5,5,12,18,1,2,1,1
540,65000010-024,6,5,5,1,14,0,0,1,1
541,65000010-048,6,1,3,13,3,1,0,0,1
542,65000010-113,8,2,1,10,8,0,1,0,14
543,65000010-052,6,1,3,2,17,0,0,0,3
544,65000010-051,6,1,3,6,17,1,2,0,13
545,65000010-005,6,5,5,14,10,0,0,1,13
546,65000010-104,6,5,5,5,20,0,2,1,1
547,65000010-103,6,1,3,22,20,0,1,0,13
548,65000010-046,6,4,5,5,11,1,2,1,13
549,65000010-119,6,1,3,9,1,1,2,0,13
550,65000010-027,6,5,5,11,10,0,0,1,13
551,65000010-022,6,5,5,2,20,0,0,1,1
552,65000010-105,6,1,3,5,1,0,0,0,13
553,65000010-102,6,1,3,9,11,0,1,0,13
554,65000010-035,6,5,5,12,12,0,0,1,13
555,65000010-007,6,5,5,1,20,0,0,1,13
556,65000010-039,6,5,5,23,17,0,0,1,13
557,65000010-075,6,5,5,1,20,0,0,1,13
558,65000010-117,6,1,3,9,1,0,2,0,13
559,65000010-068,6,1,3,1,11,1,0,0,13
560,65000010-122,6,1,3,22,9,1,0,0,13
561,65000010-118,6,4,5,5,9,1,2,1,13
562,65000010-040,6,5,5,22,20,1,2,1,13
563,65000010-041,6,3,5,7,20,0,0,1,15
564,65000010-126,8,2,1,0,4,1,1,0,8
565,65000010-108,6,1,3,9,20,1,0,0,13
566,65000010-115,6,5,5,22,10,0,0,1,13
567,65000010-072,6,1,3,23,14,0,0,0,13
568,65000010-018,6,4,5,11,10,0,0,1,13
569,65000010-109,6,1,3,22,10,1,0,0,13
570,65000010-062,6,1,3,22,20,1,2,0,13
571,65000010-029,6,5,5,1,17,1,0,1,1
572,65000010-002,6,5,5,11,4,0,0,1,13
573,65000010-089,6,0,2,7,17,0,0,0,8
574,65000010-057,6,1,3,12,12,1,0,0,13
575,65000010-065,6,5,5,18,18,0,0,1,1
576,65000010-050,6,1,3,18,8,1,0,0,3
577,65000010-015,6,1,3,22,10,0,1,0,13
578,65000010-017,8,2,1,9,17,0,1,0,12
579,65000010-006,6,5,5,6,8,0,0,1,1
580,65000010-100,8,2,1,5,1,1,1,0,13
581,65000010-099,6,1,3,23,3,1,0,0,1
582,65000010-124,4,0,2,10,6,1,0,0,2
583,65000010-031,6,3,5,15,8,0,0,1,15
584,65000010-038,6,1,3,22,1,0,0,0,13
585,65000010-020,6,5,5,1,14,0,0,1,13
586,65000010-059,6,1,3,23,8,1,0,0,13
587,65000010-001,6,4,5,11,4,0,0,0,13
588,65000010-025,6,5,5,1,9,0,0,1,13
589,65000010-008,6,5,5,6,6,0,0,1,1
590,65000010-070,6,5,5,2,13,0,0,1,1
591,65000010-056,1,1,3,1,20,1,1,0,13
592,65000010-095,6,0,2,19,9,1,0,1,8
593,65000010-074,6,0,2,23,11,0,0,1,12
594,65000010-076,6,0,2,5,14,0,0,1,12
595,65000010-071,6,1,3,23,20,0,0,0,13
596,65000010-049,6,1,3,14,4,1,0,0,1
597,65000010-030,6,5,5,23,8,0,0,1,13
598,65000010-096,8,2,1,2,3,1,0,0,4
599,65000010-032,6,5,5,1,14,0,2,1,13
600,65000010-011,6,4,5,23,13,0,0,0,13
601,65000010-012,6,1,3,22,9,0,1,0,13
602,65000010-121,6,5,5,23,14,1,0,1,13
603,65000010-106,6,5,5,1,20,1,2,1,13
604,65000010-090,8,2,1,15,3,0,1,0,8
605,65000010-086,4,0,2,12,12,0,0,0,4
606,65000010-087,6,4,5,10,18,0,0,1,11
607,65000010-028,6,5,5,12,18,0,0,1,13
608,65000010-111,6,5,5,22,10,0,0,1,13
609,65000010-043,6,5,5,1,20,1,2,1,13
610,65000010-084,6,5,5,23,11,0,0,1,13
611,65000010-085,6,5,5,22,9,0,0,1,13
612,65000010-067,6,1,3,1,20,1,0,0,13
613,65000010-003,6,4,5,14,16,0,0,1,13
614,65000010-077,6,5,5,5,20,0,0,1,1
615,65000010-080,6,0,2,18,15,0,0,1,4
616,65000010-016,6,1,3,9,1,0,1,0,13
617,65000010-055,4,0,2,5,20,1,0,0,12
618,65000010-069,6,1,3,23,11,1,0,0,13
619,65000010-116,6,5,5,11,20,0,0,1,13
620,65000010-063,6,1,3,1,1,1,2,0,13
621,65000010-047,6,1,3,22,1,1,2,0,13
622,65000010-066,6,5,5,1,20,0,0,1,13
623,65000010-009,8,2,1,5,17,0,1,0,4
624,65000010-101,8,2,1,14,9,0,1,0,4
625,65000010-004,6,5,5,14,4,0,0,1,13
626,65000010-097,8,2,1,7,1,1,1,0,4
627,65000010-042,6,4,5,23,11,1,2,0,13
628,65000170-011,2,2,1,19,4,0,2,0,7
629,65000170-005,4,0,2,15,17,0,0,0,0
630,65000170-015,4,0,2,18,18,0,0,0,4
631,65000170-008,4,0,2,20,7,0,0,0,0
632,65000170-012,2,2,1,0,4,0,1,0,9
633,65000170-014,2,2,1,19,4,0,1,0,7
634,65000170-009,4,0,2,2,11,0,0,0,14
635,65000170-001,4,0,2,15,17,0,0,0,10
636,65000170-002,4,0,2,15,3,0,0,0,5
637,65000170-006,8,2,1,19,4,0,0,0,0
638,65000170-007,4,0,2,20,2,0,0,0,0
639,65000170-013,2,2,1,0,4,0,1,0,9
640,65000170-004,4,0,2,15,11,0,0,0,8
641,65000170-003,4,0,2,10,12,0,0,0,5
642,65000170-010,8,2,1,0,4,0,0,0,9
643,65000170-017,4,0,2,2,11,0,0,0,14
644,65000170-016,4,0,2,18,12,0,0,0,4
645,65000070-007,8,2,1,15,3,1,2,0,13
646,65000070-001,4,0,2,2,17,1,0,0,14
647,65000070-002,8,2,1,2,17,1,1,0,14
648,65000070-003,8,2,1,15,3,1,1,0,5
649,65000070-042,0,3,0,19,9,1,0,1,14
650,65000070-036,2,2,1,2,3,1,1,0,5
651,65000070-038,4,1,3,9,1,1,0,0,13
652,65000070-005,2,0,2,18,3,1,1,0,4
653,65000070-031,4,0,2,15,17,1,0,0,5
654,65000070-025,4,0,2,19,9,1,0,0,10
655,65000070-024,2,0,2,10,18,1,1,0,5
656,65000070-015,4,1,3,2,17,1,0,0,1
657,65000070-004,4,0,2,15,17,0,0,0,8
658,65000070-040,4,0,2,19,1,1,0,0,14
659,65000070-041,4,0,2,19,9,1,0,0,14
660,65000070-028,4,0,2,2,17,0,0,0,14
661,65000070-012,2,0,2,19,9,0,1,0,10
662,65000070-014,4,1,3,1,1,1,0,0,13
663,65000070-039,4,0,2,1,1,1,0,0,12
664,65000070-035,4,0,2,2,15,1,0,0,5
665,65000070-016,4,0,2,15,3,1,0,0,15
666,65000070-017,4,0,2,5,3,1,0,0,4
667,65000070-033,4,0,2,15,15,1,0,0,15
668,65000070-034,4,1,3,9,8,0,0,0,13
669,65000070-022,4,0,2,19,9,1,0,0,7
670,65000070-018,4,0,2,19,17,1,0,0,0
671,65000070-020,2,0,2,2,8,0,1,0,4
672,65000070-019,4,0,2,18,15,0,0,0,4
673,65000070-026,4,0,2,10,18,1,0,0,8
674,65000070-021,2,2,1,19,9,1,1,0,0
675,65000070-011,2,0,2,5,1,1,1,0,12
676,65000070-027,1,1,3,14,16,1,1,0,13
677,65000070-010,1,1,3,1,11,1,1,0,13
678,65000070-008,1,1,3,1,1,0,1,0,13
679,65000070-013,4,0,2,0,4,1,0,0,4
680,65000070-030,1,1,3,5,14,0,1,0,1
681,65000070-029,2,0,2,5,1,0,1,0,4
682,65000070-009,1,1,3,6,11,0,1,0,1
683,65000070-006,4,0,2,15,3,0,0,0,8
684,65000070-037,1,1,3,1,20,1,1,0,13
685,65000070-023,8,2,1,19,9,0,1,0,10
686,65000070-032,4,0,2,15,17,0,0,0,8
687,65000040-051,1,4,5,5,14,1,1,1,13
688,65000040-022,1,4,5,11,10,1,1,1,13
689,65000040-046,2,0,2,23,20,1,1,0,12
690,65000040-014,1,0,2,23,0,1,1,1,12
691,65000040-018,1,4,5,11,10,1,1,1,13
692,65000040-005,1,4,5,22,10,1,1,1,13
693,65000040-013,2,0,2,18,18,1,1,0,4
694,65000040-033,1,1,3,23,14,1,1,1,13
695,65000040-062,2,0,2,18,18,1,1,0,4
696,65000040-057,1,4,5,11,10,1,1,1,13
697,65000040-036,1,4,5,11,10,1,1,1,13
698,65000040-004,1,1,3,22,10,1,1,1,13
699,65000040-043,1,1,3,11,10,1,1,1,13
700,65000040-019,1,1,3,11,4,1,1,0,13
701,65000040-027,1,4,5,11,20,1,1,1,13
702,65000040-044,1,1,3,23,14,1,1,1,13
703,65000040-042,1,1,3,11,4,1,1,0,13
704,65000040-032,1,4,3,22,10,1,1,0,13
705,65000040-025,1,4,5,22,14,1,1,1,13
706,65000040-056,1,1,3,9,14,1,1,0,13
707,65000040-058,1,4,5,11,10,1,1,1,13
708,65000040-039,1,1,3,6,13,1,1,0,13
709,65000040-037,1,4,5,11,10,1,1,1,13
710,65000040-010,1,1,3,14,16,1,1,0,13
711,65000040-002,1,1,3,11,10,1,1,1,13
712,65000040-045,8,2,1,11,10,1,2,0,13
713,65000040-041,1,1,3,8,4,1,1,0,13
714,65000040-040,1,4,3,1,20,1,1,0,13
715,65000040-055,1,1,3,5,14,1,1,1,13
716,65000040-053,1,4,5,11,10,1,1,1,13
717,65000040-059,1,1,3,1,20,1,1,0,13
718,65000040-016,1,1,3,23,14,1,1,0,13
719,65000040-034,1,1,3,1,14,1,1,0,13
720,65000040-035,1,1,3,5,14,1,1,0,13
721,65000040-017,1,1,3,1,14,1,1,0,13
722,65000040-008,1,1,3,1,10,1,1,0,13
723,65000040-049,1,1,3,9,20,1,1,0,13
724,65000040-026,1,4,5,23,14,1,1,1,13
725,65000040-011,1,1,3,23,14,1,1,0,13
726,65000040-015,1,1,3,9,19,1,1,1,13
727,65000040-009,1,1,3,8,4,1,1,0,13
728,65000040-061,1,4,5,22,10,1,1,1,13
729,65000040-007,1,1,3,22,10,1,1,0,13
730,65000040-054,1,4,5,11,10,1,1,1,13
731,65000040-006,1,1,3,22,14,1,1,0,13
732,65000040-028,1,4,3,5,19,1,1,0,13
733,65000040-048,1,1,3,7,10,1,1,0,13
734,65000040-030,1,1,3,1,13,1,1,1,13
735,65000040-031,1,1,3,23,14,1,1,1,13
736,65000040-038,1,1,3,23,13,1,1,0,13
737,65000040-001,1,1,3,22,14,1,1,0,13
738,65000040-060,1,1,3,22,10,1,1,0,13
739,65000040-047,1,1,3,5,14,1,1,0,1
740,65000040-050,1,1,3,22,10,1,1,0,13
741,65000040-021,8,2,1,7,10,1,1,0,12
742,65000040-020,1,1,3,23,11,1,1,0,13
743,65000040-012,1,1,3,1,14,1,1,0,13
744,65000040-023,1,1,3,6,14,1,1,0,13
745,65000040-052,1,4,5,0,4,1,1,1,13
746,65000040-003,1,1,3,6,11,1,1,1,13
747,65000040-024,0,3,0,23,14,1,1,1,12
748,65000040-029,1,4,5,11,10,1,1,1,13
749,65000110-026,4,0,2,13,15,1,0,0,14
750,65000110-028,6,1,3,11,4,1,0,0,13
751,65000110-011,2,2,1,0,9,1,1,0,5
752,65000110-050,2,2,1,19,20,1,1,0,5
753,65000110-012,2,2,1,15,17,1,1,0,8
754,65000110-004,4,1,3,4,16,1,0,0,13
755,65000110-017,8,2,1,8,4,1,1,0,0
756,65000110-020,4,0,2,13,11,1,0,0,14
757,65000110-019,4,0,2,5,17,1,0,0,4
758,65000110-029,4,0,2,18,15,1,0,0,6
759,65000110-048,4,0,2,1,11,1,0,0,12
760,65000110-041,4,1,3,1,20,1,0,0,13
761,65000110-025,4,0,2,14,10,1,0,0,12
762,65000110-040,4,0,2,19,1,1,0,0,15
763,65000110-042,4,0,2,2,11,1,0,0,8
764,65000110-036,4,0,2,1,11,1,0,0,6
765,65000110-047,4,0,2,5,0,1,0,0,4
766,65000110-008,4,1,3,13,18,1,0,0,1
767,65000110-030,4,0,2,13,15,1,0,0,6
768,65000110-037,8,2,1,8,19,1,1,0,8
769,65000110-015,8,2,1,15,3,1,1,0,10
770,65000110-032,4,0,2,15,11,1,0,0,14
771,65000110-007,4,1,3,6,11,1,0,0,1
772,65000110-003,4,0,2,15,14,1,0,0,14
773,65000110-039,4,0,2,7,14,1,0,0,5
774,65000110-023,2,2,1,0,16,1,1,0,9
775,65000110-018,4,0,2,0,9,1,0,0,15
776,65000110-005,4,0,2,5,20,1,0,0,12
777,65000110-022,0,3,0,7,17,1,0,1,10
778,65000110-014,4,0,2,15,3,1,0,0,2
779,65000110-027,4,0,2,2,0,1,0,0,15
780,65000110-043,8,2,1,15,0,1,1,0,10
781,65000110-049,4,0,2,19,19,1,0,0,6
782,65000110-016,8,2,1,8,4,1,1,0,9
783,65000110-038,4,0,2,8,4,1,0,0,5
784,65000110-021,4,0,2,15,11,1,0,0,9
785,65000110-045,4,0,2,18,0,1,0,0,12
786,65000110-024,4,0,2,7,14,1,0,0,14
787,65000110-034,4,0,2,5,20,1,0,0,6
788,65000110-002,4,1,3,14,4,1,0,0,13
789,65000110-046,4,0,2,15,14,1,0,0,5
790,65000110-006,4,1,3,5,3,1,0,0,1
791,65000110-001,4,0,2,14,4,1,0,0,12
792,65000110-031,4,0,2,2,11,1,0,0,12
793,65000110-035,4,0,2,1,20,1,0,0,6
794,65000110-009,2,2,1,15,3,1,1,0,0
795,65000110-013,8,2,1,19,9,1,0,0,5
796,65000110-033,4,0,2,23,8,1,0,0,4
797,65000110-010,2,2,1,0,9,1,1,0,14
798,65000110-044,8,2,1,4,16,1,1,0,9
799,65000160-017,1,1,3,12,12,1,1,0,1
800,65000160-006,2,0,2,15,1,1,1,0,5
801,65000160-011,1,1,3,23,1,1,1,0,13
802,65000160-001,4,0,2,0,4,0,0,0,9
803,65000160-003,2,0,2,13,15,1,1,0,14
804,65000160-014,2,2,1,1,1,0,1,0,12
805,65000160-008,2,2,1,7,1,0,1,0,8
806,65000160-005,4,0,2,15,17,1,0,0,5
807,65000160-013,2,0,2,19,9,0,1,0,14
808,65000160-004,2,0,2,14,1,1,1,0,12
809,65000160-016,1,1,3,5,20,1,1,0,1
810,65000160-012,2,0,2,10,15,0,1,0,5
811,65000160-007,2,0,2,5,17,0,1,0,14
812,65000160-010,0,3,5,15,3,0,0,1,8
813,65000160-009,4,0,2,7,1,0,0,0,5
814,65000160-015,4,0,2,2,11,0,0,0,14
815,65000160-002,2,0,2,15,17,0,1,0,10
816,65000100-001,8,2,1,0,16,1,2,0,10
817,65000100-023,2,0,2,7,17,0,1,1,14
818,65000100-020,0,3,0,15,5,0,1,1,7
819,65000100-012,2,0,2,10,18,0,1,0,0
820,65000100-038,2,0,2,19,10,0,1,0,14
821,65000100-027,1,1,3,14,4,0,1,0,13
822,65000100-016,4,0,2,8,4,1,0,0,10
823,65000100-009,2,2,1,19,4,1,2,0,10
824,65000100-042,2,2,1,23,0,1,1,0,8
825,65000100-041,2,2,1,15,11,0,1,0,5
826,65000100-002,8,2,1,0,4,1,1,0,7
827,65000100-008,2,0,2,20,18,1,1,0,0
828,65000100-040,0,3,0,7,1,0,1,1,6
829,65000100-014,2,2,1,8,4,1,1,0,0
830,65000100-007,8,2,1,0,4,1,2,0,0
831,65000100-031,2,0,2,19,10,0,1,0,15
832,65000100-035,2,0,2,18,12,1,1,0,4
833,65000100-036,2,0,2,1,14,0,1,0,12
834,65000100-030,2,0,2,8,16,0,1,0,6
835,65000100-034,2,0,2,1,17,0,1,0,12
836,65000100-010,2,0,2,18,12,0,1,0,4
837,65000100-015,2,2,1,8,4,1,2,0,0
838,65000100-037,8,2,1,1,11,0,1,0,12
839,65000100-029,1,1,3,0,16,0,1,0,3
840,65000100-039,8,4,5,2,14,0,1,1,4
841,65000100-019,0,3,0,15,0,0,1,1,10
842,65000100-013,2,2,1,0,9,0,1,0,9
843,65000100-011,2,0,2,18,8,0,1,0,4
844,65000100-028,1,1,3,11,16,0,1,0,13
845,65000100-033,2,2,1,7,1,1,1,0,7
846,65000100-032,2,0,2,15,8,1,1,0,2
847,65000100-025,1,4,3,14,4,0,1,0,13
848,65000100-017,0,3,0,15,18,0,1,1,8
849,65000100-018,8,4,5,13,0,0,1,1,4
850,65000100-021,2,2,1,10,2,0,1,0,2
851,65000100-006,2,2,1,19,1,1,2,0,7
852,65000100-004,2,0,2,8,9,1,2,0,7
853,65000100-026,1,4,5,8,16,0,1,1,3
854,65000100-005,8,2,1,0,4,1,2,0,0
855,65000100-003,8,2,1,0,9,1,1,0,7
856,65000100-022,0,3,0,13,18,0,1,1,14
857,65000100-024,1,4,5,14,4,0,1,1,13
858,65000180-003,4,0,2,19,1,1,0,0,10
859,65000180-006,4,0,2,2,8,1,0,0,14
860,65000180-004,4,0,2,0,9,1,0,0,9
861,65000180-001,4,0,2,7,1,1,0,0,14
862,65000180-007,8,2,1,19,9,1,1,0,0
863,65000180-002,8,2,1,7,9,1,1,0,4
864,65000180-008,8,2,1,19,10,1,0,0,5
865,65000180-005,2,0,2,0,16,1,1,0,0
866,65000290-004,2,2,1,0,16,1,1,0,9
867,65000290-005,8,2,1,0,16,1,1,0,9
868,65000290-002,2,2,1,19,9,0,1,0,9
869,65000290-001,2,0,2,19,1,0,1,0,9
870,65000290-003,2,2,1,19,4,0,1,0,9
871,65000120-027,8,2,1,4,16,1,2,0,13
872,65000120-028,8,2,1,4,16,1,2,0,13
873,65000120-010,2,2,1,0,9,1,1,0,9
874,65000120-013,4,0,2,19,9,1,0,0,9
875,65000120-015,8,2,1,4,16,1,1,0,0
876,65000120-032,8,2,1,8,16,1,1,0,9
877,65000120-012,2,2,1,7,17,1,1,0,4
878,65000120-011,2,2,1,0,9,1,1,0,0
879,65000120-018,4,0,2,8,16,1,0,0,8
880,65000120-020,4,0,2,4,16,1,0,0,4
881,65000120-016,4,0,2,8,16,1,0,0,0
882,65000120-023,4,0,2,3,16,1,0,0,14
883,65000120-034,4,0,2,19,17,1,0,0,0
884,65000120-009,4,0,2,0,9,1,0,0,8
885,65000120-008,4,0,2,0,4,1,0,0,5
886,65000120-019,4,0,2,4,16,1,0,0,14
887,65000120-029,2,2,1,8,9,1,1,0,0
888,65000120-031,8,2,1,0,9,1,1,0,2
889,65000120-007,8,2,1,7,17,1,2,0,13
890,65000120-014,8,2,1,8,16,1,1,0,10
891,65000120-030,4,0,2,19,9,1,0,0,10
892,65000120-024,4,0,2,21,16,1,0,0,5
893,65000120-026,4,0,2,21,16,1,0,0,5
894,65000120-017,8,2,1,21,16,1,2,0,9
895,65000120-021,4,0,2,4,16,1,0,0,4
896,65000120-025,4,0,2,4,16,1,0,0,5
897,65000120-022,4,0,2,4,16,1,0,0,14
898,65000120-033,2,2,1,8,4,1,2,0,10
899,65000120-006,4,0,2,0,16,1,0,0,4
900,65000120-005,4,0,2,0,9,1,0,0,5
901,65000120-004,4,0,2,14,9,1,0,0,12
902,65000120-001,4,0,2,14,16,1,0,0,12
903,65000120-002,4,0,2,14,9,1,0,0,12
904,65000120-003,4,0,2,8,4,1,0,0,4
905,65000190-008,8,2,1,0,4,1,1,0,0
906,65000190-009,8,2,1,21,16,1,1,0,9
907,65000190-005,8,2,1,8,16,1,1,0,0
908,65000190-012,2,2,1,0,4,1,1,0,9
909,65000190-011,2,2,1,0,16,1,2,0,9
910,65000190-007,2,2,1,0,16,1,1,0,9
911,65000190-002,2,2,1,8,4,1,1,0,9
912,65000190-004,2,2,1,21,16,1,1,0,9
913,65000190-001,2,2,1,0,16,1,1,0,14
914,65000190-010,2,0,2,8,16,1,1,0,5
915,65000190-006,8,2,1,4,16,1,1,0,9
916,65000190-003,2,0,2,0,16,1,1,0,0
917,65000220-007,2,2,1,4,16,1,1,0,9
918,65000220-002,2,2,1,0,9,1,2,0,7
919,65000220-006,4,0,2,19,9,1,0,0,7
920,65000220-004,4,0,2,8,4,1,0,0,7
921,65000220-001,2,2,1,0,4,1,2,0,7
922,65000220-005,4,0,2,19,9,1,0,0,7
923,65000220-003,2,2,1,19,1,1,2,0,7
924,65000220-008,2,2,1,8,16,1,1,0,9
925,65000220-009,8,2,1,0,4,1,1,0,9
926,65000280-009,8,2,1,0,4,1,0,0,0
927,65000280-010,4,0,2,7,17,1,0,0,14
928,65000280-004,2,2,1,19,17,1,1,0,0
929,65000280-008,8,2,1,0,16,1,2,0,13
930,65000280-007,2,2,1,4,16,1,1,0,9
931,65000280-005,8,2,1,0,16,1,0,0,9
932,65000280-001,4,0,2,15,3,1,0,0,0
933,65000280-003,2,2,1,7,17,1,1,0,9
934,65000280-006,2,2,1,8,4,1,1,0,9
935,65000280-002,4,0,2,8,1,1,0,0,0
936,65000140-002,1,1,3,18,8,1,1,1,1
937,65000140-025,1,1,3,1,1,1,1,1,13
938,65000140-003,1,1,3,1,1,1,1,0,13
939,65000140-024,8,2,1,9,3,1,1,0,13
940,65000140-013,1,4,5,11,9,1,1,1,13
941,65000140-027,1,4,5,9,8,1,1,1,13
942,65000140-022,1,4,5,9,3,1,1,1,13
943,65000140-028,1,1,3,9,3,1,1,1,13
944,65000140-005,1,4,5,5,1,1,1,1,1
945,65000140-012,1,4,5,14,9,1,1,1,1
946,65000140-030,0,3,0,19,1,1,1,1,8
947,65000140-018,1,4,3,9,17,1,1,0,13
948,65000140-029,1,1,3,9,17,1,1,0,13
949,65000140-004,1,1,3,9,8,1,1,1,13
950,65000140-015,1,0,2,18,3,0,1,1,4
951,65000140-036,8,2,1,9,17,1,1,0,13
952,65000140-026,1,1,3,7,1,1,1,0,1
953,65000140-014,1,4,5,1,1,1,1,1,13
954,65000140-020,2,2,1,15,17,1,1,0,8
955,65000140-033,1,4,3,22,9,1,1,0,13
956,65000140-023,1,1,3,1,1,1,1,0,13
957,65000140-009,1,4,5,18,3,1,1,1,1
958,65000140-037,1,1,3,12,15,1,1,0,1
959,65000140-007,2,0,2,18,3,1,1,0,4
960,65000140-011,1,1,3,22,1,1,1,1,13
961,65000140-001,0,3,0,10,12,1,1,1,8
962,65000140-032,3,4,5,14,1,1,1,1,1
963,65000140-021,2,2,1,10,6,1,1,0,8
964,65000140-006,1,0,2,18,6,1,1,1,4
965,65000140-035,8,2,1,23,3,1,1,0,13
966,65000140-017,1,1,3,12,15,1,1,0,13
967,65000140-038,1,1,3,23,17,1,1,0,13
968,65000140-016,2,0,2,12,3,0,1,0,12
969,65000140-010,1,4,5,5,1,1,1,1,1
970,65000140-019,2,2,1,23,3,1,1,0,12
971,65000140-034,1,4,5,22,1,1,1,1,13
972,65000140-031,1,1,3,23,3,1,1,0,13
973,65000140-008,1,4,5,23,8,1,1,1,1
974,65000260-007,2,2,1,0,9,1,1,0,0
975,65000260-002,8,2,1,21,16,1,1,0,9
976,65000260-011,2,2,1,8,4,1,1,0,9
977,65000260-008,2,2,1,8,9,1,1,0,7
978,65000260-009,2,2,1,4,4,1,2,0,9
979,65000260-006,4,0,2,8,9,1,0,0,7
980,65000260-010,8,2,1,4,4,1,1,0,9
981,65000260-001,2,0,2,8,4,1,1,0,9
982,65000260-003,2,0,2,4,16,1,1,0,7
983,65000260-004,2,0,2,21,16,1,1,0,9
984,65000260-005,4,0,2,8,16,1,0,0,7
985,65000270-010,8,2,1,8,16,1,2,0,10
986,65000270-006,4,0,2,19,9,1,0,0,9
987,65000270-008,8,2,1,0,16,1,1,0,0
988,65000270-009,4,0,2,0,16,1,0,0,10
989,65000270-001,4,0,2,8,16,1,0,0,12
990,65000270-002,4,0,2,8,4,1,0,0,12
991,65000270-014,8,2,1,8,16,1,1,0,0
992,65000270-011,8,2,1,0,4,1,0,0,5
993,65000270-004,4,0,2,19,9,1,0,0,15
994,65000270-005,4,0,2,15,17,1,0,0,8
995,65000270-012,8,2,1,8,16,1,1,0,2
996,65000270-013,8,2,1,4,16,1,2,0,0
997,65000270-003,8,2,1,0,16,1,1,0,14
998,65000270-007,2,2,1,8,4,1,1,0,9
999,65000270-015,4,0,2,2,3,1,0,0,14
1000,65000250-005,8,2,1,4,16,1,2,0,9
1001,65000250-007,2,2,1,4,16,1,1,0,9
1002,65000250-009,2,2,1,4,16,1,1,0,9
1003,65000250-002,4,0,2,4,16,1,0,0,0
1004,65000250-010,2,2,1,21,16,1,1,0,9
1005,65000250-008,4,0,2,8,4,1,0,0,9
1006,65000250-003,4,0,2,8,4,1,0,0,10
1007,65000250-012,8,2,1,8,4,1,1,0,9
1008,65000250-006,4,0,2,8,9,1,0,0,9
1009,65000250-011,2,2,1,21,16,1,1,0,9
1010,65000250-001,4,0,2,8,16,1,0,0,12
1011,65000250-004,4,0,2,4,16,1,0,0,9
1012,65000080-018,4,0,2,15,15,0,0,0,0
1013,65000080-005,4,0,2,14,4,0,0,0,12
1014,65000080-011,4,0,2,10,6,0,0,0,10
1015,65000080-012,2,0,2,0,4,0,1,0,5
1016,65000080-004,2,2,1,15,11,0,1,0,8
1017,65000080-009,4,0,2,7,17,0,0,0,10
1018,65000080-003,4,1,3,18,3,0,0,0,1
1019,65000080-007,4,0,2,19,4,0,0,0,4
1020,65000080-014,4,0,2,2,3,0,0,0,14
1021,65000080-010,4,0,2,10,15,0,0,0,10
1022,65000080-020,4,0,2,18,15,0,0,0,4
1023,65000080-006,8,2,1,0,16,0,1,0,10
1024,65000080-013,2,2,1,0,16,0,1,0,10
1025,65000080-001,4,0,2,0,4,0,0,0,14
1026,65000080-017,4,0,2,2,3,0,0,0,8
1027,65000080-008,4,0,2,10,6,0,0,0,8
1028,65000080-002,4,0,2,19,9,0,0,0,8
1029,65000080-019,4,1,3,2,3,0,0,0,1
1030,65000080-016,4,0,2,2,17,0,0,0,14
1031,65000080-015,4,0,2,15,3,0,0,0,5
1032,63000040-027,5,5,4,18,18,0,0,1,1
1033,63000040-031,5,5,4,5,13,0,0,1,1
1034,63000040-030,5,5,4,5,13,0,0,1,1
1035,63000040-033,5,5,4,2,19,0,0,1,1
1036,63000040-006,5,5,4,6,0,0,0,1,1
1037,63000040-023,5,5,4,6,0,0,0,1,1
1038,63000040-013,0,3,0,7,19,1,0,1,7
1039,63000040-039,5,5,4,13,5,0,0,1,1
1040,63000040-042,0,3,0,7,19,1,0,1,14
1041,63000040-012,0,3,0,7,14,0,0,1,15
1042,63000040-037,5,5,4,14,19,0,0,1,1
1043,63000040-017,7,0,0,0,4,0,0,1,2
1044,63000040-014,0,3,0,10,7,1,0,1,8
1045,63000040-005,5,5,4,14,10,0,0,1,1
1046,63000040-040,5,5,4,5,5,0,0,1,1
1047,63000040-010,5,5,4,1,13,0,0,1,1
1048,63000040-015,5,5,4,10,7,1,0,1,3
1049,63000040-018,5,5,4,23,0,0,0,1,13
1050,63000040-019,0,3,0,15,0,0,0,1,15
1051,63000040-022,5,5,4,6,0,0,0,1,1
1052,63000040-020,5,5,4,6,0,0,0,1,1
1053,63000040-011,5,3,0,6,13,0,0,1,12
1054,63000040-036,5,5,4,2,5,0,0,1,1
1055,63000040-038,5,5,4,14,19,0,0,1,1
1056,63000040-034,5,5,4,18,13,0,0,1,1
1057,63000040-021,5,5,4,18,13,0,0,1,1
1058,63000040-001,5,5,4,5,19,0,0,1,13
1059,63000040-003,5,5,4,5,19,0,0,1,1
1060,63000040-002,5,5,4,6,0,0,0,1,1
1061,63000040-004,5,5,4,5,13,0,0,1,1
1062,63000040-016,5,5,4,18,7,1,0,1,3
1063,63000040-028,5,5,4,18,2,0,0,1,1
1064,63000040-029,5,5,4,18,2,0,0,1,1
1065,63000040-007,5,5,4,6,20,0,0,1,13
1066,63000040-009,5,5,4,6,14,0,0,1,1
1067,63000040-032,5,5,4,13,5,0,0,1,1
1068,63000040-025,5,5,4,18,12,0,0,1,1
1069,63000040-026,8,1,3,1,20,0,0,0,13
1070,63000040-024,5,4,4,6,12,0,0,1,1
1071,63000040-041,5,3,0,10,2,0,0,1,15
1072,63000040-008,5,3,0,13,18,0,0,1,14
1073,63000040-035,5,5,4,9,5,0,0,1,13
1074,63000050-031,5,5,4,18,7,0,0,1,1
1075,63000050-023,5,5,4,2,19,0,0,1,1
1076,63000050-019,5,5,4,12,7,0,0,1,1
1077,63000050-017,5,3,0,7,19,0,0,1,14
1078,63000050-002,0,3,0,7,10,0,0,1,6
1079,63000050-027,5,5,4,5,5,0,0,1,1
1080,63000050-026,0,3,0,2,5,0,0,1,4
1081,63000050-015,7,1,3,23,19,1,0,0,13
1082,63000050-022,5,3,0,19,10,0,0,1,8
1083,63000050-014,7,1,3,23,15,1,0,0,13
1084,63000050-016,5,5,4,1,19,0,0,1,13
1085,63000050-029,7,3,0,6,7,0,0,0,4
1086,63000050-003,0,3,0,14,19,0,0,1,12
1087,63000050-030,5,5,4,12,7,0,0,1,13
1088,63000050-021,5,5,4,12,7,0,0,1,1
1089,63000050-028,5,5,4,15,5,0,0,1,11
1090,63000050-008,5,5,4,6,19,0,0,1,13
1091,63000050-004,0,3,0,2,19,0,1,1,6
1092,63000050-025,5,5,4,7,19,0,0,1,11
1093,63000050-001,0,3,0,7,19,0,0,1,6
1094,63000050-011,7,1,3,23,0,0,1,0,1
1095,63000050-012,7,1,3,6,11,0,1,0,13
1096,63000050-005,0,3,0,6,5,0,1,1,6
1097,63000050-007,7,2,0,6,5,0,1,0,6
1098,63000050-009,0,4,4,6,5,0,1,1,13
1099,63000050-010,7,1,3,5,14,0,1,0,3
1100,63000050-006,5,5,4,6,5,0,0,1,13
1101,63000050-024,5,5,4,7,19,0,0,1,11
1102,63000050-018,0,3,0,5,19,0,1,1,12
1103,63000050-020,5,3,0,18,2,0,0,1,4
1104,63000050-013,7,1,3,23,19,0,1,0,13
1105,63000020-030,5,3,0,18,2,1,0,1,4
1106,63000020-031,0,3,0,7,5,1,0,1,8
1107,63000020-024,7,0,0,6,14,1,0,1,14
1108,63000020-004,5,5,4,1,19,0,0,1,13
1109,63000020-025,7,0,0,10,18,1,0,1,8
1110,63000020-013,5,5,4,23,14,1,0,1,13
1111,63000020-012,5,5,4,1,14,1,0,1,13
1112,63000020-032,7,0,2,15,2,1,0,0,5
1113,63000020-010,5,5,4,22,14,1,0,1,13
1114,63000020-037,7,0,0,22,19,0,0,0,12
1115,63000020-017,5,5,4,9,13,1,0,1,13
1116,63000020-016,5,5,4,6,14,1,0,1,1
1117,63000020-020,5,5,4,12,2,1,0,1,13
1118,63000020-027,7,0,0,6,14,1,0,1,12
1119,63000020-026,5,5,4,23,13,1,0,1,13
1120,63000020-009,5,5,4,18,7,1,0,1,11
1121,63000020-019,8,2,1,1,19,1,2,0,13
1122,63000020-008,5,5,4,12,7,1,0,1,1
1123,63000020-029,0,3,0,13,18,0,0,1,14
1124,63000020-007,5,5,4,23,5,1,0,1,13
1125,63000020-005,5,5,4,7,5,0,0,1,11
1126,63000020-035,7,0,0,5,14,0,0,1,4
1127,63000020-028,5,3,0,5,5,1,0,1,4
1128,63000020-034,5,5,4,6,5,0,0,1,13
1129,63000020-023,5,5,4,6,13,1,0,1,13
1130,63000020-022,7,0,0,18,13,1,0,1,4
1131,63000020-021,7,0,2,19,10,1,1,0,8
1132,63000020-002,5,5,4,23,5,0,0,1,13
1133,63000020-014,5,5,4,1,20,1,0,1,13
1134,63000020-018,5,5,4,6,14,1,0,1,1
1135,63000020-033,7,0,2,13,0,0,0,0,8
1136,63000020-003,5,5,4,7,19,0,0,1,1
1137,63000020-006,5,5,4,13,5,1,0,1,1
1138,63000020-001,5,5,4,7,13,0,0,1,11
1139,63000020-015,5,5,4,6,14,1,0,1,13
1140,63000020-011,5,5,4,5,13,1,0,1,1
1141,63000020-036,0,3,0,18,13,1,0,1,4
1142,63000020-041,0,3,0,8,9,1,0,1,8
1143,63000020-039,0,3,0,12,2,0,0,1,12
1144,63000020-040,0,3,0,6,14,0,0,1,12
1145,63000020-038,0,3,0,5,19,0,0,1,4
1146,63000100-022,0,3,0,18,12,1,0,1,6
1147,63000100-009,0,3,0,6,13,1,1,1,12
1148,63000100-025,8,2,1,15,14,1,1,0,0
1149,63000100-040,0,3,0,2,5,1,1,1,14
1150,63000100-012,0,3,0,15,5,1,1,1,0
1151,63000100-033,8,2,1,15,0,1,1,0,5
1152,63000100-031,0,3,0,12,18,1,1,1,12
1153,63000100-039,7,0,2,10,7,0,0,0,5
1154,63000100-035,0,3,0,18,18,1,1,1,4
1155,63000100-036,0,3,0,12,13,1,1,1,12
1156,63000100-023,7,0,0,12,0,1,1,1,12
1157,63000100-024,8,2,1,12,0,1,1,0,4
1158,63000100-017,0,3,0,18,7,1,1,1,14
1159,63000100-005,0,3,0,15,13,1,1,1,8
1160,63000100-007,0,3,0,18,18,1,1,1,14
1161,63000100-008,0,3,0,10,2,1,1,1,8
1162,63000100-006,5,4,4,23,13,1,1,1,13
1163,63000100-030,7,0,2,15,13,1,0,0,2
1164,63000100-010,0,3,0,10,2,1,0,1,8
1165,63000100-029,7,0,0,10,0,0,0,1,8
1166,63000100-021,0,3,0,5,13,0,0,0,12
1167,63000100-020,0,3,0,18,2,0,0,1,4
1168,63000100-028,7,0,2,15,19,1,0,0,15
1169,63000100-015,0,3,0,15,18,1,1,1,0
1170,63000100-032,0,3,0,13,2,1,1,1,14
1171,63000100-011,0,3,0,18,18,0,0,1,4
1172,63000100-019,0,3,0,13,2,0,0,1,14
1173,63000100-016,7,0,0,13,0,0,0,1,14
1174,63000100-018,0,3,0,18,2,1,1,1,4
1175,63000100-037,0,3,0,19,4,1,0,1,15
1176,63000100-027,7,0,0,13,12,1,0,1,6
1177,63000100-003,0,3,0,15,2,1,0,1,5
1178,63000100-002,0,3,0,10,2,1,0,1,5
1179,63000100-001,0,3,0,13,18,1,0,1,14
1180,63000100-026,5,5,4,13,18,1,0,0,11
1181,63000100-034,0,3,0,10,7,0,0,1,8
1182,63000100-014,2,2,1,15,18,1,1,0,10
1183,63000100-013,0,3,0,5,14,1,1,1,12
1184,63000100-038,0,3,0,18,13,1,1,1,4
1185,63000120-037,0,3,0,10,12,0,1,1,10
1186,63000120-030,8,2,1,5,14,1,0,0,4
1187,63000120-022,0,3,0,18,12,1,1,1,4
1188,63000120-028,0,3,0,6,20,1,0,1,12
1189,63000120-027,0,3,0,13,18,1,1,1,14
1190,63000120-018,0,3,0,15,0,1,1,1,7
1191,63000120-013,0,2,0,18,18,1,1,0,4
1192,63000120-014,8,2,1,2,13,1,1,0,14
1193,63000120-024,0,3,0,15,0,1,1,1,8
1194,63000120-041,7,0,2,0,4,1,0,0,0
1195,63000120-020,0,3,0,10,18,1,1,1,10
1196,63000120-015,0,4,4,23,14,1,1,1,13
1197,63000120-001,0,3,0,7,14,1,1,1,15
1198,63000120-008,0,3,0,18,18,1,1,1,4
1199,63000120-033,0,3,0,2,19,1,0,1,14
1200,63000120-002,0,4,4,6,14,1,1,1,13
1201,63000120-031,0,0,0,23,0,1,0,0,12
1202,63000120-012,0,3,0,2,14,1,1,1,8
1203,63000120-026,7,0,0,7,10,1,1,1,5
1204,63000120-036,0,3,0,15,11,1,0,1,5
1205,63000120-005,0,3,0,12,0,1,1,1,12
1206,63000120-006,0,3,0,13,2,1,1,1,14
1207,63000120-009,8,2,1,10,2,1,1,0,5
1208,63000120-011,8,1,3,23,13,1,1,0,13
1209,63000120-010,8,2,1,10,7,1,1,0,8
1210,63000120-039,2,2,1,8,9,1,2,0,9
1211,63000120-019,8,2,1,19,9,1,1,0,2
1212,63000120-021,0,3,0,18,15,1,1,1,4
1213,63000120-040,8,2,1,8,4,1,0,0,0
1214,63000120-042,8,2,1,8,4,1,0,0,9
1215,63000120-025,0,3,0,18,0,1,1,1,4
1216,63000120-003,0,4,4,23,14,1,1,1,13
1217,63000120-004,0,2,0,13,0,1,1,0,14
1218,63000120-032,8,2,1,7,20,1,0,0,5
1219,63000120-035,0,3,0,15,11,1,0,1,5
1220,63000120-016,0,3,0,2,14,1,1,1,14
1221,63000120-017,0,3,0,18,0,1,1,1,14
1222,63000120-007,0,3,0,18,18,1,1,1,4
1223,63000120-034,0,3,0,15,11,1,0,1,8
1224,63000120-023,0,3,0,18,0,1,1,1,4
1225,63000120-029,0,3,0,13,0,1,0,1,14
1226,63000120-038,0,3,0,10,12,1,1,1,2
1227,63000090-004,0,3,0,10,2,1,0,1,15
1228,63000090-002,0,3,0,15,20,1,0,1,10
1229,63000090-017,7,0,2,10,18,1,0,0,8
1230,63000090-018,2,2,1,15,0,1,1,0,9
1231,63000090-019,7,0,2,2,0,1,0,0,14
1232,63000090-001,5,5,4,13,0,1,0,1,11
1233,63000090-010,5,5,4,13,0,1,0,1,1
1234,63000090-011,7,0,0,13,0,1,0,1,14
1235,63000090-006,0,3,0,7,14,1,0,1,5
1236,63000090-003,0,3,0,5,20,1,0,1,4
1237,63000090-005,7,0,0,18,12,1,0,1,4
1238,63000090-007,0,3,0,2,13,1,0,1,14
1239,63000090-009,0,3,0,2,0,1,0,1,6
1240,63000090-014,7,0,2,13,11,1,0,0,4
1241,63000090-015,0,3,0,6,14,1,0,1,12
1242,63000090-016,7,0,2,10,15,1,0,0,9
1243,63000090-012,5,5,4,6,14,1,0,1,13
1244,63000090-008,0,3,0,2,11,1,0,1,14
1245,63000090-020,7,5,4,2,5,1,0,1,3
1246,63000090-013,5,5,4,1,14,1,0,1,13
1247,63000110-033,7,0,2,13,13,1,1,0,8
1248,63000110-001,5,5,4,5,20,1,0,1,13
1249,63000110-044,8,2,1,0,4,1,1,0,10
1250,63000110-010,0,3,0,5,14,1,0,1,12
1251,63000110-026,0,3,0,13,2,1,0,1,14
1252,63000110-039,8,2,1,13,2,1,2,0,14
1253,63000110-038,7,2,1,5,5,1,1,0,4
1254,63000110-040,8,2,1,18,2,1,2,0,12
1255,63000110-042,7,0,2,15,2,1,0,0,10
1256,63000110-041,8,2,1,18,7,1,1,0,4
1257,63000110-037,7,1,3,6,5,1,1,0,1
1258,63000110-036,7,1,3,18,13,1,1,0,1
1259,63000110-016,7,0,2,13,8,1,0,0,6
1260,63000110-024,7,0,2,15,3,1,1,0,7
1261,63000110-025,7,0,2,7,19,1,0,0,14
1262,63000110-048,2,2,1,0,4,1,1,0,9
1263,63000110-008,7,0,2,13,12,1,0,0,6
1264,63000110-028,5,5,4,13,13,1,0,1,1
1265,63000110-027,0,3,0,5,14,1,0,1,4
1266,63000110-030,5,4,4,6,5,1,1,1,1
1267,63000110-012,0,3,0,23,13,1,0,1,12
1268,63000110-045,7,2,1,8,10,1,1,0,10
1269,63000110-014,7,0,0,13,14,1,0,1,6
1270,63000110-032,7,2,1,15,13,1,1,0,5
1271,63000110-022,8,2,1,13,8,1,1,0,15
1272,63000110-043,7,0,2,8,10,1,0,0,5
1273,63000110-049,2,2,1,0,4,1,1,0,9
1274,63000110-011,7,3,0,12,0,1,0,0,6
1275,63000110-021,8,2,1,18,8,1,1,0,6
1276,63000110-019,7,0,2,13,8,1,0,0,6
1277,63000110-020,7,1,3,18,15,1,0,0,3
1278,63000110-009,7,0,2,18,0,1,0,0,6
1279,63000110-007,0,3,0,13,18,1,0,1,6
1280,63000110-023,7,0,2,15,3,1,1,0,7
1281,63000110-004,0,3,0,13,0,1,0,1,4
1282,63000110-005,0,3,0,13,2,1,0,1,14
1283,63000110-003,0,3,0,7,10,0,0,1,10
1284,63000110-013,7,0,0,23,8,1,0,1,6
1285,63000110-015,7,1,3,5,11,1,0,0,3
1286,63000110-002,0,3,0,2,10,1,0,1,4
1287,63000110-050,7,0,2,8,19,1,1,0,5
1288,63000110-029,7,1,3,23,13,1,1,0,13
1289,63000110-051,7,0,2,7,19,1,0,0,10
1290,63000110-006,0,3,0,6,18,1,0,1,12
1291,63000110-031,7,0,2,10,2,1,0,0,5
1292,63000110-047,8,2,1,0,4,1,0,0,9
1293,63000110-018,7,1,3,5,20,1,0,0,3
1294,63000110-017,7,0,2,18,12,1,0,0,6
1295,63000110-035,0,3,0,13,2,1,1,1,4
1296,63000110-034,7,0,0,18,2,1,1,1,4
1297,63000110-046,7,0,2,8,10,1,0,0,10
1298,63000060-026,0,3,0,5,20,0,1,1,4
1299,63000060-008,5,5,4,23,11,0,0,1,13
1300,63000060-012,5,5,4,5,20,0,0,1,3
1301,63000060-018,5,5,4,1,14,0,0,1,13
1302,63000060-017,7,5,4,14,1,0,0,1,3
1303,63000060-009,5,5,4,5,11,0,0,1,1
1304,63000060-010,5,5,4,6,20,0,0,1,13
1305,63000060-003,5,5,4,6,11,0,0,1,13
1306,63000060-002,5,5,4,5,14,0,0,1,1
1307,63000060-004,5,5,4,5,14,0,0,1,13
1308,63000060-019,5,5,4,22,17,0,0,1,13
1309,63000060-020,5,5,4,23,8,0,0,1,13
1310,63000060-007,5,5,4,18,0,0,0,1,1
1311,63000060-014,5,5,4,14,9,0,0,1,3
1312,63000060-006,5,5,4,6,14,0,0,1,13
1313,63000060-013,5,5,4,18,0,0,0,1,1
1314,63000060-005,5,5,4,5,0,0,0,1,1
1315,63000060-001,5,3,0,7,10,0,0,1,14
1316,63000060-024,7,0,2,13,8,0,0,0,15
1317,63000060-022,5,5,4,18,12,0,0,1,1
1318,63000060-016,5,5,4,5,0,0,0,1,1
1319,63000060-021,7,1,3,13,8,0,0,0,3
1320,63000060-025,0,3,0,13,0,0,0,1,6
1321,63000060-015,5,5,4,5,20,0,0,1,13
1322,63000060-011,5,5,4,12,12,0,0,1,1
1323,63000030-005,5,3,0,5,5,0,0,1,4
1324,63000030-002,5,5,4,23,7,0,0,1,13
1325,63000030-029,5,3,0,6,13,0,0,1,12
1326,63000030-056,5,5,4,12,7,0,0,1,1
1327,63000030-019,5,5,4,5,5,0,0,1,13
1328,63000030-010,5,3,0,18,7,0,0,1,4
1329,63000030-035,5,3,0,6,5,0,0,1,12
1330,63000030-014,5,5,4,18,7,0,0,1,1
1331,63000030-013,5,5,4,1,5,0,0,1,13
1332,63000030-003,5,3,0,18,7,0,0,1,4
1333,63000030-043,5,5,4,18,7,0,0,1,1
1334,63000030-057,5,3,0,8,10,0,0,1,10
1335,63000030-050,5,3,0,6,7,0,0,1,12
1336,63000030-049,5,3,0,6,5,0,0,1,12
1337,63000030-001,5,3,0,6,7,0,0,1,12
1338,63000030-051,5,3,0,18,7,0,0,1,4
1339,63000030-053,5,5,4,23,7,0,0,1,1
1340,63000030-023,5,5,4,12,7,0,0,1,13
1341,63000030-008,5,5,4,14,19,0,0,1,1
1342,63000030-052,5,5,4,23,5,0,0,1,13
1343,63000030-004,5,3,0,18,7,0,0,1,4
1344,63000030-007,5,3,0,13,2,0,0,1,14
1345,63000030-018,5,5,4,1,5,0,0,1,13
1346,63000030-034,5,5,4,6,5,0,0,1,13
1347,63000030-017,5,3,0,12,7,1,0,1,12
1348,63000030-037,5,5,4,9,7,0,0,1,13
1349,63000030-036,5,3,0,6,7,0,0,1,12
1350,63000030-030,5,3,0,6,7,0,0,1,4
1351,63000030-006,5,3,0,6,5,0,0,1,4
1352,63000030-039,0,3,0,19,19,0,0,1,4
1353,63000030-033,5,5,4,22,14,0,0,1,13
1354,63000030-044,5,5,4,13,13,0,0,1,1
1355,63000030-054,5,5,4,5,5,0,0,1,1
1356,63000030-038,5,5,4,5,5,0,0,1,1
1357,63000030-009,5,5,4,6,5,0,0,1,13
1358,63000030-055,5,5,4,23,7,0,0,1,13
1359,63000030-031,5,5,4,23,18,0,0,1,13
1360,63000030-032,5,5,4,23,13,0,0,1,13
1361,63000030-016,5,5,4,18,7,0,0,1,1
1362,63000030-020,5,5,4,5,5,0,0,1,1
1363,63000030-021,5,5,4,23,7,0,0,1,13
1364,63000030-046,0,3,0,13,0,0,1,1,4
1365,63000030-048,0,3,0,7,13,0,0,1,14
1366,63000030-047,0,4,0,13,2,0,1,1,4
1367,63000030-022,5,5,4,18,7,0,0,1,1
1368,63000030-011,5,5,4,6,7,0,0,1,1
1369,63000030-015,5,3,0,12,2,1,0,1,4
1370,63000030-012,5,5,4,23,5,0,0,1,13
1371,63000030-040,0,3,0,12,7,0,0,1,4
1372,63000030-028,5,5,4,12,7,0,0,1,13
1373,63000030-041,5,5,4,2,5,0,0,1,11
1374,63000030-026,5,5,4,6,5,0,0,1,13
1375,63000030-027,5,3,0,6,5,0,0,1,12
1376,63000080-034,0,3,0,15,13,1,0,1,0
1377,63000080-038,7,0,2,5,19,1,0,0,12
1378,63000080-036,7,2,1,15,14,1,1,0,9
1379,63000080-040,7,0,2,10,7,1,1,0,0
1380,63000080-025,7,0,2,5,11,1,0,0,4
1381,63000080-026,7,0,2,18,18,1,0,0,4
1382,63000080-005,0,3,0,2,19,1,0,1,6
1383,63000080-004,0,3,0,13,18,1,0,1,6
1384,63000080-002,7,0,0,18,13,1,0,1,4
1385,63000080-003,0,3,0,5,5,1,0,1,4
1386,63000080-006,0,3,0,18,13,1,0,1,4
1387,63000080-001,0,3,0,18,18,1,0,1,4
1388,63000080-028,7,0,2,18,12,1,0,0,14
1389,63000080-027,7,0,0,13,2,1,0,1,8
1390,63000080-041,7,0,2,18,18,1,0,0,4
1391,63000080-031,7,0,2,18,13,1,0,0,4
1392,63000080-030,7,0,2,18,2,1,0,0,4
1393,63000080-043,7,1,3,9,14,1,0,0,13
1394,63000080-032,7,0,2,18,13,1,0,0,4
1395,63000080-037,7,0,2,0,4,1,0,0,0
1396,63000080-014,0,3,0,7,19,1,0,1,14
1397,63000080-018,7,0,2,18,2,1,0,0,4
1398,63000080-015,7,3,0,12,18,1,0,0,12
1399,63000080-016,0,3,0,2,13,1,0,1,8
1400,63000080-020,7,0,0,13,18,0,0,1,14
1401,63000080-022,0,3,0,13,2,1,0,1,8
1402,63000080-017,7,0,0,6,13,1,1,1,12
1403,63000080-021,0,3,0,7,19,1,0,1,14
1404,63000080-019,7,5,4,23,13,1,0,1,13
1405,63000080-013,0,3,0,5,13,1,0,1,4
1406,63000080-042,7,0,2,5,13,1,1,0,4
1407,63000080-024,7,0,0,10,2,1,0,1,8
1408,63000080-011,0,3,0,7,19,1,0,1,6
1409,63000080-010,0,3,0,13,5,0,0,1,6
1410,63000080-007,0,3,0,18,5,1,0,1,12
1411,63000080-012,0,3,0,2,13,1,0,1,14
1412,63000080-008,7,5,4,23,19,1,0,1,13
1413,63000080-039,0,3,0,13,18,1,0,1,8
1414,63000080-035,0,3,0,10,2,1,0,1,0
1415,63000080-033,0,3,0,18,18,1,0,1,14
1416,63000080-009,5,5,4,12,2,1,0,1,13
1417,63000080-023,7,0,0,13,2,1,0,1,14
1418,63000080-029,7,0,2,12,0,1,0,0,12
1419,63000010-004,7,0,2,23,7,0,0,0,12
1420,63000010-027,5,5,4,23,19,0,0,1,13
1421,63000010-026,5,3,0,18,7,0,0,1,14
1422,63000010-015,5,3,0,18,7,0,0,1,4
1423,63000010-009,7,1,3,1,5,0,0,0,1
1424,63000010-029,5,5,4,9,19,0,0,1,13
1425,63000010-022,5,5,4,18,2,0,0,1,1
1426,63000010-019,5,5,4,18,18,0,0,1,1
1427,63000010-008,7,0,2,9,5,0,0,0,12
1428,63000010-006,7,0,2,23,5,0,1,0,12
1429,63000010-033,5,5,4,23,5,0,0,1,1
1430,63000010-032,5,5,4,23,5,0,0,1,13
1431,63000010-031,5,5,4,22,19,0,0,1,13
1432,63000010-025,5,5,4,6,13,0,0,1,1
1433,63000010-018,0,3,0,13,12,1,0,1,6
1434,63000010-030,7,3,0,12,2,0,0,1,12
1435,63000010-007,7,1,3,2,13,0,0,0,1
1436,63000010-005,7,1,3,6,13,1,1,0,13
1437,63000010-024,5,5,4,12,2,1,0,1,1
1438,63000010-011,5,5,4,6,2,0,0,1,1
1439,63000010-014,5,5,4,23,5,0,0,1,13
1440,63000010-013,7,1,4,22,19,0,1,1,13
1441,63000010-003,7,0,0,18,7,0,1,1,4
1442,63000010-035,5,3,0,5,19,0,0,1,4
1443,63000010-016,5,3,0,18,7,0,0,1,4
1444,63000010-017,5,5,4,6,13,0,0,1,1
1445,63000010-034,7,3,0,1,19,0,0,1,12
1446,63000010-010,0,3,0,15,5,0,0,1,10
1447,63000010-028,0,3,0,2,19,0,0,1,4
1448,63000010-021,5,5,4,12,7,0,0,1,1
1449,63000010-002,7,0,2,15,14,0,0,0,2
1450,63000010-020,5,5,4,6,13,0,0,1,1
1451,63000010-012,5,5,4,12,7,0,0,1,1
1452,63000070-009,5,5,4,6,14,0,0,1,13
1453,63000070-027,7,1,3,22,20,1,0,0,13
1454,63000070-026,7,1,3,1,20,1,0,0,13
1455,63000070-035,7,1,3,9,1,1,1,0,13
1456,63000070-016,5,5,4,6,3,0,0,1,1
1457,63000070-024,7,0,2,18,15,0,0,0,6
1458,63000070-030,7,1,3,23,11,1,0,0,13
1459,63000070-023,7,0,2,1,1,1,0,0,6
1460,63000070-007,5,5,4,6,11,0,0,1,13
1461,63000070-010,5,5,4,6,3,0,0,1,1
1462,63000070-022,7,1,3,23,11,0,0,0,13
1463,63000070-034,7,0,2,9,11,1,0,0,12
1464,63000070-014,7,0,2,12,18,1,0,0,12
1465,63000070-021,7,1,3,23,8,1,0,0,13
1466,63000070-013,7,1,3,22,10,1,0,0,13
1467,63000070-004,5,5,4,6,0,0,0,1,13
1468,63000070-020,7,1,3,5,20,1,0,0,1
1469,63000070-033,7,0,2,6,11,1,0,0,6
1470,63000070-019,7,0,0,7,3,0,0,1,15
1471,63000070-029,7,0,2,5,1,1,0,0,6
1472,63000070-001,0,3,0,5,11,0,0,1,6
1473,63000070-008,5,5,4,1,20,0,0,1,13
1474,63000070-015,8,2,1,6,11,1,2,0,13
1475,63000070-017,7,1,3,5,17,0,0,0,1
1476,63000070-031,7,0,2,15,17,1,0,0,15
1477,63000070-005,7,0,0,13,8,0,0,0,14
1478,63000070-032,7,0,2,13,8,1,0,0,15
1479,63000070-018,7,0,2,13,15,0,0,0,6
1480,63000070-002,5,5,4,14,20,0,0,1,3
1481,63000070-003,5,5,4,5,14,0,0,1,1
1482,63000070-028,7,0,2,6,11,1,0,0,6
1483,63000070-025,7,0,2,6,8,1,0,0,6
1484,63000070-012,5,5,4,5,11,1,0,1,1
1485,63000070-006,0,3,0,13,8,0,0,1,6
1486,63000070-011,5,5,4,18,12,1,0,1,1
1487,63000070-036,7,0,2,7,10,0,0,0,6
