V_ID,QoL_PR
65000090-001,79.57
65000090-004,72.45
65000090-025,48.59
65000090-026,8.27
65000090-014,11.96
65000090-023,21.57
65000090-003,58.2
65000090-011,17.2
65000090-010,51.61
65000090-021,5.78
65000090-024,39.31
65000090-005,33.6
65000090-020,34.41
65000090-015,30.58
65000090-016,14.58
65000090-006,0.34
65000090-012,53.36
65000090-017,36.09
65000090-018,53.09
65000090-019,17.41
65000090-007,57.53
65000090-002,63.51
65000090-022,16.33
65000090-013,16.6
65000090-008,50.4
65000090-009,40.19
65000090-027,67.34
65000090-028,74.26
65000210-001,8.33
65000210-003,71.44
65000210-011,3.97
65000210-005,12.23
65000210-002,40.05
65000210-012,17.07
65000210-009,27.62
65000210-004,83.74
65000210-007,12.3
65000210-010,41.2
65000210-013,12.97
65000210-006,43.15
65000210-008,56.25
65000020-072,48.39
65000020-019,4.97
65000020-052,46.37
65000020-041,23.32
65000020-026,44.83
65000020-029,25.47
65000020-005,39.11
65000020-002,41.53
65000020-095,3.29
65000020-096,2.22
65000020-104,4.23
65000020-109,47.72
65000020-119,0.81
65000020-032,45.5
65000020-097,1.28
65000020-034,16.2
65000020-118,39.99
65000020-065,55.04
65000020-074,53.97
65000020-020,17.54
65000020-035,30.17
65000020-021,34.68
65000020-013,9.07
65000020-057,46.1
65000020-036,32.53
65000020-014,34.01
65000020-077,2.62
65000020-078,8.47
65000020-110,2.35
65000020-083,13.24
65000020-027,37.23
65000020-022,10.28
65000020-023,4.3
65000020-043,23.25
65000020-086,32.26
65000020-028,50
65000020-042,8.13
65000020-031,10.15
65000020-060,69.83
65000020-001,8.6
65000020-071,56.79
65000020-075,37.37
65000020-107,19.22
65000020-106,4.64
65000020-105,18.35
65000020-085,27.69
65000020-082,42.94
65000020-030,21.71
65000020-076,7.8
65000020-006,37.9
65000020-033,10.22
65000020-102,16.53
65000020-100,11.42
65000020-101,31.25
65000020-099,43.55
65000020-103,5.24
65000020-098,41.8
65000020-007,34.07
65000020-080,23.86
65000020-051,47.18
65000020-049,45.43
65000020-047,30.44
65000020-048,32.46
65000020-045,2.49
65000020-112,29.44
65000020-091,19.96
65000020-087,32.33
65000020-025,32.06
65000020-090,26.48
65000020-092,12.43
65000020-113,3.56
65000020-088,47.92
65000020-089,29.03
65000020-040,56.65
65000020-115,4.77
65000020-114,3.23
65000020-039,47.51
65000020-093,7.06
65000020-081,35.89
65000020-017,1.48
65000020-018,1.55
65000020-015,9.01
65000020-108,34.21
65000020-038,57.06
65000020-073,36.63
65000020-111,30.91
65000020-037,34.95
65000020-117,35.15
65000020-009,4.5
65000020-016,3.09
65000020-008,29.64
65000020-094,29.5
65000020-070,52.49
65000020-116,4.57
65000020-084,16.06
65000020-050,42.07
65000020-024,40.39
65000020-066,25.67
65000020-004,29.7
65000020-010,0.94
65000020-046,51.75
65000020-012,60.42
65000020-044,28.9
65000020-055,59.54
65000020-067,7.26
65000020-011,7.33
65000020-054,25.54
65000020-061,33.74
65000020-056,59.74
65000020-062,26.21
65000020-063,56.05
65000020-058,68.75
65000020-064,12.77
65000020-059,68.21
65000020-053,54.17
65000020-003,27.82
65000020-079,7.53
65000020-068,16.47
65000020-069,46.51
65000030-001,88.1
65000030-023,80.78
65000030-083,35.28
65000030-005,20.16
65000030-081,19.09
65000030-004,48.66
65000030-019,43.41
65000030-003,14.65
65000030-042,3.63
65000030-090,15.12
65000030-009,49.8
65000030-026,51.81
65000030-082,61.76
65000030-046,26.08
65000030-088,54.37
65000030-057,28.02
65000030-089,25.4
65000030-060,27.08
65000030-058,36.83
65000030-069,14.05
65000030-091,17.14
65000030-043,60.69
65000030-070,51.95
65000030-044,13.44
65000030-021,8
65000030-022,38.37
65000030-020,67.54
65000030-062,7.93
65000030-075,16.13
65000030-074,12.03
65000030-039,78.76
65000030-002,53.63
65000030-012,65.32
65000030-006,33.4
65000030-045,6.65
65000030-067,21.17
65000030-073,22.98
65000030-038,31.72
65000030-059,15.73
65000030-025,10.08
65000030-071,29.3
65000030-064,18.88
65000030-040,78.63
65000030-050,50.94
65000030-047,30.31
65000030-051,56.32
65000030-048,22.78
65000030-079,30.51
65000030-049,36.69
65000030-036,60.95
65000030-010,55.78
65000030-041,6.18
65000030-092,21.77
65000030-093,9.54
65000030-056,15.26
65000030-061,23.39
65000030-087,31.12
65000030-068,4.44
65000030-024,14.85
65000030-065,36.02
65000030-011,58.8
65000030-054,1.95
65000030-063,9.41
65000030-017,0.2
65000030-084,75
65000030-080,25
65000030-018,43.95
65000030-014,40.59
65000030-013,44.29
65000030-016,35.35
65000030-015,23.05
65000030-033,55.11
65000030-077,18.75
65000030-027,61.36
65000030-032,72.18
65000030-028,50.34
65000030-031,24.8
65000030-030,88.84
65000030-072,39.18
65000030-029,25.13
65000030-076,28.63
65000030-055,50.2
65000030-066,25.6
65000030-078,65.39
65000030-037,49.46
65000030-035,20.23
65000030-007,66.94
65000030-008,30.11
65000030-085,55.85
65000030-052,55.58
65000030-053,67.81
65000030-086,52.82
65000030-034,2.02
65000150-009,55.38
65000150-008,46.77
65000150-007,4.1
65000150-015,20.09
65000150-013,16.87
65000150-010,56.18
65000150-006,14.18
65000150-005,19.35
65000150-014,20.83
65000150-018,52.02
65000150-002,53.76
65000150-017,58.06
65000150-019,20.03
65000150-020,59.27
65000150-001,47.24
65000150-004,3.9
65000150-012,12.5
65000150-011,13.91
65000150-003,6.25
65000150-016,5.51
65000230-010,27.02
65000230-004,18.55
65000230-003,42.74
65000230-002,66.13
65000230-006,24.46
65000230-008,31.38
65000230-007,34.74
65000230-009,59.68
65000230-005,53.16
65000230-001,62.1
65000130-017,0.07
65000130-041,86.96
65000130-004,37.1
65000130-037,67.2
65000130-003,82.73
65000130-033,76.88
65000130-002,76.08
65000130-001,51.34
65000130-010,87.7
65000130-020,64.18
65000130-042,87.9
65000130-029,94.15
65000130-039,76.01
65000130-031,23.99
65000130-018,9.88
65000130-028,57.26
65000130-044,79.44
65000130-034,41.6
65000130-040,32.93
65000130-030,47.65
65000130-047,15.66
65000130-019,48.86
65000130-035,60.08
65000130-007,82.33
65000130-006,67.41
65000130-043,79.91
65000130-009,83.53
65000130-027,89.92
65000130-038,38.04
65000130-021,48.25
65000130-014,69.42
65000130-022,81.18
65000130-015,13.51
65000130-013,2.08
65000130-012,41.94
65000130-016,35.01
65000130-011,19.56
65000130-026,45.7
65000130-036,51.21
65000130-008,72.65
65000130-046,15.86
65000130-005,80.31
65000130-045,39.85
65000130-032,77.08
65000130-023,78.43
65000130-025,49.73
65000130-024,32.73
65000200-005,27.55
65000200-002,52.35
65000200-003,43.75
65000200-006,53.49
65000200-007,26.75
65000200-004,13.78
65000200-001,11.63
65000240-011,24.73
65000240-009,34.27
65000240-006,55.51
65000240-010,21.37
65000240-005,76.95
65000240-012,20.9
65000240-008,8.06
65000240-007,37.7
65000240-003,76.34
65000240-004,71.37
65000240-002,62.57
65000240-001,5.65
65000060-013,9.61
65000060-054,80.04
65000060-052,93.15
65000060-044,84.68
65000060-037,71.03
65000060-045,84.54
65000060-041,0.4
65000060-046,87.16
65000060-008,64.45
65000060-016,2.42
65000060-057,1.68
65000060-053,58
65000060-023,6.92
65000060-033,74.4
65000060-001,85.42
65000060-021,35.75
65000060-004,56.59
65000060-003,76.61
65000060-010,69.02
65000060-011,83.87
65000060-056,73.59
65000060-064,1.61
65000060-007,83.27
65000060-058,65.26
65000060-006,88.98
65000060-059,28.56
65000060-026,25.94
65000060-035,80.44
65000060-028,38.64
65000060-061,51.88
65000060-040,74.06
65000060-032,94.96
65000060-062,84.27
65000060-017,7.39
65000060-009,62.84
65000060-043,62.7
65000060-034,89.45
65000060-036,69.96
65000060-066,68.01
65000060-042,21.24
65000060-031,77.42
65000060-039,91.67
65000060-038,81.05
65000060-019,1.34
65000060-055,28.7
65000060-002,71.17
65000060-014,17.27
65000060-015,36.36
65000060-067,21.3
65000060-005,64.65
65000060-020,1.08
65000060-048,58.47
65000060-047,49.4
65000060-050,70.9
65000060-029,43.08
65000060-049,40.52
65000060-051,85.75
65000060-025,24.06
65000060-063,7.46
65000060-022,3.16
65000060-069,13.37
65000060-068,3.43
65000060-065,57.33
65000060-024,22.58
65000060-018,5.71
65000060-030,23.52
65000060-012,72.72
65000060-060,2.82
65000060-027,13.31
65000050-054,14.31
65000050-058,7.12
65000050-053,94.62
65000050-014,62.5
65000050-057,9.68
65000050-075,15.39
65000050-017,18.01
65000050-023,9.21
65000050-011,63.17
65000050-051,26.01
65000050-020,5.58
65000050-052,58.4
65000050-043,92
65000050-028,49.66
65000050-061,23.79
65000050-030,59.88
65000050-084,12.84
65000050-044,33.47
65000050-041,12.57
65000050-083,13.98
65000050-038,5.17
65000050-004,70.03
65000050-060,84.14
65000050-012,29.37
65000050-036,66.87
65000050-027,39.92
65000050-046,38.24
65000050-033,68.08
65000050-055,33.2
65000050-003,68.68
65000050-024,70.77
65000050-078,51.68
65000050-047,15.99
65000050-070,33.87
65000050-056,58.33
65000050-069,76.28
65000050-009,31.65
65000050-007,76.14
65000050-025,53.02
65000050-039,52.76
65000050-008,92.61
65000050-071,27.49
65000050-019,82.93
65000050-022,98.99
65000050-065,88.51
65000050-010,81.72
65000050-073,53.9
65000050-064,91.2
65000050-063,66.06
65000050-074,19.42
65000050-016,82.12
65000050-081,37.3
65000050-032,7.73
65000050-082,4.37
65000050-035,8.8
65000050-077,90.86
65000050-001,12.1
65000050-040,96.84
65000050-018,38.58
65000050-080,6.32
65000050-005,90.39
65000050-068,95.36
65000050-072,54.44
65000050-026,99.19
65000050-034,44.15
65000050-062,45.9
65000050-076,75.47
65000050-029,91.94
65000050-037,50.07
65000050-059,55.31
65000050-031,67.47
65000050-049,15.19
65000050-042,15.05
65000050-045,29.77
65000050-013,95.3
65000050-066,48.05
65000050-021,45.97
65000050-015,44.56
65000050-006,19.62
65000050-048,40.46
65000050-002,80.11
65000050-067,57.93
65000050-079,38.84
65000050-050,52.62
65000010-092,37.57
65000010-010,95.03
65000010-058,28.43
65000010-123,52.42
65000010-081,64.78
65000010-034,2.96
65000010-026,70.09
65000010-088,25.27
65000010-091,25.74
65000010-060,18.15
65000010-053,58.53
65000010-114,6.52
65000010-013,27.42
65000010-021,0.47
65000010-036,24.13
65000010-082,72.51
65000010-014,43.82
65000010-073,36.22
65000010-054,1.41
65000010-061,3.02
65000010-112,54.84
65000010-094,10.42
65000010-125,3.7
65000010-079,15.46
65000010-033,69.89
65000010-107,24.33
65000010-120,13.1
65000010-098,2.15
65000010-045,4.17
65000010-023,11.83
65000010-078,28.76
65000010-064,23.45
65000010-083,58.74
65000010-019,49.19
65000010-110,75.74
65000010-093,22.18
65000010-037,27.22
65000010-044,70.23
65000010-024,77.49
65000010-048,2.76
65000010-113,14.78
65000010-052,39.05
65000010-051,0.6
65000010-005,88.17
65000010-104,74.93
65000010-103,58.94
65000010-046,9.74
65000010-119,1.01
65000010-027,87.77
65000010-022,94.42
65000010-105,57.12
65000010-102,8.2
65000010-035,84.21
65000010-007,59.61
65000010-039,74.46
65000010-075,64.31
65000010-117,10.62
65000010-068,23.92
65000010-122,32.59
65000010-118,21.44
65000010-040,31.45
65000010-041,87.84
65000010-126,25.2
65000010-108,29.97
65000010-115,79.03
65000010-072,11.56
65000010-018,59.01
65000010-109,37.5
65000010-062,4.7
65000010-029,75.54
65000010-002,73.86
65000010-089,27.89
65000010-057,9.27
65000010-065,84.34
65000010-050,31.18
65000010-015,24.6
65000010-017,5.85
65000010-006,50.67
65000010-100,5.11
65000010-099,17.67
65000010-124,43.28
65000010-031,78.23
65000010-038,46.44
65000010-020,94.35
65000010-059,58.6
65000010-001,32.86
65000010-025,66.2
65000010-008,20.56
65000010-070,98.52
65000010-056,15.59
65000010-095,51.55
65000010-074,53.83
65000010-076,68.35
65000010-071,18.48
65000010-049,26.68
65000010-030,55.17
65000010-096,5.04
65000010-032,60.55
65000010-011,20.43
65000010-012,5.31
65000010-121,85.82
65000010-106,73.12
65000010-090,8.4
65000010-086,46.98
65000010-087,70.83
65000010-028,84.48
65000010-111,66.73
65000010-043,71.98
65000010-084,28.97
65000010-085,44.02
65000010-067,70.97
65000010-003,63.71
65000010-077,79.97
65000010-080,38.44
65000010-016,9.48
65000010-055,34.61
65000010-069,57.59
65000010-116,86.16
65000010-063,1.14
65000010-047,1.21
65000010-066,67.94
65000010-009,36.49
65000010-101,22.51
65000010-004,89.18
65000010-097,11.9
65000010-042,7.59
65000170-011,22.11
65000170-005,43.68
65000170-015,66.26
65000170-008,98.45
65000170-012,20.36
65000170-014,34.88
65000170-009,46.64
65000170-001,32.12
65000170-002,34.54
65000170-006,22.45
65000170-007,67.61
65000170-013,21.98
65000170-004,49.6
65000170-003,33.27
65000170-010,17.47
65000170-017,57.8
65000170-016,85.62
65000070-007,0.54
65000070-001,29.17
65000070-002,13.58
65000070-003,2.69
65000070-042,79.37
65000070-036,9.81
65000070-038,25.81
65000070-005,19.29
65000070-031,57.39
65000070-025,65.52
65000070-024,55.91
65000070-015,52.15
65000070-004,63.37
65000070-040,77.89
65000070-041,52.28
65000070-028,71.64
65000070-012,52.89
65000070-014,60.62
65000070-039,58.13
65000070-035,30.85
65000070-016,68.41
65000070-017,45.77
65000070-033,61.29
65000070-034,44.42
65000070-022,66.4
65000070-018,37.84
65000070-020,35.42
65000070-019,40.66
65000070-026,72.11
65000070-021,26.61
65000070-011,41.73
65000070-027,19.89
65000070-010,16.94
65000070-008,5.38
65000070-013,71.51
65000070-030,28.36
65000070-029,40.99
65000070-009,19.02
65000070-006,40.12
65000070-037,24.26
65000070-023,31.92
65000070-032,70.63
65000040-051,47.31
65000040-022,45.83
65000040-046,33
65000040-014,51.01
65000040-018,44.76
65000040-005,63.64
65000040-013,39.58
65000040-033,32.19
65000040-062,41.26
65000040-057,65.59
65000040-036,53.56
65000040-004,42.27
65000040-043,46.71
65000040-019,51.41
65000040-027,21.91
65000040-044,36.42
65000040-042,19.69
65000040-032,26.41
65000040-025,76.81
65000040-056,24.19
65000040-058,68.15
65000040-039,39.72
65000040-037,47.38
65000040-010,26.88
65000040-002,38.98
65000040-045,0.87
65000040-041,27.76
65000040-040,52.55
65000040-055,41.47
65000040-053,46.24
65000040-059,15.93
65000040-016,51.48
65000040-034,6.72
65000040-035,17.81
65000040-017,59.48
65000040-008,36.56
65000040-049,26.28
65000040-026,74.73
65000040-011,34.48
65000040-015,41.87
65000040-009,40.86
65000040-061,45.63
65000040-007,44.49
65000040-054,61.83
65000040-006,42.14
65000040-028,30.04
65000040-048,49.06
65000040-030,63.04
65000040-031,31.99
65000040-038,43.21
65000040-001,17.34
65000040-060,32.8
65000040-047,40.26
65000040-050,18.82
65000040-021,38.78
65000040-020,24.66
65000040-012,42.41
65000040-023,18.08
65000040-052,54.91
65000040-003,16.8
65000040-024,74.66
65000040-029,42.67
65000110-026,33.13
65000110-028,45.3
65000110-011,27.28
65000110-050,22.65
65000110-012,16.4
65000110-004,62.16
65000110-017,14.45
65000110-020,48.45
65000110-019,49.53
65000110-029,54.23
65000110-048,62.37
65000110-041,46.84
65000110-025,43.35
65000110-040,77.62
65000110-042,38.51
65000110-036,73.45
65000110-047,41.4
65000110-008,66.6
65000110-030,55.98
65000110-037,41.33
65000110-015,3.76
65000110-032,64.11
65000110-007,44.96
65000110-003,63.44
65000110-039,57.86
65000110-023,34.34
65000110-018,75.13
65000110-005,51.08
65000110-022,81.25
65000110-014,61.22
65000110-027,72.98
65000110-043,7.66
65000110-049,77.15
65000110-016,11.76
65000110-038,70.3
65000110-021,53.7
65000110-045,65.99
65000110-024,54.3
65000110-034,73.66
65000110-002,73.19
65000110-046,68.55
65000110-006,38.1
65000110-001,69.76
65000110-031,57.46
65000110-035,73.72
65000110-009,12.16
65000110-013,24.87
65000110-033,20.3
65000110-010,30.98
65000110-044,21.84
65000160-017,52.69
65000160-006,54.97
65000160-011,38.17
65000160-001,65.66
65000160-003,40.93
65000160-014,17.74
65000160-008,25.34
65000160-005,96.24
65000160-013,50.47
65000160-004,81.79
65000160-016,86.36
65000160-012,82.8
65000160-007,56.12
65000160-010,92.27
65000160-009,63.31
65000160-015,45.36
65000160-002,38.31
65000100-001,6.12
65000100-023,86.22
65000100-020,98.19
65000100-012,97.18
65000100-038,98.32
65000100-027,61.49
65000100-016,57.19
65000100-009,75.2
65000100-042,81.32
65000100-041,77.69
65000100-002,26.55
65000100-008,82.86
65000100-040,78.97
65000100-014,27.15
65000100-007,6.45
65000100-031,79.23
65000100-035,62.03
65000100-036,48.79
65000100-030,84.07
65000100-034,36.29
65000100-010,55.24
65000100-015,29.91
65000100-037,90.79
65000100-029,70.16
65000100-039,54.7
65000100-019,68.88
65000100-013,18.28
65000100-011,53.23
65000100-028,64.72
65000100-033,93.08
65000100-032,92.07
65000100-025,61.02
65000100-017,79.84
65000100-018,40.32
65000100-021,87.37
65000100-006,31.85
65000100-004,48.19
65000100-026,91.73
65000100-005,5.91
65000100-003,46.03
65000100-022,73.32
65000100-024,64.05
65000180-003,58.67
65000180-006,50.27
65000180-004,65.05
65000180-001,61.69
65000180-007,8.87
65000180-002,10.35
65000180-008,30.24
65000180-005,56.72
65000290-004,49.13
65000290-005,29.23
65000290-002,47.78
65000290-001,63.24
65000290-003,49.33
65000120-027,22.92
65000120-028,41.67
65000120-010,21.64
65000120-013,40.73
65000120-015,9.95
65000120-032,27.35
65000120-012,75.6
65000120-011,76.48
65000120-018,62.63
65000120-020,73.99
65000120-016,47.11
65000120-023,37.16
65000120-034,69.22
65000120-009,71.71
65000120-008,26.95
65000120-019,26.81
65000120-029,60.89
65000120-031,60.01
65000120-007,0.13
65000120-014,17
65000120-030,58.87
65000120-024,79.7
65000120-026,77.55
65000120-017,10.01
65000120-021,82.66
65000120-025,76.41
65000120-022,75.67
65000120-033,14.92
65000120-006,60.48
65000120-005,53.29
65000120-004,46.57
65000120-001,44.35
65000120-002,67.14
65000120-003,69.09
65000190-008,8.67
65000190-009,10.89
65000190-005,10.69
65000190-012,20.97
65000190-011,8.94
65000190-007,24.4
65000190-002,23.12
65000190-004,22.31
65000190-001,28.16
65000190-010,49.93
65000190-006,11.09
65000190-003,46.17
65000220-007,42.54
65000220-002,31.59
65000220-006,83.94
65000220-004,72.92
65000220-001,35.22
65000220-005,85.35
65000220-003,28.23
65000220-008,42.81
65000220-009,18.95
65000280-009,31.79
65000280-010,33.53
65000280-004,11.29
65000280-008,3.49
65000280-007,30.78
65000280-005,42.34
65000280-001,43.48
65000280-003,9.34
65000280-006,23.19
65000280-002,29.84
65000140-002,64.58
65000140-025,26.34
65000140-003,13.64
65000140-024,0.67
65000140-013,85.01
65000140-027,54.57
65000140-022,37.03
65000140-028,11.36
65000140-005,67.67
65000140-012,76.75
65000140-030,86.69
65000140-018,7.19
65000140-029,19.76
65000140-004,16.67
65000140-015,63.84
65000140-036,3.36
65000140-026,16.73
65000140-014,44.22
65000140-020,15.32
65000140-033,19.49
65000140-023,6.05
65000140-009,50.87
65000140-037,35.08
65000140-007,22.24
65000140-011,44.09
65000140-001,84.81
65000140-032,10.55
65000140-021,11.02
65000140-006,22.72
65000140-035,0.74
65000140-017,1.81
65000140-038,4.91
65000140-016,42.61
65000140-010,78.56
65000140-019,8.53
65000140-034,50.13
65000140-031,2.55
65000140-008,22.04
65000260-007,25.87
65000260-002,21.51
65000260-011,26.14
65000260-008,39.78
65000260-009,18.41
65000260-006,61.42
65000260-010,33.94
65000260-001,56.85
65000260-003,70.56
65000260-004,61.63
65000260-005,74.87
65000270-010,15.79
65000270-006,50.54
65000270-008,14.25
65000270-009,56.45
65000270-001,62.9
65000270-002,73.92
65000270-014,11.69
65000270-011,35.48
65000270-004,72.04
65000270-005,41.13
65000270-012,35.55
65000270-013,9.14
65000270-003,18.21
65000270-007,22.38
65000270-015,28.09
65000250-005,8.74
65000250-007,42.88
65000250-009,31.32
65000250-002,78.09
65000250-010,37.63
65000250-008,72.24
65000250-003,75.81
65000250-012,12.7
65000250-006,53.43
65000250-011,36.76
65000250-001,78.49
65000250-004,56.99
65000080-018,22.85
65000080-005,76.55
65000080-011,25.07
65000080-012,57.73
65000080-004,50.81
65000080-009,61.56
65000080-003,29.57
65000080-007,75.27
65000080-014,33.06
65000080-010,45.56
65000080-020,51.14
65000080-006,23.59
65000080-013,46.91
65000080-001,77.82
65000080-017,30.38
65000080-008,32.39
65000080-002,49.87
65000080-019,54.77
65000080-016,35.95
65000080-015,60.35
63000040-027,50.6
63000040-031,90.46
63000040-030,92.54
63000040-033,97.51
63000040-006,91.8
63000040-023,80.58
63000040-013,86.29
63000040-039,83.4
63000040-042,81.59
63000040-012,98.79
63000040-037,61.9
63000040-017,80.51
63000040-014,78.16
63000040-005,98.59
63000040-040,82.39
63000040-010,89.78
63000040-015,99.73
63000040-018,33.8
63000040-019,82.06
63000040-022,82.46
63000040-020,72.38
63000040-011,87.3
63000040-036,93.82
63000040-038,70.36
63000040-034,84.61
63000040-021,64.92
63000040-001,66.8
63000040-003,98.72
63000040-002,71.1
63000040-004,98.92
63000040-016,92.41
63000040-028,67.07
63000040-029,77.02
63000040-007,92.81
63000040-009,81.92
63000040-032,92.94
63000040-025,12.37
63000040-026,6.38
63000040-024,10.48
63000040-041,99.93
63000040-008,99.53
63000040-035,90.99
63000050-031,95.77
63000050-023,98.86
63000050-019,99.13
63000050-017,97.38
63000050-002,98.39
63000050-027,85.89
63000050-026,91.26
63000050-015,57.66
63000050-022,99.6
63000050-014,1.75
63000050-016,81.12
63000050-029,77.96
63000050-003,95.97
63000050-030,89.05
63000050-021,99.87
63000050-028,99.8
63000050-008,79.17
63000050-004,91.06
63000050-025,96.51
63000050-001,95.43
63000050-011,14.72
63000050-012,5.44
63000050-005,96.3
63000050-007,69.35
63000050-009,40.79
63000050-010,60.15
63000050-006,89.65
63000050-024,100
63000050-018,86.42
63000050-020,99.06
63000050-013,42
63000020-030,94.22
63000020-031,94.09
63000020-024,62.3
63000020-004,83.13
63000020-025,51.28
63000020-013,72.85
63000020-012,63.98
63000020-032,59.14
63000020-010,39.38
63000020-037,30.71
63000020-017,69.29
63000020-016,86.09
63000020-020,65.46
63000020-027,39.52
63000020-026,93.48
63000020-009,97.24
63000020-019,83.33
63000020-008,93.21
63000020-029,81.52
63000020-007,74.19
63000020-005,93.88
63000020-035,69.49
63000020-028,98.25
63000020-034,72.58
63000020-023,87.57
63000020-022,66.53
63000020-021,34.81
63000020-002,83.06
63000020-014,81.38
63000020-018,88.91
63000020-033,21.1
63000020-003,91.6
63000020-006,83.8
63000020-001,96.44
63000020-015,73.05
63000020-011,48.32
63000020-036,81.85
63000020-041,52.08
63000020-039,63.58
63000020-040,62.43
63000020-038,85.95
63000100-022,94.02
63000100-009,72.78
63000100-025,13.71
63000100-040,94.76
63000100-012,71.57
63000100-033,13.84
63000100-031,63.78
63000100-039,90.26
63000100-035,85.28
63000100-036,84.74
63000100-023,43.01
63000100-024,6.79
63000100-017,83.2
63000100-005,95.83
63000100-007,90.73
63000100-008,87.23
63000100-006,75.4
63000100-030,86.49
63000100-010,89.25
63000100-029,59.21
63000100-021,76.68
63000100-020,93.28
63000100-028,69.15
63000100-015,55.71
63000100-032,78.9
63000100-011,82.19
63000100-019,89.52
63000100-016,70.43
63000100-018,89.85
63000100-037,89.58
63000100-027,86.56
63000100-003,93.95
63000100-002,93.01
63000100-001,91.33
63000100-026,71.84
63000100-034,96.71
63000100-014,18.62
63000100-013,68.95
63000100-038,94.56
63000120-037,76.21
63000120-030,14.52
63000120-022,67.88
63000120-028,80.71
63000120-027,68.62
63000120-018,80.91
63000120-013,52.96
63000120-014,17.94
63000120-024,80.98
63000120-041,35.69
63000120-020,82.26
63000120-015,42.47
63000120-001,87.1
63000120-008,48.92
63000120-033,78.36
63000120-002,33.67
63000120-031,34.14
63000120-012,87.5
63000120-026,60.22
63000120-036,80.65
63000120-005,58.27
63000120-006,81.65
63000120-009,5.98
63000120-011,17.61
63000120-010,35.82
63000120-039,2.28
63000120-019,20.7
63000120-021,47.85
63000120-040,14.38
63000120-042,15.52
63000120-025,64.25
63000120-003,24.93
63000120-004,55.65
63000120-032,10.95
63000120-035,62.77
63000120-016,69.69
63000120-017,62.97
63000120-007,47.45
63000120-034,65.19
63000120-023,79.64
63000120-029,66.47
63000120-038,36.96
63000090-004,99.33
63000090-002,79.77
63000090-017,32.66
63000090-018,6.59
63000090-019,44.69
63000090-001,77.22
63000090-010,85.08
63000090-011,74.13
63000090-006,83.47
63000090-003,81.99
63000090-005,45.16
63000090-007,88.71
63000090-009,89.31
63000090-014,38.71
63000090-015,84.41
63000090-016,4.84
63000090-012,78.7
63000090-008,62.23
63000090-020,85.15
63000090-013,79.5
63000110-033,44.89
63000110-001,90.93
63000110-044,6.99
63000110-010,90.59
63000110-026,82.53
63000110-039,11.16
63000110-038,29.1
63000110-040,7.86
63000110-042,41.06
63000110-041,11.22
63000110-037,17.88
63000110-036,20.77
63000110-016,18.68
63000110-024,16.26
63000110-025,60.28
63000110-048,10.82
63000110-008,68.28
63000110-028,79.3
63000110-027,69.56
63000110-030,56.38
63000110-012,65.73
63000110-045,19.15
63000110-014,80.85
63000110-032,14.11
63000110-022,2.89
63000110-043,49.26
63000110-049,13.04
63000110-011,66.33
63000110-021,1.88
63000110-019,44.62
63000110-020,4.03
63000110-009,73.79
63000110-007,93.41
63000110-023,23.66
63000110-004,81.45
63000110-005,72.31
63000110-003,93.55
63000110-013,56.92
63000110-015,50.74
63000110-002,97.98
63000110-050,47.98
63000110-029,6.85
63000110-051,39.25
63000110-006,78.29
63000110-031,35.62
63000110-047,10.75
63000110-018,48.52
63000110-017,30.65
63000110-035,75.87
63000110-034,48.72
63000110-046,31.05
63000060-026,75.34
63000060-008,97.58
63000060-012,95.09
63000060-018,88.64
63000060-017,74.33
63000060-009,63.91
63000060-010,74.8
63000060-003,88.44
63000060-002,97.92
63000060-004,96.37
63000060-019,77.76
63000060-020,87.63
63000060-007,91.47
63000060-014,85.69
63000060-006,68.82
63000060-013,99.46
63000060-005,92.88
63000060-001,99.4
63000060-024,64.52
63000060-022,85.48
63000060-016,94.49
63000060-021,45.09
63000060-025,90.66
63000060-015,89.99
63000060-011,97.65
63000030-005,96.03
63000030-002,92.47
63000030-029,90.32
63000030-056,95.56
63000030-019,92.67
63000030-010,97.85
63000030-035,90.52
63000030-014,91.4
63000030-013,86.83
63000030-003,97.72
63000030-043,95.9
63000030-057,94.69
63000030-050,96.77
63000030-049,96.57
63000030-001,96.98
63000030-051,97.78
63000030-053,97.45
63000030-023,77.28
63000030-008,59.41
63000030-052,89.11
63000030-004,97.31
63000030-007,94.83
63000030-018,79.1
63000030-034,85.22
63000030-017,97.04
63000030-037,65.93
63000030-036,86.9
63000030-030,91.13
63000030-006,92.2
63000030-039,88.37
63000030-033,42.2
63000030-044,59.81
63000030-054,66.67
63000030-038,60.75
63000030-009,69.62
63000030-055,98.12
63000030-031,45.03
63000030-032,82.59
63000030-016,86.76
63000030-020,93.68
63000030-021,94.89
63000030-046,28.49
63000030-048,64.38
63000030-047,37.77
63000030-022,90.19
63000030-011,87.03
63000030-015,83
63000030-012,71.91
63000030-040,92.14
63000030-028,80.38
63000030-041,92.74
63000030-026,88.24
63000030-027,95.16
63000080-034,86.63
63000080-038,64.85
63000080-036,20.5
63000080-040,73.39
63000080-025,43.88
63000080-026,65.12
63000080-005,98.66
63000080-004,92.34
63000080-002,75.07
63000080-003,90.05
63000080-006,87.43
63000080-001,87.97
63000080-028,13.17
63000080-027,88.04
63000080-041,54.1
63000080-031,61.16
63000080-030,47.58
63000080-043,27.96
63000080-032,55.44
63000080-037,60.82
63000080-014,95.23
63000080-018,61.96
63000080-015,59.07
63000080-016,83.67
63000080-020,71.24
63000080-022,96.64
63000080-017,59.95
63000080-021,95.5
63000080-019,54.5
63000080-013,89.72
63000080-042,45.23
63000080-024,71.77
63000080-011,89.38
63000080-010,96.17
63000080-007,96.1
63000080-012,88.58
63000080-008,73.52
63000080-039,91.87
63000080-035,96.91
63000080-033,91.53
63000080-009,84.88
63000080-023,78.02
63000080-029,21.03
63000010-004,54.64
63000010-027,86.02
63000010-026,99.66
63000010-015,99.26
63000010-009,65.79
63000010-029,84.95
63000010-022,74.53
63000010-019,56.52
63000010-008,54.03
63000010-006,37.43
63000010-033,88.78
63000010-032,83.6
63000010-031,84.01
63000010-025,65.86
63000010-018,90.12
63000010-030,93.62
63000010-007,59.34
63000010-005,12.63
63000010-024,67.27
63000010-011,73.25
63000010-014,88.31
63000010-013,52.22
63000010-003,70.7
63000010-035,95.7
63000010-016,95.63
63000010-017,80.17
63000010-034,94.29
63000010-010,93.75
63000010-028,97.11
63000010-021,61.09
63000010-002,78.83
63000010-020,68.48
63000010-012,85.55
63000070-009,75.94
63000070-027,38.91
63000070-026,28.83
63000070-035,11.49
63000070-016,37.97
63000070-024,33.33
63000070-030,23.72
63000070-023,64.99
63000070-007,63.1
63000070-010,39.65
63000070-022,19.83
63000070-034,14.99
63000070-014,20.63
63000070-021,3.83
63000070-013,24.53
63000070-004,67
63000070-020,36.9
63000070-033,28.29
63000070-019,71.3
63000070-029,36.16
63000070-001,98.05
63000070-008,74.6
63000070-015,0.27
63000070-017,12.9
63000070-031,48.12
63000070-005,46.3
63000070-032,31.52
63000070-018,39.45
63000070-002,93.35
63000070-003,80.24
63000070-028,43.62
63000070-025,48.99
63000070-012,70.5
63000070-006,67.74
63000070-011,47.04
63000070-036,77.35
