,V_ID,107|kmeans_6,107|kmeans_nocity_9,107|kmeans_nocity&county_7,107|c_,107|j_,107|ht_,107|s_,107|cs_,107|e_
0,65000090-001,0,4,3,1,1,12,0,0,0
1,65000090-004,0,4,3,1,0,12,0,0,0
2,65000090-025,0,4,3,1,0,7,0,0,0
3,65000090-026,3,1,4,1,0,0,1,5,0
4,65000090-014,3,1,4,1,1,0,1,5,0
5,65000090-023,0,4,3,1,0,7,0,9,0
6,65000090-003,0,4,3,1,0,12,0,0,0
7,65000090-011,3,1,4,1,1,0,1,3,0
8,65000090-010,0,4,3,1,0,0,0,0,0
9,65000090-021,3,1,4,1,1,10,2,3,0
10,65000090-024,0,4,3,0,0,12,0,0,0
11,65000090-005,3,1,4,1,1,0,1,3,0
12,65000090-020,3,1,4,1,1,10,1,3,0
13,65000090-015,3,1,4,1,1,0,1,3,0
14,65000090-016,3,1,4,1,1,0,2,3,0
15,65000090-006,3,1,5,1,0,0,2,5,1
16,65000090-012,0,3,4,1,1,0,1,0,0
17,65000090-017,3,1,0,1,1,10,0,5,2
18,65000090-018,0,4,0,1,1,7,0,3,0
19,65000090-019,3,1,4,1,0,10,1,3,0
20,65000090-007,0,4,3,1,0,12,0,0,0
21,65000090-002,0,4,3,1,1,12,0,0,0
22,65000090-022,3,1,4,1,1,10,1,3,0
23,65000090-013,3,1,4,1,1,0,1,5,0
24,65000090-008,0,4,3,1,0,7,0,0,2
25,65000090-009,0,4,3,1,0,12,0,0,0
26,65000090-027,0,4,0,0,2,7,0,3,0
27,65000090-028,0,4,3,0,2,7,0,0,0
28,65000210-001,3,1,4,1,1,0,2,5,0
29,65000210-003,0,4,0,1,1,7,0,3,2
30,65000210-011,3,1,4,1,1,10,2,5,0
31,65000210-005,0,4,3,1,0,7,0,0,0
32,65000210-002,0,4,3,1,0,7,0,0,0
33,65000210-012,3,1,4,1,1,3,2,3,0
34,65000210-009,3,1,4,1,1,0,1,5,2
35,65000210-004,0,4,3,1,1,5,0,0,2
36,65000210-007,3,1,4,1,1,5,2,3,0
37,65000210-010,3,1,0,1,1,7,0,5,0
38,65000210-013,3,1,4,1,1,3,2,3,0
39,65000210-006,3,1,0,1,1,5,0,5,0
40,65000210-008,3,1,0,1,1,7,0,5,2
41,65000020-072,4,5,5,0,1,3,1,9,1
42,65000020-019,4,6,5,0,1,2,1,9,1
43,65000020-052,4,2,2,0,1,3,1,11,1
44,65000020-041,4,5,1,1,1,3,1,14,1
45,65000020-026,3,1,4,0,1,9,1,5,0
46,65000020-029,4,5,1,0,1,3,1,14,1
47,65000020-005,4,8,1,1,1,12,1,14,0
48,65000020-002,0,3,4,1,1,6,1,0,0
49,65000020-095,4,1,5,1,0,11,1,5,1
50,65000020-096,4,1,5,0,1,0,1,5,1
51,65000020-104,4,6,5,0,0,6,1,9,1
52,65000020-109,4,8,1,1,1,11,1,14,0
53,65000020-119,4,1,5,0,0,0,1,5,1
54,65000020-032,4,2,2,0,1,3,1,14,1
55,65000020-097,4,1,5,0,0,0,1,5,1
56,65000020-034,4,5,5,0,1,3,1,14,1
57,65000020-118,4,2,2,0,0,6,1,2,1
58,65000020-065,4,5,2,0,1,11,1,2,1
59,65000020-074,4,5,2,0,1,3,1,2,1
60,65000020-020,4,5,1,0,0,9,1,14,1
61,65000020-035,4,5,1,0,1,3,1,14,1
62,65000020-021,4,5,5,1,1,9,1,14,1
63,65000020-013,4,5,5,0,0,2,1,14,1
64,65000020-057,4,5,2,0,1,9,1,2,1
65,65000020-036,4,8,1,1,1,3,1,14,0
66,65000020-014,4,3,5,0,0,2,1,11,0
67,65000020-077,4,6,5,0,0,3,1,9,1
68,65000020-078,4,6,5,0,0,2,1,9,1
69,65000020-110,4,6,5,0,0,6,1,9,1
70,65000020-083,4,5,5,0,1,11,1,11,1
71,65000020-027,4,5,1,0,1,9,1,14,1
72,65000020-022,4,1,4,1,1,9,1,14,0
73,65000020-023,3,1,4,1,1,9,1,5,0
74,65000020-043,4,5,1,0,1,3,1,14,1
75,65000020-086,4,5,5,0,1,2,1,11,1
76,65000020-028,4,8,1,0,1,3,1,14,0
77,65000020-042,4,5,5,0,1,3,1,14,1
78,65000020-031,4,5,5,0,1,9,1,14,1
79,65000020-060,4,5,2,0,1,9,0,2,1
80,65000020-001,4,6,5,1,0,6,1,0,1
81,65000020-071,4,5,2,1,1,11,1,2,1
82,65000020-075,4,5,2,0,1,3,1,2,1
83,65000020-107,4,6,5,0,1,6,1,9,1
84,65000020-106,4,6,5,0,1,6,1,9,1
85,65000020-105,3,3,4,1,0,6,1,9,0
86,65000020-085,4,5,2,0,1,11,1,2,1
87,65000020-082,4,5,2,0,0,11,1,2,1
88,65000020-030,4,5,1,0,1,3,1,14,1
89,65000020-076,4,6,5,0,0,3,1,9,1
90,65000020-006,4,1,4,1,1,9,1,14,0
91,65000020-033,4,5,5,0,1,3,1,14,1
92,65000020-102,4,6,5,0,1,6,1,9,1
93,65000020-100,4,5,5,0,1,6,1,11,1
94,65000020-101,4,2,2,0,0,6,1,2,1
95,65000020-099,4,2,2,0,1,6,1,2,1
96,65000020-103,4,5,5,0,0,0,1,11,1
97,65000020-098,4,2,2,0,1,6,1,2,1
98,65000020-007,4,5,5,1,0,9,1,14,1
99,65000020-080,4,5,5,1,1,11,1,11,1
100,65000020-051,4,5,2,0,1,3,1,2,1
101,65000020-049,4,5,2,0,1,3,1,2,1
102,65000020-047,4,5,1,0,1,3,1,14,1
103,65000020-048,4,2,5,0,1,3,1,14,1
104,65000020-045,3,1,4,0,0,3,1,5,0
105,65000020-112,4,5,2,0,1,6,1,2,1
106,65000020-091,4,5,2,0,0,6,1,2,1
107,65000020-087,4,5,2,0,0,11,1,2,1
108,65000020-025,4,5,1,0,1,9,1,14,1
109,65000020-090,4,2,2,0,0,6,1,2,1
110,65000020-092,4,5,5,0,1,6,1,11,1
111,65000020-113,4,6,5,0,0,6,1,9,1
112,65000020-088,4,2,2,0,0,6,1,2,1
113,65000020-089,4,2,2,0,0,6,1,2,1
114,65000020-040,4,5,2,1,1,9,0,14,1
115,65000020-115,4,5,5,0,0,6,1,11,1
116,65000020-114,4,5,5,0,0,6,1,11,1
117,65000020-039,4,5,1,1,1,9,1,14,1
118,65000020-093,4,5,5,0,0,11,1,11,1
119,65000020-081,4,5,5,0,1,11,1,11,1
120,65000020-017,4,6,5,0,0,2,1,9,1
121,65000020-018,4,6,5,0,0,2,1,9,1
122,65000020-015,4,6,5,0,0,2,1,9,1
123,65000020-108,4,5,5,0,0,6,1,11,1
124,65000020-038,4,8,1,1,1,3,1,14,0
125,65000020-073,4,5,2,0,1,3,1,2,1
126,65000020-111,4,5,5,0,0,9,1,14,1
127,65000020-037,4,5,5,0,1,3,1,5,1
128,65000020-117,4,2,2,0,0,6,1,2,1
129,65000020-009,4,6,5,0,1,9,1,5,1
130,65000020-016,4,6,5,0,1,6,1,9,1
131,65000020-008,4,5,1,0,0,9,1,14,1
132,65000020-094,4,5,2,0,0,11,1,2,1
133,65000020-070,4,5,2,0,1,11,1,2,1
134,65000020-116,4,6,5,0,1,3,1,9,1
135,65000020-084,4,5,5,0,1,11,1,11,1
136,65000020-050,4,5,2,0,1,3,1,2,1
137,65000020-024,4,5,1,0,1,9,1,14,1
138,65000020-066,4,5,5,0,1,11,1,11,1
139,65000020-004,4,1,4,1,1,9,1,14,0
140,65000020-010,4,5,1,0,0,9,1,14,1
141,65000020-046,4,2,2,0,1,3,1,14,1
142,65000020-012,4,8,1,0,1,9,1,14,0
143,65000020-044,4,8,1,0,1,3,1,14,0
144,65000020-055,4,2,2,0,1,3,1,2,1
145,65000020-067,4,6,5,1,1,11,1,9,1
146,65000020-011,4,5,5,0,1,2,1,14,1
147,65000020-054,4,5,5,0,1,3,1,5,1
148,65000020-061,4,2,2,0,1,11,1,11,1
149,65000020-056,4,2,2,0,1,3,1,2,1
150,65000020-062,4,5,5,1,1,11,1,11,1
151,65000020-063,4,2,2,0,1,11,1,2,1
152,65000020-058,4,2,2,0,1,9,1,2,1
153,65000020-064,4,6,5,1,1,11,1,9,1
154,65000020-059,4,4,2,1,1,9,0,11,0
155,65000020-053,4,5,2,0,1,3,1,2,1
156,65000020-003,4,6,0,1,1,9,0,5,1
157,65000020-079,4,6,5,0,1,11,1,9,1
158,65000020-068,4,5,5,1,0,11,1,11,1
159,65000020-069,4,5,2,0,1,11,1,2,1
160,65000030-001,3,1,4,1,0,7,1,3,2
161,65000030-023,1,8,1,0,2,12,1,4,0
162,65000030-083,0,6,5,0,1,7,1,7,1
163,65000030-005,0,6,5,0,0,7,1,7,1
164,65000030-081,3,1,4,0,2,7,1,14,0
165,65000030-004,0,3,4,0,0,7,1,7,0
166,65000030-019,0,3,4,0,0,7,1,0,0
167,65000030-003,0,6,5,0,0,10,1,7,1
168,65000030-042,3,3,4,1,0,7,2,9,0
169,65000030-090,0,6,5,0,1,10,0,9,1
170,65000030-009,0,3,4,0,0,7,1,0,0
171,65000030-026,4,5,1,0,1,7,1,4,1
172,65000030-082,4,2,2,0,1,0,1,2,1
173,65000030-046,4,5,1,0,1,7,1,10,1
174,65000030-088,1,6,0,0,0,10,0,6,1
175,65000030-057,3,6,0,0,0,10,0,5,1
176,65000030-089,0,3,4,1,0,10,1,0,0
177,65000030-060,0,3,4,1,0,10,1,0,0
178,65000030-058,0,3,4,1,1,10,1,0,0
179,65000030-069,0,6,5,0,1,1,0,9,1
180,65000030-091,0,6,5,0,1,1,0,9,1
181,65000030-043,1,8,2,1,1,0,1,2,0
182,65000030-070,0,4,3,0,0,1,0,0,0
183,65000030-044,1,2,2,0,0,7,1,2,0
184,65000030-021,4,5,5,0,1,7,1,14,1
185,65000030-022,1,8,2,0,2,7,1,2,0
186,65000030-020,1,8,1,0,2,12,1,10,0
187,65000030-062,0,6,5,0,0,10,1,0,1
188,65000030-075,4,5,5,0,1,7,1,14,1
189,65000030-074,4,5,5,0,1,7,1,14,1
190,65000030-039,1,4,3,0,1,0,0,8,0
191,65000030-002,0,6,5,0,0,7,1,7,1
192,65000030-012,0,3,4,0,0,7,1,0,0
193,65000030-006,0,6,5,0,1,7,1,7,1
194,65000030-045,4,5,1,0,0,7,1,14,1
195,65000030-067,0,4,3,0,1,10,0,9,0
196,65000030-073,3,3,4,0,2,7,1,9,0
197,65000030-038,1,8,2,0,0,0,0,2,0
198,65000030-059,0,6,5,0,0,10,1,7,1
199,65000030-025,1,1,4,0,2,7,1,6,0
200,65000030-071,0,4,3,0,0,1,0,9,0
201,65000030-064,3,3,4,1,1,10,1,9,0
202,65000030-040,1,4,0,1,1,0,0,6,0
203,65000030-050,1,2,2,0,1,7,1,2,0
204,65000030-047,1,2,1,0,0,7,1,14,0
205,65000030-051,4,5,1,0,1,7,1,4,1
206,65000030-048,4,5,5,0,1,0,1,9,1
207,65000030-079,4,5,1,0,1,0,1,14,1
208,65000030-049,4,2,2,0,1,0,1,2,1
209,65000030-036,1,8,6,0,1,0,0,4,0
210,65000030-010,1,3,4,0,1,7,1,8,0
211,65000030-041,3,1,4,1,1,7,2,5,0
212,65000030-092,5,5,2,0,0,0,0,11,1
213,65000030-093,3,1,4,0,1,7,1,3,0
214,65000030-056,4,6,5,0,1,10,1,9,1
215,65000030-061,0,3,4,0,0,10,1,0,0
216,65000030-087,0,6,5,0,1,10,0,9,1
217,65000030-068,3,6,0,0,0,1,0,5,1
218,65000030-024,4,5,5,0,1,7,1,11,1
219,65000030-065,0,4,3,0,1,1,0,9,0
220,65000030-011,1,3,4,0,1,7,1,8,0
221,65000030-054,3,1,5,1,1,0,2,5,1
222,65000030-063,3,6,0,0,1,10,0,5,1
223,65000030-017,3,1,5,0,0,0,2,5,1
224,65000030-084,4,6,5,1,1,7,1,9,1
225,65000030-080,1,8,2,0,0,0,2,2,0
226,65000030-018,0,3,4,0,1,7,1,0,0
227,65000030-014,3,1,4,0,0,10,1,3,0
228,65000030-013,3,1,5,0,0,7,1,5,1
229,65000030-016,0,3,4,0,0,10,1,0,0
230,65000030-015,0,3,4,0,0,7,1,0,0
231,65000030-033,1,1,4,0,1,7,1,6,0
232,65000030-077,3,1,5,1,1,0,1,5,1
233,65000030-027,1,1,4,0,0,10,1,6,0
234,65000030-032,1,4,0,0,1,0,0,6,0
235,65000030-028,3,1,4,0,1,0,1,3,0
236,65000030-031,3,6,5,0,1,7,1,3,1
237,65000030-030,0,4,0,1,0,12,0,3,2
238,65000030-072,4,6,5,0,0,0,1,6,1
239,65000030-029,3,1,4,0,1,10,1,3,0
240,65000030-076,3,6,5,0,1,10,1,3,1
241,65000030-055,0,3,4,0,0,10,1,0,0
242,65000030-066,0,4,3,0,0,1,0,9,0
243,65000030-078,4,5,2,0,1,0,0,2,1
244,65000030-037,0,4,3,0,0,0,0,0,0
245,65000030-035,0,4,3,0,0,0,0,9,0
246,65000030-007,3,1,4,1,1,7,1,3,0
247,65000030-008,3,1,4,0,0,7,1,3,0
248,65000030-085,0,3,4,1,0,7,1,7,0
249,65000030-052,0,3,4,1,0,7,1,7,0
250,65000030-053,0,3,4,1,1,7,1,7,0
251,65000030-086,0,3,4,0,0,7,1,7,0
252,65000030-034,3,3,4,0,1,0,2,9,0
253,65000150-009,0,4,3,1,0,6,0,0,0
254,65000150-008,0,4,3,1,0,6,0,0,0
255,65000150-007,3,1,4,1,1,6,2,5,0
256,65000150-015,3,1,0,1,0,6,0,5,0
257,65000150-013,3,1,4,1,0,6,1,3,0
258,65000150-010,0,4,3,1,0,6,0,0,0
259,65000150-006,3,1,0,1,0,9,0,5,0
260,65000150-005,0,3,4,1,0,9,1,0,0
261,65000150-014,3,1,4,1,0,9,1,5,2
262,65000150-018,0,4,3,1,0,9,0,0,0
263,65000150-002,0,4,0,1,1,9,0,3,0
264,65000150-017,0,4,3,1,0,6,0,0,0
265,65000150-019,0,4,0,1,0,6,0,3,0
266,65000150-020,0,4,3,1,0,6,0,0,0
267,65000150-001,1,4,0,1,0,6,0,6,0
268,65000150-004,3,1,4,1,1,0,2,5,0
269,65000150-012,3,1,4,0,1,6,1,3,0
270,65000150-011,3,6,0,0,1,6,0,5,1
271,65000150-003,3,1,4,1,0,6,1,5,0
272,65000150-016,3,1,4,1,0,6,1,5,0
273,65000230-010,3,1,4,1,1,6,1,5,2
274,65000230-004,3,1,4,1,0,0,2,3,2
275,65000230-003,3,1,4,1,1,0,1,3,2
276,65000230-002,0,3,4,1,1,11,1,0,2
277,65000230-006,0,3,4,1,0,0,1,0,0
278,65000230-008,3,3,4,1,1,6,1,9,0
279,65000230-007,3,1,4,1,0,0,1,3,2
280,65000230-009,0,4,3,1,1,6,0,0,0
281,65000230-005,3,1,4,1,1,0,1,3,2
282,65000230-001,1,3,4,1,0,11,1,8,2
283,65000130-017,3,1,5,0,0,0,2,5,1
284,65000130-041,1,4,3,0,1,1,0,7,0
285,65000130-004,1,4,0,1,0,5,0,6,0
286,65000130-037,1,8,1,0,0,5,0,10,0
287,65000130-003,1,8,6,0,0,8,0,4,0
288,65000130-033,1,8,6,0,0,8,0,4,0
289,65000130-002,1,8,1,0,1,5,0,10,0
290,65000130-001,1,8,1,1,0,5,0,10,0
291,65000130-010,1,8,6,0,0,1,0,12,0
292,65000130-020,1,8,1,1,0,10,0,10,0
293,65000130-042,1,4,3,0,1,8,0,7,0
294,65000130-029,1,8,6,0,1,8,0,12,0
295,65000130-039,1,8,1,0,1,1,0,10,0
296,65000130-031,0,4,3,0,0,5,0,0,0
297,65000130-018,0,4,0,0,0,10,0,3,0
298,65000130-028,0,4,3,0,0,1,0,7,0
299,65000130-044,0,4,3,0,1,1,0,7,0
300,65000130-034,0,4,3,1,0,10,0,0,0
301,65000130-040,0,4,3,0,0,5,0,0,0
302,65000130-030,0,4,3,0,0,10,0,0,0
303,65000130-047,0,4,0,0,0,10,0,3,0
304,65000130-019,0,4,3,1,0,10,0,0,0
305,65000130-035,0,4,0,0,0,13,0,3,0
306,65000130-007,1,8,6,1,0,8,0,4,0
307,65000130-006,1,8,1,0,0,1,1,4,0
308,65000130-043,1,8,1,0,2,8,0,10,0
309,65000130-009,0,4,3,1,1,8,0,7,0
310,65000130-027,1,8,6,0,0,1,0,12,0
311,65000130-038,0,4,3,0,0,5,0,0,0
312,65000130-021,1,8,2,1,0,10,0,2,0
313,65000130-014,0,4,3,0,0,5,0,7,0
314,65000130-022,1,8,6,1,0,10,0,4,0
315,65000130-015,3,1,4,1,1,5,1,5,0
316,65000130-013,3,1,4,1,0,5,1,5,0
317,65000130-012,0,4,3,0,0,5,0,7,0
318,65000130-016,0,4,3,0,0,5,0,7,0
319,65000130-011,5,5,2,0,1,13,0,14,1
320,65000130-026,0,4,0,1,1,10,0,3,0
321,65000130-036,1,8,1,0,0,1,1,10,0
322,65000130-008,1,8,1,0,0,1,0,10,0
323,65000130-046,0,6,3,0,0,5,0,0,1
324,65000130-005,1,4,3,0,1,5,0,8,0
325,65000130-045,0,4,3,1,1,5,0,9,0
326,65000130-032,0,4,3,1,1,5,0,7,0
327,65000130-023,1,8,6,1,0,10,0,4,0
328,65000130-025,0,4,0,0,1,10,0,3,0
329,65000130-024,1,4,0,1,0,10,0,6,0
330,65000200-005,3,1,4,1,1,0,1,3,0
331,65000200-002,0,3,4,1,1,11,1,0,0
332,65000200-003,0,3,4,1,1,11,1,0,0
333,65000200-006,0,3,4,1,1,11,1,0,0
334,65000200-007,3,1,4,1,1,0,1,3,0
335,65000200-004,3,1,5,1,1,0,2,5,1
336,65000200-001,3,1,4,1,1,0,1,5,0
337,65000240-011,3,1,4,1,1,0,1,3,0
338,65000240-009,3,1,4,1,1,0,1,3,0
339,65000240-006,0,4,0,1,1,11,0,3,0
340,65000240-010,3,1,4,1,1,0,1,5,0
341,65000240-005,0,4,3,1,1,11,0,0,0
342,65000240-012,3,1,4,1,1,0,1,5,0
343,65000240-008,3,1,4,1,1,0,2,5,0
344,65000240-007,3,1,0,1,1,11,0,5,0
345,65000240-003,0,4,3,1,1,11,0,0,0
346,65000240-004,0,4,3,1,1,11,0,0,0
347,65000240-002,0,4,3,1,1,11,3,0,0
348,65000240-001,3,1,4,1,1,0,2,5,0
349,65000060-013,3,3,4,1,1,0,2,9,0
350,65000060-054,1,8,1,0,2,9,0,14,2
351,65000060-052,1,4,0,1,2,3,0,6,2
352,65000060-044,1,8,6,0,1,2,0,1,0
353,65000060-037,1,8,2,1,2,6,0,2,0
354,65000060-045,1,8,1,1,2,2,0,10,2
355,65000060-041,3,1,5,1,2,0,2,5,1
356,65000060-046,1,8,6,0,1,2,0,1,0
357,65000060-008,1,8,1,0,2,3,0,10,0
358,65000060-016,3,3,4,1,0,11,2,9,0
359,65000060-057,3,1,4,0,1,11,2,5,0
360,65000060-053,3,1,0,0,1,3,0,5,0
361,65000060-023,3,1,4,1,0,0,1,3,0
362,65000060-033,1,8,1,1,1,6,2,4,2
363,65000060-001,1,8,6,0,1,2,0,10,0
364,65000060-021,3,1,4,1,1,0,1,3,2
365,65000060-004,1,5,1,0,1,3,0,10,1
366,65000060-003,1,8,1,0,1,3,0,10,0
367,65000060-010,1,4,0,1,1,3,0,6,0
368,65000060-011,1,8,1,1,1,6,1,4,2
369,65000060-056,1,4,3,1,0,0,0,8,2
370,65000060-064,3,1,4,0,1,11,2,5,0
371,65000060-007,1,8,6,0,2,3,0,10,0
372,65000060-058,1,4,3,1,0,9,0,8,0
373,65000060-006,1,8,6,1,2,3,0,10,0
374,65000060-059,3,3,4,1,1,11,2,0,0
375,65000060-026,3,1,4,1,1,0,1,3,2
376,65000060-035,1,8,2,1,1,6,0,2,0
377,65000060-028,3,1,4,1,1,0,1,3,2
378,65000060-061,1,5,1,0,1,2,0,10,1
379,65000060-040,1,8,6,0,2,2,0,1,0
380,65000060-032,1,8,6,1,1,6,0,4,2
381,65000060-062,1,8,1,1,1,3,0,10,0
382,65000060-017,3,3,4,1,0,7,2,0,0
383,65000060-009,1,4,0,1,1,3,0,6,0
384,65000060-043,1,8,0,0,1,2,0,3,0
385,65000060-034,1,8,6,1,1,6,0,4,0
386,65000060-036,1,8,2,0,1,6,0,2,0
387,65000060-066,1,4,0,0,1,0,0,6,0
388,65000060-042,1,8,1,0,0,2,0,10,0
389,65000060-031,1,8,1,1,1,6,2,4,2
390,65000060-039,1,8,6,0,1,2,0,1,0
391,65000060-038,1,8,6,1,2,2,0,4,0
392,65000060-019,3,1,4,1,0,10,2,3,0
393,65000060-055,3,3,4,1,1,11,2,0,0
394,65000060-002,1,8,6,0,1,2,0,10,0
395,65000060-014,0,4,3,1,0,11,0,9,0
396,65000060-015,0,4,0,1,0,0,0,3,2
397,65000060-067,0,4,0,0,0,0,0,3,0
398,65000060-005,1,8,1,0,2,3,0,10,0
399,65000060-020,3,1,4,0,0,11,2,5,0
400,65000060-048,1,4,0,0,1,2,0,6,0
401,65000060-047,1,4,0,0,1,2,0,6,0
402,65000060-050,1,8,1,0,2,2,0,10,0
403,65000060-029,3,1,4,1,1,0,1,3,2
404,65000060-049,1,4,0,0,1,2,0,6,0
405,65000060-051,1,8,1,1,2,2,0,10,2
406,65000060-025,3,1,4,1,1,0,1,5,2
407,65000060-063,3,1,4,1,1,6,1,5,0
408,65000060-022,3,1,4,1,0,6,1,5,0
409,65000060-069,3,1,4,1,2,0,2,5,0
410,65000060-068,3,1,4,1,1,11,2,5,0
411,65000060-065,0,4,3,1,2,6,0,9,0
412,65000060-024,3,1,4,1,1,0,1,3,0
413,65000060-018,3,3,4,1,0,7,2,0,0
414,65000060-030,3,1,4,1,0,6,1,3,2
415,65000060-012,1,8,1,1,1,9,0,14,2
416,65000060-060,3,1,4,1,0,10,2,3,0
417,65000060-027,3,1,4,1,1,0,1,5,2
418,65000050-054,0,6,5,0,0,6,1,0,1
419,65000050-058,0,6,5,0,0,9,1,0,1
420,65000050-053,1,5,6,0,0,6,0,12,1
421,65000050-014,0,6,3,0,0,3,0,7,1
422,65000050-057,0,6,5,0,1,6,1,0,1
423,65000050-075,0,6,5,0,0,6,1,0,1
424,65000050-017,0,6,3,0,0,3,0,0,1
425,65000050-023,0,6,5,0,0,9,1,0,1
426,65000050-011,0,6,6,0,0,12,0,7,1
427,65000050-051,0,6,0,0,1,12,0,3,1
428,65000050-020,3,6,5,0,1,9,1,3,1
429,65000050-052,1,6,0,0,0,9,0,6,1
430,65000050-043,1,8,6,1,0,6,0,4,0
431,65000050-028,3,6,5,0,1,9,1,3,1
432,65000050-061,3,6,5,0,0,9,1,3,1
433,65000050-030,0,6,5,0,0,9,1,0,1
434,65000050-084,0,6,0,0,1,11,0,3,1
435,65000050-044,0,4,0,0,0,11,0,3,0
436,65000050-041,0,4,0,0,0,7,0,3,0
437,65000050-083,0,6,0,0,0,11,0,3,1
438,65000050-038,0,4,0,0,0,0,0,3,0
439,65000050-004,0,6,6,0,0,12,0,7,1
440,65000050-060,0,6,6,0,1,3,0,7,1
441,65000050-012,0,6,3,0,0,9,0,0,1
442,65000050-036,1,8,1,1,1,12,1,10,0
443,65000050-027,0,6,3,0,0,0,0,8,1
444,65000050-046,0,6,3,0,0,6,0,8,1
445,65000050-033,0,6,3,0,0,9,0,0,1
446,65000050-055,0,6,3,0,0,11,0,8,1
447,65000050-003,1,6,0,1,1,12,0,6,1
448,65000050-024,1,5,6,0,1,6,0,4,1
449,65000050-078,4,5,2,0,0,6,0,2,1
450,65000050-047,0,6,5,0,0,9,1,0,1
451,65000050-070,0,4,3,0,0,3,0,0,0
452,65000050-056,0,6,3,0,1,9,0,8,1
453,65000050-069,1,5,6,0,1,9,0,4,1
454,65000050-009,0,6,3,0,0,9,0,8,1
455,65000050-007,0,6,3,0,0,3,0,7,1
456,65000050-025,1,5,1,1,0,12,0,10,1
457,65000050-039,1,5,1,0,0,12,0,10,1
458,65000050-008,1,2,6,0,1,12,0,1,1
459,65000050-071,0,6,3,0,0,11,0,0,1
460,65000050-019,1,5,6,0,1,12,0,4,1
461,65000050-022,1,8,6,1,1,12,0,1,2
462,65000050-065,1,5,6,0,1,3,0,12,1
463,65000050-010,4,5,2,0,1,3,0,12,1
464,65000050-073,0,6,3,0,1,6,0,0,1
465,65000050-064,1,5,6,0,2,6,0,4,1
466,65000050-063,0,6,3,0,1,9,0,0,1
467,65000050-074,0,6,5,0,1,9,1,0,1
468,65000050-016,1,8,6,0,0,13,0,12,0
469,65000050-081,0,6,3,0,0,9,0,0,1
470,65000050-032,0,6,0,0,0,11,0,3,1
471,65000050-082,3,6,5,0,0,7,1,3,1
472,65000050-035,0,6,0,0,0,7,0,3,1
473,65000050-077,1,4,3,1,1,13,0,8,2
474,65000050-001,0,6,0,0,0,12,0,3,1
475,65000050-040,1,8,6,1,1,3,0,4,0
476,65000050-018,0,4,0,1,0,1,0,3,2
477,65000050-080,3,6,5,0,1,6,1,3,1
478,65000050-005,1,8,6,1,1,6,0,4,0
479,65000050-068,1,8,6,1,1,3,0,4,0
480,65000050-072,1,8,1,0,0,6,0,14,0
481,65000050-026,2,7,6,1,1,12,0,13,1
482,65000050-034,0,6,3,0,0,3,0,7,1
483,65000050-062,4,6,5,0,0,6,1,8,1
484,65000050-076,4,5,1,0,0,6,1,4,1
485,65000050-029,0,6,6,1,1,3,0,7,1
486,65000050-037,0,6,3,0,0,3,0,7,1
487,65000050-059,0,6,3,0,0,3,0,7,1
488,65000050-031,0,6,3,0,0,3,0,7,1
489,65000050-049,3,6,5,0,1,9,1,3,1
490,65000050-042,0,6,0,0,1,3,0,3,1
491,65000050-045,0,6,0,0,0,12,0,3,1
492,65000050-013,1,8,6,0,1,13,0,12,0
493,65000050-066,4,5,2,0,0,6,0,2,1
494,65000050-021,0,6,3,0,0,6,0,8,1
495,65000050-015,0,4,3,1,0,1,0,0,0
496,65000050-006,0,6,0,0,0,12,0,3,1
497,65000050-048,1,8,1,1,0,6,1,10,0
498,65000050-002,0,6,3,1,0,3,0,8,1
499,65000050-067,0,6,3,0,1,0,0,0,1
500,65000050-079,3,6,1,0,1,0,1,3,1
501,65000050-050,1,8,1,0,0,0,1,10,0
502,65000010-092,5,8,2,1,0,13,0,14,0
503,65000010-010,5,4,3,1,0,8,0,7,2
504,65000010-058,5,6,0,0,1,10,0,6,1
505,65000010-123,0,4,3,0,0,8,0,0,0
506,65000010-081,5,4,2,0,1,8,0,11,0
507,65000010-034,5,5,5,0,1,1,2,11,1
508,65000010-026,5,5,2,0,1,5,0,2,1
509,65000010-088,5,6,0,0,0,8,0,6,1
510,65000010-091,5,4,3,0,0,5,0,9,0
511,65000010-060,5,1,0,0,1,10,3,14,0
512,65000010-053,0,4,0,1,1,7,0,3,2
513,65000010-114,5,6,5,0,1,8,1,9,1
514,65000010-013,5,6,5,0,1,8,0,9,1
515,65000010-021,3,1,5,0,1,0,2,5,1
516,65000010-036,5,6,5,0,0,1,0,9,1
517,65000010-082,0,4,3,0,1,8,0,0,0
518,65000010-014,5,5,5,0,1,8,1,14,1
519,65000010-073,5,4,2,0,1,8,0,11,0
520,65000010-054,5,6,0,0,0,10,3,3,1
521,65000010-061,5,5,2,0,1,10,3,14,1
522,65000010-112,0,3,4,1,0,5,1,0,2
523,65000010-094,5,1,0,0,0,1,0,5,0
524,65000010-125,5,3,4,0,0,5,1,9,0
525,65000010-079,5,6,5,0,0,8,0,9,1
526,65000010-033,5,4,3,1,0,13,0,8,0
527,65000010-107,3,4,0,0,1,10,3,3,0
528,65000010-120,3,1,4,0,1,10,1,3,0
529,65000010-098,5,3,4,0,0,5,1,9,0
530,65000010-045,5,5,2,0,1,10,3,14,1
531,65000010-023,5,6,5,0,0,1,1,9,1
532,65000010-078,5,4,3,0,0,1,0,9,0
533,65000010-064,5,4,2,0,0,10,3,11,0
534,65000010-083,0,4,3,1,0,8,0,0,0
535,65000010-019,5,5,2,0,1,8,0,14,1
536,65000010-110,5,5,2,0,1,8,0,2,1
537,65000010-093,5,1,0,1,1,5,0,5,0
538,65000010-037,5,3,4,0,0,13,1,9,0
539,65000010-044,5,2,2,0,2,10,3,2,1
540,65000010-024,5,5,2,0,1,8,0,2,1
541,65000010-048,5,1,0,0,0,0,0,5,0
542,65000010-113,5,3,4,1,0,5,1,9,0
543,65000010-052,5,4,3,1,0,11,0,9,2
544,65000010-051,5,1,0,0,0,0,3,5,1
545,65000010-005,5,2,2,1,1,8,0,2,1
546,65000010-104,5,2,2,0,1,5,3,2,1
547,65000010-103,5,5,5,0,1,1,1,11,1
548,65000010-046,5,5,2,0,1,10,3,14,1
549,65000010-119,5,1,0,0,1,10,3,5,1
550,65000010-027,5,5,2,0,1,5,0,2,1
551,65000010-022,5,8,2,1,1,8,0,2,0
552,65000010-105,5,6,5,0,0,13,0,9,1
553,65000010-102,5,3,4,0,0,1,1,9,0
554,65000010-035,5,5,2,0,0,1,0,11,1
555,65000010-007,5,5,2,0,1,8,0,2,1
556,65000010-039,5,5,2,0,0,5,0,2,1
557,65000010-075,5,5,2,0,1,8,0,2,1
558,65000010-117,5,5,5,0,1,1,2,11,1
559,65000010-068,5,5,2,0,0,10,0,14,1
560,65000010-122,5,5,2,0,1,10,0,14,1
561,65000010-118,5,5,2,0,1,10,3,14,1
562,65000010-040,5,5,2,0,1,10,3,2,1
563,65000010-041,5,8,2,1,1,7,0,2,2
564,65000010-126,5,3,4,1,1,5,1,9,0
565,65000010-108,5,6,0,0,1,10,0,6,1
566,65000010-115,5,2,2,0,1,8,0,14,0
567,65000010-072,5,6,0,0,1,8,0,5,1
568,65000010-018,5,5,2,0,1,8,0,14,1
569,65000010-109,5,5,2,0,1,10,0,14,1
570,65000010-062,5,1,0,0,1,10,3,5,1
571,65000010-029,5,5,2,0,0,10,0,2,1
572,65000010-002,5,5,2,0,1,8,0,2,1
573,65000010-089,5,4,3,1,0,1,0,9,0
574,65000010-057,5,5,2,0,0,10,0,14,1
575,65000010-065,5,2,2,0,2,8,0,11,1
576,65000010-050,5,6,3,0,0,10,0,9,3
577,65000010-015,5,6,5,0,1,8,1,9,1
578,65000010-017,5,6,5,0,0,8,1,9,1
579,65000010-006,5,5,2,0,0,8,0,11,1
580,65000010-100,3,1,4,0,1,5,1,5,0
581,65000010-099,0,4,3,0,0,5,0,0,0
582,65000010-124,0,4,3,0,0,5,0,0,2
583,65000010-031,5,8,2,1,0,1,0,2,2
584,65000010-038,5,5,2,0,1,5,0,11,1
585,65000010-020,5,2,2,0,1,8,0,2,0
586,65000010-059,5,5,2,0,0,10,0,11,1
587,65000010-001,5,5,2,0,1,8,0,14,1
588,65000010-025,5,5,2,0,1,1,0,11,1
589,65000010-008,5,2,2,0,0,8,0,11,0
590,65000010-070,5,2,2,0,2,8,0,2,1
591,65000010-056,5,6,5,0,1,10,1,6,1
592,65000010-095,5,4,2,1,0,1,0,11,0
593,65000010-074,5,4,2,0,0,1,0,11,0
594,65000010-076,5,4,2,0,1,8,0,11,0
595,65000010-071,5,4,3,0,1,8,0,9,0
596,65000010-049,5,1,0,1,1,0,0,5,0
597,65000010-030,5,5,2,0,0,5,0,11,1
598,65000010-096,5,1,0,0,0,5,0,5,0
599,65000010-032,5,2,2,0,1,7,3,2,1
600,65000010-011,5,5,2,0,2,8,0,14,1
601,65000010-012,5,6,5,0,1,8,1,9,1
602,65000010-121,5,5,2,0,1,10,0,2,1
603,65000010-106,5,2,2,0,1,10,3,2,1
604,65000010-090,5,3,4,1,0,1,1,9,0
605,65000010-086,5,4,0,0,0,13,0,6,0
606,65000010-087,5,8,2,1,2,13,0,14,0
607,65000010-028,5,5,2,0,2,7,0,2,1
608,65000010-111,5,5,2,0,1,8,0,2,1
609,65000010-043,5,2,2,0,1,10,3,2,1
610,65000010-084,5,5,2,0,1,8,0,11,1
611,65000010-085,5,4,2,0,1,8,0,11,0
612,65000010-067,5,5,2,0,1,10,0,11,1
613,65000010-003,5,5,2,0,1,8,0,14,1
614,65000010-077,5,8,2,1,1,8,0,2,0
615,65000010-080,5,4,2,0,0,8,0,11,0
616,65000010-016,5,6,5,0,0,8,1,9,1
617,65000010-055,0,4,0,0,1,10,0,3,0
618,65000010-069,5,5,2,0,1,10,0,14,1
619,65000010-116,5,5,2,0,1,1,0,2,1
620,65000010-063,5,1,0,0,0,10,3,5,1
621,65000010-047,5,1,0,0,1,10,3,5,0
622,65000010-066,5,8,2,0,1,10,0,2,0
623,65000010-009,5,3,4,1,0,8,1,9,0
624,65000010-101,5,3,4,0,1,8,1,9,0
625,65000010-004,5,2,2,1,1,8,0,14,0
626,65000010-097,5,3,4,1,1,5,1,9,0
627,65000010-042,5,1,0,0,0,10,3,14,0
628,65000170-011,3,1,4,1,1,6,2,3,2
629,65000170-005,0,4,3,1,0,6,0,0,0
630,65000170-015,0,6,3,0,2,2,0,0,1
631,65000170-008,1,8,6,1,2,9,0,4,0
632,65000170-012,3,1,4,1,1,6,1,3,0
633,65000170-014,3,1,4,1,1,6,1,3,2
634,65000170-009,0,6,3,1,0,2,0,0,1
635,65000170-001,0,4,3,1,0,6,0,0,0
636,65000170-002,0,4,3,1,0,6,0,0,0
637,65000170-006,3,1,0,1,1,6,0,5,0
638,65000170-007,0,4,3,0,2,6,0,0,0
639,65000170-013,3,1,4,1,1,6,1,3,0
640,65000170-004,0,6,3,1,1,6,0,0,1
641,65000170-003,0,4,3,1,0,6,0,0,0
642,65000170-010,3,1,0,1,1,6,0,5,0
643,65000170-017,0,6,3,1,1,2,0,0,1
644,65000170-016,1,8,6,0,0,2,0,4,0
645,65000070-007,3,1,5,1,0,0,2,5,1
646,65000070-001,0,4,3,1,0,0,0,9,0
647,65000070-002,3,1,4,1,0,0,1,14,0
648,65000070-003,3,1,4,1,0,0,1,5,0
649,65000070-042,1,8,1,1,1,0,0,10,0
650,65000070-036,3,1,4,1,0,10,1,3,0
651,65000070-038,0,6,3,0,0,10,0,0,1
652,65000070-005,0,3,4,0,0,5,1,0,0
653,65000070-031,0,4,3,1,0,0,0,0,0
654,65000070-025,0,4,3,1,1,10,0,0,0
655,65000070-024,0,3,4,1,2,0,1,0,0
656,65000070-015,0,6,3,1,0,7,0,0,1
657,65000070-004,0,4,0,1,0,7,0,3,0
658,65000070-040,0,4,3,1,1,10,0,7,0
659,65000070-041,0,4,0,1,1,0,0,3,0
660,65000070-028,0,4,3,1,0,7,0,7,0
661,65000070-012,0,3,4,1,1,7,1,0,0
662,65000070-014,0,4,3,0,1,7,0,0,0
663,65000070-039,0,4,3,0,1,10,0,0,0
664,65000070-035,0,4,0,1,0,10,0,3,0
665,65000070-016,0,4,3,1,0,10,0,0,2
666,65000070-017,0,4,3,0,0,10,0,0,0
667,65000070-033,0,4,3,1,0,10,0,0,2
668,65000070-034,0,6,3,0,0,7,0,7,1
669,65000070-022,0,4,0,1,1,10,0,3,2
670,65000070-018,0,4,0,1,0,10,0,3,0
671,65000070-020,0,3,4,0,0,7,1,0,0
672,65000070-019,0,4,3,0,0,7,0,0,0
673,65000070-026,0,4,3,1,2,0,0,0,0
674,65000070-021,3,1,4,1,1,0,1,3,0
675,65000070-011,0,3,4,0,1,7,1,0,0
676,65000070-027,3,1,4,1,1,7,1,3,0
677,65000070-010,0,3,4,0,0,7,1,0,0
678,65000070-008,3,1,4,0,1,7,1,3,0
679,65000070-013,0,4,3,1,1,7,0,0,0
680,65000070-030,3,1,4,0,1,7,1,3,0
681,65000070-029,0,3,4,0,0,7,1,0,0
682,65000070-009,3,6,5,0,0,7,1,3,1
683,65000070-006,0,4,0,1,0,7,0,3,0
684,65000070-037,0,6,5,0,1,7,1,0,1
685,65000070-023,3,3,4,1,1,7,1,9,0
686,65000070-032,0,4,3,1,0,7,0,7,0
687,65000040-051,4,5,1,0,1,1,1,10,1
688,65000040-022,4,5,1,0,1,1,1,10,1
689,65000040-046,0,3,4,0,1,1,1,0,0
690,65000040-014,1,3,4,0,1,1,1,8,0
691,65000040-018,4,5,1,0,1,1,1,10,1
692,65000040-005,4,5,1,0,1,1,1,4,1
693,65000040-013,0,3,4,0,2,1,1,0,0
694,65000040-033,4,6,5,0,1,1,1,8,1
695,65000040-062,0,3,4,0,2,5,1,0,0
696,65000040-057,4,5,1,0,1,1,1,4,1
697,65000040-036,4,5,1,0,1,1,1,10,1
698,65000040-004,4,6,5,0,1,1,1,8,1
699,65000040-043,4,6,5,0,1,1,1,8,1
700,65000040-019,4,6,1,0,1,1,1,3,1
701,65000040-027,4,5,5,0,1,1,1,11,1
702,65000040-044,4,6,5,0,1,1,1,8,1
703,65000040-042,0,6,5,0,1,10,1,0,1
704,65000040-032,4,6,5,0,1,1,1,6,1
705,65000040-025,1,8,1,0,1,12,1,4,0
706,65000040-056,0,6,5,0,2,1,1,0,1
707,65000040-058,4,5,1,0,1,1,1,4,1
708,65000040-039,0,3,4,0,2,12,1,7,0
709,65000040-037,4,5,1,0,1,1,1,10,1
710,65000040-010,0,6,5,1,1,10,1,0,1
711,65000040-002,4,6,5,0,1,1,1,8,1
712,65000040-045,3,1,5,0,1,0,2,5,1
713,65000040-041,0,6,5,1,1,10,1,0,1
714,65000040-040,4,6,5,0,1,7,1,6,1
715,65000040-055,1,3,4,1,1,1,1,8,0
716,65000040-053,4,5,1,0,1,1,1,10,1
717,65000040-059,3,1,4,0,1,10,1,3,0
718,65000040-016,1,3,4,0,1,7,1,7,0
719,65000040-034,3,1,4,0,1,10,1,3,0
720,65000040-035,3,1,4,0,2,10,1,5,0
721,65000040-017,4,6,5,0,1,7,1,7,1
722,65000040-008,1,3,4,0,1,7,1,8,0
723,65000040-049,0,6,5,0,1,10,1,7,1
724,65000040-026,1,8,1,0,1,12,1,4,0
725,65000040-011,0,6,5,0,1,12,1,7,1
726,65000040-015,4,6,5,0,2,12,1,8,1
727,65000040-009,0,3,4,1,1,5,1,0,0
728,65000040-061,4,5,1,0,1,1,1,10,1
729,65000040-007,0,6,5,0,1,1,1,7,1
730,65000040-054,4,5,1,0,1,1,1,4,1
731,65000040-006,0,6,5,0,1,1,1,7,1
732,65000040-028,4,6,5,1,1,5,1,6,1
733,65000040-048,0,3,4,1,1,1,1,7,0
734,65000040-030,1,3,4,0,2,12,1,8,0
735,65000040-031,4,6,5,0,2,7,1,8,1
736,65000040-038,0,3,4,0,2,1,1,7,0
737,65000040-001,0,6,5,0,1,1,1,0,1
738,65000040-060,0,6,5,0,1,10,1,7,1
739,65000040-047,0,3,4,0,2,12,1,7,0
740,65000040-050,3,6,5,0,1,10,1,3,1
741,65000040-021,3,3,4,1,1,10,1,9,0
742,65000040-020,0,6,5,0,1,10,1,7,1
743,65000040-012,0,3,4,0,1,7,1,7,0
744,65000040-023,0,6,5,0,1,1,1,0,1
745,65000040-052,4,5,1,1,1,5,1,10,1
746,65000040-003,4,6,5,0,0,1,1,8,1
747,65000040-024,1,8,1,0,1,7,1,4,0
748,65000040-029,4,5,1,0,1,5,1,10,1
749,65000110-026,0,4,3,1,0,2,0,0,0
750,65000110-028,0,4,3,0,1,2,0,9,0
751,65000110-011,3,1,4,1,1,9,1,3,0
752,65000110-050,3,1,4,1,1,6,1,3,0
753,65000110-012,3,1,4,1,0,6,1,3,0
754,65000110-004,0,6,3,1,1,2,0,0,1
755,65000110-017,3,1,4,1,1,6,1,5,0
756,65000110-020,0,4,3,1,0,6,0,0,0
757,65000110-019,0,4,3,1,0,6,0,0,0
758,65000110-029,0,4,3,0,0,2,0,0,2
759,65000110-048,0,4,3,0,1,2,0,0,0
760,65000110-041,0,4,3,0,1,2,0,0,0
761,65000110-025,0,4,0,1,1,0,0,3,0
762,65000110-040,0,4,3,1,1,2,0,0,2
763,65000110-042,0,4,0,1,0,9,0,3,0
764,65000110-036,0,4,3,0,0,2,0,0,2
765,65000110-047,0,4,0,0,1,2,0,3,0
766,65000110-008,0,4,3,0,2,2,0,0,0
767,65000110-030,0,4,3,0,0,2,0,0,2
768,65000110-037,3,3,4,1,2,6,1,9,0
769,65000110-015,3,1,4,1,0,9,1,5,0
770,65000110-032,0,4,3,1,1,6,0,0,0
771,65000110-007,0,4,3,0,0,2,0,0,0
772,65000110-003,0,4,3,1,1,2,0,0,0
773,65000110-039,0,4,0,1,2,0,0,3,0
774,65000110-023,3,1,4,1,1,0,1,3,0
775,65000110-018,0,4,3,1,1,6,0,0,2
776,65000110-005,0,4,0,0,1,2,0,3,0
777,65000110-022,1,8,6,1,0,11,0,4,0
778,65000110-014,0,4,3,1,0,2,0,0,2
779,65000110-027,0,4,3,1,0,6,0,0,2
780,65000110-043,3,1,4,1,0,6,1,5,0
781,65000110-049,0,4,0,1,2,2,0,3,2
782,65000110-016,3,1,4,1,1,6,1,5,0
783,65000110-038,1,4,0,1,1,9,0,6,0
784,65000110-021,0,4,3,1,0,6,0,0,0
785,65000110-045,0,4,3,0,1,2,0,0,0
786,65000110-024,0,4,0,1,1,11,0,3,0
787,65000110-034,0,4,3,0,1,2,0,0,2
788,65000110-002,0,4,3,1,1,2,0,0,0
789,65000110-046,0,4,3,1,1,9,0,0,0
790,65000110-006,0,4,3,0,0,2,0,0,0
791,65000110-001,0,4,3,1,1,2,0,0,0
792,65000110-031,0,4,3,0,0,2,0,0,0
793,65000110-035,0,4,3,0,1,2,0,0,2
794,65000110-009,3,1,4,1,0,6,1,3,0
795,65000110-013,3,1,0,1,1,9,0,5,0
796,65000110-033,0,4,0,0,0,6,0,3,0
797,65000110-010,3,1,4,1,1,9,1,3,0
798,65000110-044,3,1,4,1,1,0,1,5,0
799,65000160-017,4,6,5,0,0,6,1,7,1
800,65000160-006,0,3,4,1,0,6,1,7,0
801,65000160-011,0,6,5,0,1,6,1,7,1
802,65000160-001,0,4,3,1,1,6,0,0,0
803,65000160-003,0,6,5,1,0,6,1,7,1
804,65000160-014,3,1,4,0,0,2,1,3,0
805,65000160-008,3,1,4,1,0,9,1,3,0
806,65000160-005,1,8,6,1,0,6,0,12,0
807,65000160-013,0,3,4,1,1,2,1,0,0
808,65000160-004,4,5,1,1,1,6,1,12,1
809,65000160-016,4,5,1,0,1,6,1,12,1
810,65000160-012,1,8,1,1,0,3,1,12,0
811,65000160-007,0,3,4,0,0,2,1,7,0
812,65000160-010,1,8,2,1,0,9,0,2,0
813,65000160-009,1,4,0,1,0,9,0,6,0
814,65000160-015,0,4,0,1,1,2,0,3,0
815,65000160-002,0,3,4,1,0,6,1,0,0
816,65000100-001,3,1,4,1,1,11,2,5,0
817,65000100-023,1,8,1,1,0,0,1,4,0
818,65000100-020,1,8,1,1,2,11,1,4,2
819,65000100-012,1,8,1,1,2,11,1,4,0
820,65000100-038,1,8,1,1,1,0,1,4,0
821,65000100-027,0,6,5,1,1,0,1,0,1
822,65000100-016,0,4,0,1,1,0,0,3,0
823,65000100-009,1,8,1,1,1,0,2,10,0
824,65000100-042,1,8,1,0,0,0,1,10,0
825,65000100-041,1,8,1,1,0,0,1,10,0
826,65000100-002,3,1,4,1,1,0,1,5,2
827,65000100-008,1,8,1,1,0,0,1,4,0
828,65000100-040,1,8,1,1,0,0,1,10,2
829,65000100-014,3,1,4,1,1,11,1,3,0
830,65000100-007,3,1,4,1,1,11,2,5,0
831,65000100-031,0,3,4,1,1,0,1,0,2
832,65000100-035,1,3,4,0,0,0,1,8,0
833,65000100-036,0,3,4,0,1,0,1,0,0
834,65000100-030,0,6,5,1,1,0,1,0,3
835,65000100-034,0,3,4,0,0,0,1,0,0
836,65000100-010,1,3,4,0,0,0,1,8,0
837,65000100-015,3,1,4,1,1,0,2,6,0
838,65000100-037,1,8,2,0,1,0,1,2,0
839,65000100-029,0,6,5,1,1,0,1,0,3
840,65000100-039,1,8,1,1,1,11,1,14,0
841,65000100-019,1,8,1,1,0,11,1,4,0
842,65000100-013,3,1,4,1,1,11,1,3,0
843,65000100-011,4,6,5,0,0,0,1,8,1
844,65000100-028,0,6,5,0,1,0,1,0,1
845,65000100-033,1,8,1,1,0,0,1,10,2
846,65000100-032,1,3,4,1,0,0,1,8,2
847,65000100-025,4,6,5,1,1,0,1,6,1
848,65000100-017,1,8,1,1,2,11,1,4,0
849,65000100-018,1,8,1,1,0,11,1,14,0
850,65000100-021,1,8,1,1,2,0,1,10,2
851,65000100-006,3,1,4,1,0,0,2,6,2
852,65000100-004,3,3,4,1,1,0,2,0,2
853,65000100-026,1,8,1,1,1,0,1,10,2
854,65000100-005,3,1,4,1,1,11,2,5,0
855,65000100-003,3,3,4,1,1,0,1,9,2
856,65000100-022,1,8,1,1,2,0,1,10,0
857,65000100-024,1,5,1,1,1,0,1,10,1
858,65000180-003,0,4,3,1,1,0,0,0,0
859,65000180-006,0,4,3,1,0,0,0,0,0
860,65000180-004,0,4,3,1,1,0,0,0,0
861,65000180-001,0,4,3,1,1,0,0,0,0
862,65000180-007,3,1,4,1,1,0,1,5,0
863,65000180-002,3,1,4,1,1,0,1,5,0
864,65000180-008,3,1,0,1,1,0,0,5,0
865,65000180-005,0,3,4,1,1,0,1,0,0
866,65000290-004,3,1,4,1,1,0,1,3,0
867,65000290-005,3,1,4,1,1,0,1,5,0
868,65000290-002,3,1,4,1,1,12,1,3,0
869,65000290-001,0,3,4,1,1,12,1,0,0
870,65000290-003,3,1,4,1,1,0,1,3,0
871,65000120-027,3,1,5,1,1,0,2,5,1
872,65000120-028,3,1,5,1,1,0,2,5,1
873,65000120-010,3,1,4,1,1,10,1,3,0
874,65000120-013,0,4,0,1,1,7,0,3,0
875,65000120-015,3,1,4,1,1,0,1,5,0
876,65000120-032,3,3,4,1,1,0,1,9,0
877,65000120-012,3,1,4,1,0,10,1,3,0
878,65000120-011,3,1,4,1,1,10,1,3,0
879,65000120-018,0,4,3,1,1,0,0,0,0
880,65000120-020,0,4,3,1,1,0,0,0,0
881,65000120-016,0,4,3,1,1,0,0,9,0
882,65000120-023,0,4,3,1,1,0,0,0,0
883,65000120-034,0,4,3,1,0,0,0,0,0
884,65000120-009,0,4,0,1,1,7,0,3,0
885,65000120-008,0,4,3,1,1,7,0,0,0
886,65000120-019,0,4,3,1,1,0,0,0,0
887,65000120-029,3,1,4,1,1,0,1,3,0
888,65000120-031,3,1,4,1,1,0,1,5,2
889,65000120-007,3,1,5,1,0,0,2,5,1
890,65000120-014,3,1,4,1,1,0,1,5,0
891,65000120-030,0,4,3,1,1,0,0,0,0
892,65000120-024,0,4,3,1,1,0,0,0,0
893,65000120-026,0,4,3,1,1,0,0,0,0
894,65000120-017,3,1,4,1,1,0,2,5,0
895,65000120-021,0,4,3,1,1,0,0,0,0
896,65000120-025,0,4,3,1,1,0,0,0,0
897,65000120-022,0,4,3,1,1,0,0,0,0
898,65000120-033,3,1,4,1,1,0,2,3,0
899,65000120-006,0,4,0,1,1,7,0,3,0
900,65000120-005,0,4,0,1,1,7,0,3,0
901,65000120-004,0,4,0,1,1,7,0,3,0
902,65000120-001,0,4,0,1,1,7,0,3,0
903,65000120-002,0,4,3,1,1,7,0,0,0
904,65000120-003,0,4,3,1,1,7,0,0,0
905,65000190-008,3,1,4,1,1,0,1,5,0
906,65000190-009,3,1,4,1,1,6,1,5,0
907,65000190-005,3,1,4,1,1,0,1,5,0
908,65000190-012,3,1,4,1,1,0,1,3,0
909,65000190-011,3,1,4,1,1,0,2,3,0
910,65000190-007,3,1,4,1,1,0,1,3,0
911,65000190-002,3,1,4,1,1,0,1,3,0
912,65000190-004,3,1,4,1,1,0,1,3,0
913,65000190-001,3,1,4,1,1,0,1,3,0
914,65000190-010,0,3,4,1,1,0,1,0,0
915,65000190-006,3,1,4,1,1,0,1,5,0
916,65000190-003,0,3,4,1,1,0,1,0,0
917,65000220-007,3,1,4,1,1,10,1,3,0
918,65000220-002,3,1,4,1,1,5,2,3,2
919,65000220-006,0,4,3,1,1,5,0,0,2
920,65000220-004,0,4,0,1,1,8,0,3,2
921,65000220-001,3,1,4,1,1,5,2,3,2
922,65000220-005,0,4,3,1,1,5,0,0,2
923,65000220-003,3,1,4,1,1,5,2,3,2
924,65000220-008,3,1,4,1,1,10,1,3,0
925,65000220-009,3,1,4,1,1,10,1,5,0
926,65000280-009,3,1,0,1,1,6,0,5,0
927,65000280-010,0,4,0,1,0,2,0,3,0
928,65000280-004,3,1,4,1,0,6,1,3,0
929,65000280-008,3,1,5,1,1,0,2,5,1
930,65000280-007,3,1,4,1,1,6,1,3,0
931,65000280-005,3,1,0,1,1,3,0,5,0
932,65000280-001,0,4,3,1,0,2,0,0,0
933,65000280-003,3,1,4,1,0,6,1,3,0
934,65000280-006,3,1,4,1,1,6,1,3,0
935,65000280-002,0,4,0,1,1,6,0,3,0
936,65000140-002,4,6,5,0,0,9,1,7,1
937,65000140-025,4,6,5,0,1,6,1,8,1
938,65000140-003,0,6,5,0,0,9,1,0,1
939,65000140-024,3,1,5,0,0,9,1,5,1
940,65000140-013,4,2,6,0,1,6,1,1,1
941,65000140-027,4,2,6,0,0,6,1,1,1
942,65000140-022,4,5,1,0,0,6,1,4,1
943,65000140-028,4,6,5,0,0,6,1,8,1
944,65000140-005,4,5,1,0,0,9,1,12,1
945,65000140-012,4,5,1,1,1,6,1,4,1
946,65000140-030,1,8,1,1,1,9,1,12,0
947,65000140-018,4,6,5,0,0,6,1,6,1
948,65000140-029,0,6,5,0,0,9,1,0,1
949,65000140-004,4,6,5,0,0,9,1,8,1
950,65000140-015,1,3,4,0,0,9,1,7,0
951,65000140-036,3,1,5,0,0,9,1,5,1
952,65000140-026,3,6,5,1,1,6,1,3,1
953,65000140-014,4,5,1,0,0,6,1,4,1
954,65000140-020,3,1,4,1,0,6,1,3,0
955,65000140-033,4,6,5,0,1,6,1,6,1
956,65000140-023,3,6,5,0,1,9,1,3,1
957,65000140-009,4,2,6,0,0,6,1,1,1
958,65000140-037,0,3,4,0,0,9,1,7,0
959,65000140-007,0,3,4,0,0,6,1,0,0
960,65000140-011,4,6,5,0,0,6,1,8,1
961,65000140-001,1,8,1,0,0,9,1,12,0
962,65000140-032,4,5,5,1,1,6,1,11,1
963,65000140-021,1,1,4,1,0,9,1,6,0
964,65000140-006,1,3,4,0,0,9,1,8,0
965,65000140-035,3,1,5,0,0,6,1,5,1
966,65000140-017,3,6,5,0,0,9,1,3,1
967,65000140-038,3,6,5,0,0,9,1,3,1
968,65000140-016,0,3,4,0,0,9,1,7,0
969,65000140-010,4,2,6,1,1,6,1,1,1
970,65000140-019,4,6,5,0,0,6,1,6,1
971,65000140-034,4,5,1,0,1,6,1,10,1
972,65000140-031,3,6,5,0,0,9,1,3,1
973,65000140-008,4,5,1,0,0,6,1,10,1
974,65000260-007,3,1,4,1,1,11,1,3,0
975,65000260-002,3,1,4,1,1,0,1,5,0
976,65000260-011,3,1,4,1,1,0,1,3,0
977,65000260-008,3,1,4,1,1,11,1,3,2
978,65000260-009,3,1,4,1,1,0,2,3,0
979,65000260-006,0,4,0,1,1,0,0,3,2
980,65000260-010,3,3,4,1,1,11,1,9,0
981,65000260-001,0,3,4,1,1,0,1,0,0
982,65000260-003,0,3,4,1,1,0,1,0,2
983,65000260-004,0,3,4,1,1,0,1,0,0
984,65000260-005,0,4,0,1,1,0,0,3,2
985,65000270-010,3,1,0,1,1,11,3,5,0
986,65000270-006,0,4,0,1,1,3,0,3,0
987,65000270-008,3,1,4,1,1,0,1,5,0
988,65000270-009,0,4,0,1,1,11,0,3,0
989,65000270-001,0,4,3,1,1,3,0,0,0
990,65000270-002,0,4,3,1,1,3,0,0,0
991,65000270-014,3,1,4,1,1,0,1,5,0
992,65000270-011,3,1,0,1,1,3,0,5,0
993,65000270-004,0,4,3,1,1,3,0,0,2
994,65000270-005,0,4,3,1,0,3,0,0,0
995,65000270-012,3,1,4,1,1,0,1,5,2
996,65000270-013,3,1,4,1,1,0,2,5,0
997,65000270-003,3,1,4,1,1,6,1,5,0
998,65000270-007,3,1,4,1,1,6,1,3,0
999,65000270-015,0,4,3,1,0,3,0,0,0
1000,65000250-005,3,1,4,1,1,11,2,5,0
1001,65000250-007,3,1,4,1,1,0,1,3,0
1002,65000250-009,3,1,4,1,1,0,1,3,0
1003,65000250-002,0,4,3,1,1,11,0,0,0
1004,65000250-010,3,1,4,1,1,0,1,3,0
1005,65000250-008,0,4,3,1,1,11,0,0,0
1006,65000250-003,0,4,3,1,1,11,0,0,0
1007,65000250-012,3,1,4,1,1,0,1,5,0
1008,65000250-006,0,4,3,1,1,11,0,0,0
1009,65000250-011,3,1,4,1,1,0,1,3,0
1010,65000250-001,0,4,3,1,1,11,0,0,0
1011,65000250-004,0,4,0,1,1,11,0,3,0
1012,65000080-018,0,4,0,1,0,10,0,3,0
1013,65000080-005,0,4,0,1,1,10,0,3,0
1014,65000080-011,0,4,3,1,0,10,0,0,0
1015,65000080-012,0,3,4,1,1,10,1,0,0
1016,65000080-004,3,1,4,1,0,10,1,3,0
1017,65000080-009,0,4,0,1,0,7,0,3,0
1018,65000080-003,0,4,3,0,0,10,0,0,0
1019,65000080-007,0,4,3,1,1,10,0,0,0
1020,65000080-014,0,4,0,1,0,10,0,3,0
1021,65000080-010,0,4,3,1,0,10,0,0,0
1022,65000080-020,0,4,3,0,0,10,0,0,0
1023,65000080-006,3,1,4,1,1,10,1,5,0
1024,65000080-013,3,1,4,1,1,10,1,3,0
1025,65000080-001,0,4,0,1,1,10,0,3,0
1026,65000080-017,0,4,0,1,0,10,0,3,0
1027,65000080-008,0,4,3,1,0,10,0,0,0
1028,65000080-002,0,4,0,1,1,10,0,3,0
1029,65000080-019,0,4,3,1,0,10,0,0,0
1030,65000080-016,0,4,3,1,0,5,0,9,0
1031,65000080-015,0,4,3,1,0,5,0,0,0
1032,63000040-027,2,0,2,0,2,12,0,2,1
1033,63000040-031,2,7,6,0,2,13,0,8,0
1034,63000040-030,2,7,6,0,2,13,0,1,1
1035,63000040-033,2,7,6,1,2,1,0,1,0
1036,63000040-006,2,7,6,0,2,13,0,13,1
1037,63000040-023,2,7,6,0,1,13,0,1,1
1038,63000040-013,2,0,2,1,2,0,0,2,2
1039,63000040-039,2,0,6,1,2,7,0,4,1
1040,63000040-042,2,0,1,1,1,0,0,10,0
1041,63000040-012,2,0,6,1,1,4,0,12,2
1042,63000040-037,2,0,3,1,1,12,0,8,0
1043,63000040-017,2,0,2,1,1,1,0,11,2
1044,63000040-014,2,0,2,1,2,0,0,2,0
1045,63000040-005,2,7,6,1,1,12,0,13,0
1046,63000040-040,2,0,6,0,2,7,0,4,1
1047,63000040-010,2,2,2,0,2,4,0,2,1
1048,63000040-015,2,7,6,1,2,0,0,1,2
1049,63000040-018,2,0,2,0,1,13,0,11,1
1050,63000040-019,2,0,2,1,1,13,0,2,2
1051,63000040-022,2,7,6,0,1,13,0,1,1
1052,63000040-020,2,2,2,0,1,13,0,2,1
1053,63000040-011,2,7,2,0,2,4,0,2,0
1054,63000040-036,2,7,6,1,2,7,0,1,1
1055,63000040-038,2,0,3,1,1,12,0,8,0
1056,63000040-034,2,7,6,0,2,13,0,8,0
1057,63000040-021,2,0,1,0,2,1,0,10,1
1058,63000040-001,2,0,3,0,1,7,0,8,1
1059,63000040-003,2,7,6,1,2,3,0,13,0
1060,63000040-002,2,0,6,0,1,12,0,7,1
1061,63000040-004,2,7,6,1,2,13,0,13,0
1062,63000040-016,2,0,2,0,2,0,0,2,2
1063,63000040-028,2,0,2,0,2,13,0,2,0
1064,63000040-029,2,0,6,0,2,13,0,4,0
1065,63000040-007,2,7,6,0,1,13,0,13,1
1066,63000040-009,2,2,2,0,1,4,0,2,1
1067,63000040-032,2,7,6,1,2,12,0,1,1
1068,63000040-025,2,0,2,0,0,1,0,11,1
1069,63000040-026,3,6,0,0,1,1,0,5,1
1070,63000040-024,2,5,2,0,0,1,0,14,1
1071,63000040-041,2,7,6,1,2,7,0,13,2
1072,63000040-008,2,7,6,0,2,13,0,13,0
1073,63000040-035,2,7,6,0,2,7,0,1,0
1074,63000050-031,2,7,6,0,2,7,0,1,1
1075,63000050-023,2,7,6,1,2,3,0,13,1
1076,63000050-019,2,7,6,0,2,13,0,1,0
1077,63000050-017,2,7,6,1,2,13,0,1,0
1078,63000050-002,2,7,6,1,1,1,0,1,2
1079,63000050-027,2,7,6,0,2,7,0,10,1
1080,63000050-026,2,7,6,1,2,7,0,13,0
1081,63000050-015,0,4,3,0,2,12,0,0,0
1082,63000050-022,2,7,6,1,1,13,0,13,0
1083,63000050-014,0,6,3,0,0,12,0,0,1
1084,63000050-016,2,0,6,0,2,3,0,4,1
1085,63000050-029,2,0,0,0,2,7,0,6,0
1086,63000050-003,2,7,6,1,2,5,0,1,0
1087,63000050-030,2,0,6,0,2,13,0,4,1
1088,63000050-021,2,7,6,0,2,13,0,13,0
1089,63000050-028,2,7,6,1,2,13,0,13,0
1090,63000050-008,2,0,1,0,2,13,0,10,0
1091,63000050-004,2,0,1,1,2,13,1,4,2
1092,63000050-025,2,7,6,1,2,7,0,1,0
1093,63000050-001,2,0,6,1,1,1,0,4,2
1094,63000050-011,0,6,5,0,2,13,1,0,1
1095,63000050-012,0,6,5,0,0,13,1,0,1
1096,63000050-005,2,7,6,0,2,13,1,1,2
1097,63000050-007,2,0,4,0,2,13,1,6,2
1098,63000050-009,2,0,1,0,2,13,1,10,0
1099,63000050-010,0,3,4,1,2,13,1,0,2
1100,63000050-006,2,7,6,0,2,13,0,1,1
1101,63000050-024,2,7,6,1,2,12,0,13,0
1102,63000050-018,2,7,6,0,2,13,1,8,0
1103,63000050-020,2,7,6,0,2,13,0,13,0
1104,63000050-013,0,3,4,0,1,13,1,0,0
1105,63000020-030,2,7,6,0,2,1,0,13,0
1106,63000020-031,2,0,6,1,2,1,0,12,0
1107,63000020-024,2,0,3,0,1,5,0,8,0
1108,63000020-004,2,7,6,0,2,4,0,10,0
1109,63000020-025,2,0,3,1,2,5,0,8,0
1110,63000020-013,2,7,6,0,2,10,0,1,1
1111,63000020-012,2,7,6,0,1,10,0,8,0
1112,63000020-032,0,4,3,1,2,12,0,0,0
1113,63000020-010,2,0,3,0,1,10,0,8,0
1114,63000020-037,2,0,0,0,1,12,0,6,0
1115,63000020-017,2,7,6,0,2,5,0,1,1
1116,63000020-016,2,7,6,0,2,5,0,13,0
1117,63000020-020,2,0,6,0,2,5,0,4,1
1118,63000020-027,2,0,3,0,1,5,0,8,0
1119,63000020-026,2,7,6,0,2,5,0,13,0
1120,63000020-009,2,0,6,0,2,1,0,12,0
1121,63000020-019,3,1,5,0,2,0,2,5,1
1122,63000020-008,2,7,6,0,2,5,0,1,0
1123,63000020-029,2,0,6,1,2,13,0,4,0
1124,63000020-007,2,0,6,0,2,5,0,4,0
1125,63000020-005,2,7,6,1,2,13,0,1,1
1126,63000020-035,2,0,3,0,1,12,0,8,0
1127,63000020-028,2,7,6,0,2,1,0,13,0
1128,63000020-034,2,0,1,0,2,12,0,10,0
1129,63000020-023,2,7,6,0,2,5,0,1,1
1130,63000020-022,2,0,3,0,2,5,0,8,0
1131,63000020-021,0,3,4,1,1,5,1,0,0
1132,63000020-002,2,7,0,0,2,4,0,6,0
1133,63000020-014,2,7,6,0,1,5,0,13,0
1134,63000020-018,2,7,6,0,2,5,0,13,1
1135,63000020-033,0,4,0,1,2,13,0,3,0
1136,63000020-003,2,7,6,1,2,13,0,10,0
1137,63000020-006,2,0,6,0,2,1,0,4,0
1138,63000020-001,2,7,6,1,2,4,0,13,0
1139,63000020-015,2,0,6,0,1,5,0,4,0
1140,63000020-011,2,0,3,0,2,10,0,8,1
1141,63000020-036,2,0,6,0,2,12,0,4,0
1142,63000020-041,2,0,2,1,1,12,0,14,0
1143,63000020-039,2,7,2,0,2,12,0,14,0
1144,63000020-040,2,7,2,0,1,12,0,14,0
1145,63000020-038,2,7,6,1,2,12,0,10,0
1146,63000100-022,2,7,6,0,0,12,0,1,2
1147,63000100-009,2,0,1,0,2,12,1,4,0
1148,63000100-025,3,3,4,1,1,0,1,9,0
1149,63000100-040,2,7,6,0,2,11,1,1,0
1150,63000100-012,2,0,1,1,2,11,1,10,0
1151,63000100-033,3,3,4,1,1,0,1,9,0
1152,63000100-031,2,0,1,0,2,0,1,4,0
1153,63000100-039,0,4,3,1,2,13,0,0,0
1154,63000100-035,2,7,6,0,2,0,1,1,0
1155,63000100-036,2,7,6,0,2,0,1,1,0
1156,63000100-023,2,0,4,0,0,6,1,8,0
1157,63000100-024,3,3,4,0,0,6,1,9,0
1158,63000100-017,2,7,1,0,2,12,1,10,0
1159,63000100-005,2,7,6,1,2,7,1,13,0
1160,63000100-007,2,7,6,0,2,12,1,13,0
1161,63000100-008,2,0,1,0,2,11,1,12,0
1162,63000100-006,2,0,1,0,2,7,1,12,0
1163,63000100-030,0,4,3,1,2,1,0,0,2
1164,63000100-010,2,0,6,1,2,12,0,4,0
1165,63000100-029,2,0,3,1,0,13,0,8,0
1166,63000100-021,2,0,0,0,2,12,0,6,0
1167,63000100-020,2,0,6,0,2,13,0,12,0
1168,63000100-028,0,4,0,1,2,1,0,3,2
1169,63000100-015,2,0,1,1,2,11,1,10,0
1170,63000100-032,2,7,1,1,2,11,1,10,0
1171,63000100-011,2,0,6,0,2,12,0,4,0
1172,63000100-019,2,0,6,0,2,13,0,4,0
1173,63000100-016,2,0,3,1,2,12,0,8,0
1174,63000100-018,2,7,6,0,2,0,1,1,0
1175,63000100-037,2,0,1,1,1,12,0,10,2
1176,63000100-027,2,0,3,0,0,5,0,7,2
1177,63000100-003,2,7,6,1,2,11,0,1,0
1178,63000100-002,2,7,6,1,2,0,0,1,0
1179,63000100-001,2,7,6,1,2,7,0,1,0
1180,63000100-026,2,0,0,0,2,5,0,6,0
1181,63000100-034,2,0,6,0,2,12,0,4,0
1182,63000100-014,3,1,4,1,2,11,1,3,0
1183,63000100-013,2,7,1,0,2,11,1,10,0
1184,63000100-038,2,7,6,0,2,7,1,13,0
1185,63000120-037,2,7,6,1,0,11,1,1,0
1186,63000120-030,3,1,0,0,1,9,0,5,0
1187,63000120-022,2,7,6,0,0,9,1,1,0
1188,63000120-028,2,0,6,0,1,9,0,4,0
1189,63000120-027,2,0,1,1,2,9,1,4,0
1190,63000120-018,2,7,1,1,1,6,1,10,2
1191,63000120-013,2,6,5,0,2,6,1,6,1
1192,63000120-014,3,1,4,1,2,6,1,5,0
1193,63000120-024,2,7,6,1,1,6,1,1,0
1194,63000120-041,0,4,0,1,1,9,0,3,0
1195,63000120-020,2,7,6,1,2,9,1,1,0
1196,63000120-015,2,0,1,0,1,6,1,10,1
1197,63000120-001,2,7,1,1,2,2,1,10,2
1198,63000120-008,2,0,1,0,2,6,1,10,0
1199,63000120-033,2,7,0,1,2,6,0,6,0
1200,63000120-002,2,0,1,0,2,2,1,10,0
1201,63000120-031,2,0,0,0,0,6,0,6,0
1202,63000120-012,2,7,1,1,1,6,1,13,0
1203,63000120-026,2,0,4,1,1,9,1,8,0
1204,63000120-036,2,0,6,1,0,0,0,4,0
1205,63000120-005,2,0,1,0,0,2,1,10,1
1206,63000120-006,2,7,1,0,2,2,1,10,0
1207,63000120-009,3,1,4,1,2,6,1,5,0
1208,63000120-011,3,6,5,0,2,6,1,5,1
1209,63000120-010,3,1,4,1,2,6,1,5,0
1210,63000120-039,3,1,4,1,1,9,2,3,0
1211,63000120-019,3,1,4,1,1,9,1,5,2
1212,63000120-021,2,7,6,0,0,9,1,1,0
1213,63000120-040,3,1,0,1,1,6,0,5,0
1214,63000120-042,3,1,0,1,1,6,0,5,0
1215,63000120-025,2,7,6,0,2,9,1,8,0
1216,63000120-003,2,0,1,0,2,2,1,10,1
1217,63000120-004,2,0,1,0,2,2,1,6,0
1218,63000120-032,3,1,0,1,1,6,0,5,0
1219,63000120-035,2,0,1,1,0,6,0,10,0
1220,63000120-016,2,0,1,1,1,6,1,10,0
1221,63000120-017,2,0,1,0,2,6,1,10,0
1222,63000120-007,2,0,1,0,2,2,1,10,1
1223,63000120-034,2,0,1,1,1,6,0,10,0
1224,63000120-023,2,7,6,0,0,9,1,1,0
1225,63000120-029,2,0,1,1,2,9,0,10,0
1226,63000120-038,2,0,1,1,0,6,1,4,2
1227,63000090-004,2,7,6,1,2,12,0,1,2
1228,63000090-002,2,0,6,1,1,1,0,4,0
1229,63000090-017,0,4,0,1,2,12,0,3,0
1230,63000090-018,3,1,4,1,0,10,1,3,0
1231,63000090-019,0,4,3,1,1,7,0,0,0
1232,63000090-001,2,0,6,1,0,12,0,4,0
1233,63000090-010,2,7,6,0,0,5,0,13,0
1234,63000090-011,2,0,3,1,0,5,0,7,0
1235,63000090-006,2,0,6,1,1,1,0,4,0
1236,63000090-003,2,0,6,0,1,3,0,4,0
1237,63000090-005,2,0,3,0,0,1,0,8,0
1238,63000090-007,2,0,6,1,2,1,0,4,0
1239,63000090-009,2,7,6,1,1,5,0,13,2
1240,63000090-014,0,4,3,0,0,5,0,0,0
1241,63000090-015,2,0,6,0,1,5,0,12,0
1242,63000090-016,0,4,0,1,0,0,0,3,0
1243,63000090-012,2,0,6,0,2,5,0,12,1
1244,63000090-008,2,0,6,1,1,5,0,4,0
1245,63000090-020,2,0,3,1,2,1,0,8,2
1246,63000090-013,2,0,6,0,1,5,0,12,1
1247,63000110-033,0,6,5,1,2,9,1,0,1
1248,63000110-001,2,7,6,0,1,9,0,13,1
1249,63000110-044,3,1,4,1,1,6,1,5,0
1250,63000110-010,2,0,6,0,1,9,0,12,1
1251,63000110-026,2,0,6,0,2,3,0,4,0
1252,63000110-039,3,3,4,0,2,6,2,9,0
1253,63000110-038,3,6,5,0,2,9,1,3,1
1254,63000110-040,3,6,5,0,2,6,2,9,1
1255,63000110-042,0,4,3,1,2,6,0,9,0
1256,63000110-041,3,1,5,0,2,6,1,5,1
1257,63000110-037,0,6,5,0,2,9,1,0,1
1258,63000110-036,0,6,5,0,2,9,1,0,1
1259,63000110-016,0,4,0,0,0,6,0,3,2
1260,63000110-024,0,3,4,1,0,6,1,0,2
1261,63000110-025,0,4,3,1,1,9,0,0,0
1262,63000110-048,3,1,4,1,1,6,1,3,0
1263,63000110-008,0,6,3,1,0,9,0,7,3
1264,63000110-028,2,0,6,0,2,2,0,4,1
1265,63000110-027,2,0,1,0,2,2,0,10,1
1266,63000110-030,2,0,1,0,2,3,1,4,1
1267,63000110-012,2,0,1,0,2,0,0,10,0
1268,63000110-045,3,3,4,1,1,6,1,9,0
1269,63000110-014,2,0,3,1,1,0,0,8,2
1270,63000110-032,3,3,4,1,2,9,1,9,0
1271,63000110-022,3,1,4,1,0,6,1,5,2
1272,63000110-043,0,4,3,1,1,9,0,9,0
1273,63000110-049,3,1,4,1,1,0,1,3,0
1274,63000110-011,2,0,0,0,0,6,0,6,2
1275,63000110-021,3,1,4,0,0,6,1,5,2
1276,63000110-019,0,4,3,0,0,9,0,0,2
1277,63000110-020,0,6,0,0,0,6,0,3,3
1278,63000110-009,0,4,3,0,0,9,0,7,2
1279,63000110-007,2,0,6,1,2,9,0,12,3
1280,63000110-023,0,3,4,1,0,6,1,0,2
1281,63000110-004,2,0,6,1,0,9,0,12,0
1282,63000110-005,2,0,1,0,2,3,0,10,0
1283,63000110-003,2,7,6,1,1,3,0,1,0
1284,63000110-013,2,0,3,0,0,0,0,8,3
1285,63000110-015,0,6,3,0,0,0,0,0,3
1286,63000110-002,2,7,6,1,1,9,0,13,0
1287,63000110-050,0,3,4,1,2,0,1,0,0
1288,63000110-029,3,6,5,0,2,9,1,9,1
1289,63000110-051,0,4,3,1,1,11,0,9,0
1290,63000110-006,2,0,6,0,2,3,0,4,1
1291,63000110-031,0,4,3,1,2,9,0,9,0
1292,63000110-047,3,1,0,1,1,6,0,5,0
1293,63000110-018,0,6,3,0,1,9,0,0,3
1294,63000110-017,0,4,0,0,0,6,0,3,2
1295,63000110-035,2,7,1,0,2,2,1,10,1
1296,63000110-034,2,0,5,0,2,9,1,8,1
1297,63000110-046,0,4,3,1,1,6,0,9,0
1298,63000060-026,2,0,1,1,1,3,1,4,0
1299,63000060-008,2,7,6,0,1,12,0,13,1
1300,63000060-012,2,0,6,1,1,3,0,12,3
1301,63000060-018,2,0,6,0,1,3,0,12,1
1302,63000060-017,2,0,3,1,1,3,0,8,3
1303,63000060-009,2,0,3,0,1,3,0,8,1
1304,63000060-010,2,0,6,0,1,3,0,4,1
1305,63000060-003,2,7,6,0,1,3,0,1,1
1306,63000060-002,2,7,6,1,1,3,0,13,1
1307,63000060-004,2,7,6,0,1,3,0,13,1
1308,63000060-019,2,7,6,0,0,12,0,13,1
1309,63000060-020,2,7,6,0,0,12,0,13,1
1310,63000060-007,2,7,6,0,1,13,0,13,1
1311,63000060-014,2,0,6,0,1,3,0,4,3
1312,63000060-006,2,7,6,0,1,3,0,8,1
1313,63000060-013,2,7,6,0,2,13,0,13,0
1314,63000060-005,2,7,6,0,2,2,0,1,0
1315,63000060-001,2,7,6,1,1,2,0,13,0
1316,63000060-024,0,6,3,1,0,3,0,0,3
1317,63000060-022,2,0,6,0,0,12,0,12,1
1318,63000060-016,2,7,6,0,1,12,0,13,1
1319,63000060-021,0,6,3,0,0,3,0,0,3
1320,63000060-025,2,0,6,1,2,3,0,4,2
1321,63000060-015,2,0,6,0,1,12,0,12,1
1322,63000060-011,2,7,6,0,0,13,0,13,0
1323,63000030-005,2,7,6,0,2,4,0,1,0
1324,63000030-002,2,7,6,0,2,4,0,1,1
1325,63000030-029,2,7,6,0,2,4,0,1,0
1326,63000030-056,2,7,6,0,2,4,0,1,0
1327,63000030-019,2,0,6,0,2,13,0,4,0
1328,63000030-010,2,7,6,0,2,4,0,13,0
1329,63000030-035,2,0,6,0,2,4,0,4,0
1330,63000030-014,2,7,6,0,2,13,0,1,0
1331,63000030-013,2,0,6,0,2,5,0,4,0
1332,63000030-003,2,7,6,0,2,13,0,1,0
1333,63000030-043,2,7,6,0,2,1,0,1,0
1334,63000030-057,2,7,6,1,1,1,0,1,0
1335,63000030-050,2,7,6,0,2,4,0,1,0
1336,63000030-049,2,0,6,0,2,4,0,12,0
1337,63000030-001,2,7,6,0,2,4,0,1,0
1338,63000030-051,2,7,6,0,2,4,0,1,0
1339,63000030-053,2,7,6,0,2,4,0,1,0
1340,63000030-023,2,7,6,0,2,13,0,8,0
1341,63000030-008,2,0,3,1,2,12,0,8,1
1342,63000030-052,2,0,6,0,2,4,0,4,1
1343,63000030-004,2,7,6,0,2,12,0,1,0
1344,63000030-007,2,7,6,1,2,12,0,1,0
1345,63000030-018,2,0,6,0,2,1,0,4,0
1346,63000030-034,2,7,6,0,2,13,0,1,1
1347,63000030-017,2,7,6,0,2,10,0,1,0
1348,63000030-037,2,0,6,0,2,13,0,4,0
1349,63000030-036,2,0,6,0,2,13,0,4,0
1350,63000030-030,2,0,6,0,2,4,0,4,0
1351,63000030-006,2,7,6,1,2,13,0,1,0
1352,63000030-039,2,0,6,1,2,7,0,4,0
1353,63000030-033,2,7,6,0,1,13,0,6,1
1354,63000030-044,2,0,1,1,2,7,0,10,0
1355,63000030-054,2,0,1,0,2,4,0,10,1
1356,63000030-038,2,0,1,0,2,7,0,10,1
1357,63000030-009,2,0,6,0,2,13,0,4,1
1358,63000030-055,2,7,6,0,2,4,0,13,0
1359,63000030-031,2,0,1,0,2,4,0,10,1
1360,63000030-032,2,7,6,0,2,4,0,1,0
1361,63000030-016,2,7,6,0,2,1,0,8,0
1362,63000030-020,2,7,2,0,2,13,0,2,0
1363,63000030-021,2,7,6,0,2,13,0,1,1
1364,63000030-046,2,7,1,0,1,7,1,6,0
1365,63000030-048,2,7,2,1,2,12,0,14,0
1366,63000030-047,2,7,1,0,2,12,1,14,0
1367,63000030-022,2,7,6,0,2,4,0,1,1
1368,63000030-011,2,0,6,0,2,1,0,4,1
1369,63000030-015,2,7,6,0,2,10,0,8,0
1370,63000030-012,2,0,3,0,2,1,0,8,1
1371,63000030-040,2,0,6,0,2,5,0,4,0
1372,63000030-028,2,0,6,0,2,5,0,4,0
1373,63000030-041,2,0,6,1,2,1,0,4,0
1374,63000030-026,2,7,6,0,2,4,0,1,0
1375,63000030-027,2,7,6,0,2,4,0,1,0
1376,63000080-034,2,7,6,1,2,7,0,10,0
1377,63000080-038,0,4,3,0,2,11,0,0,0
1378,63000080-036,3,3,4,1,1,11,1,9,0
1379,63000080-040,0,3,4,1,2,11,1,0,0
1380,63000080-025,0,4,3,0,1,11,0,0,0
1381,63000080-026,0,4,3,0,2,11,0,7,0
1382,63000080-005,2,7,6,0,2,7,0,1,2
1383,63000080-004,2,0,6,0,2,12,0,4,2
1384,63000080-002,2,0,3,0,2,12,0,8,0
1385,63000080-003,2,0,6,0,2,12,0,4,0
1386,63000080-006,2,0,6,0,2,12,0,4,0
1387,63000080-001,2,0,6,0,2,3,0,4,0
1388,63000080-028,0,4,3,0,0,11,0,0,0
1389,63000080-027,2,0,3,1,2,11,0,7,0
1390,63000080-041,0,4,3,0,2,6,0,0,0
1391,63000080-031,0,4,3,0,2,6,0,0,0
1392,63000080-030,0,4,3,0,2,6,0,0,0
1393,63000080-043,0,6,3,0,1,6,0,0,1
1394,63000080-032,0,4,3,0,2,11,0,0,0
1395,63000080-037,0,4,3,1,1,11,0,0,0
1396,63000080-014,2,7,6,1,1,11,0,13,0
1397,63000080-018,0,4,3,0,2,11,0,0,0
1398,63000080-015,2,0,0,0,2,11,0,6,0
1399,63000080-016,2,0,1,1,2,11,0,10,0
1400,63000080-020,2,0,3,0,2,7,0,8,0
1401,63000080-022,2,7,6,1,2,12,0,13,0
1402,63000080-017,2,0,4,0,2,11,1,8,0
1403,63000080-021,2,7,6,1,2,12,0,1,0
1404,63000080-019,2,0,3,0,2,11,0,8,1
1405,63000080-013,2,0,6,0,2,11,0,4,0
1406,63000080-042,0,3,4,0,2,11,1,0,0
1407,63000080-024,2,0,3,1,2,9,0,8,0
1408,63000080-011,2,0,1,1,2,7,0,10,2
1409,63000080-010,2,0,6,1,2,5,0,4,2
1410,63000080-007,2,7,6,0,2,11,0,1,0
1411,63000080-012,2,0,6,1,2,10,0,4,0
1412,63000080-008,2,0,3,0,2,7,0,0,1
1413,63000080-039,2,0,1,1,2,12,0,10,0
1414,63000080-035,2,7,6,1,2,11,0,1,0
1415,63000080-033,2,7,6,0,2,11,0,10,0
1416,63000080-009,2,0,6,0,2,7,0,4,0
1417,63000080-023,2,0,3,1,2,3,0,8,0
1418,63000080-029,0,4,3,0,2,11,0,0,0
1419,63000010-004,0,4,3,0,2,7,0,0,0
1420,63000010-027,2,0,6,0,2,4,0,7,1
1421,63000010-026,2,7,6,0,2,12,0,13,0
1422,63000010-015,2,7,6,0,2,13,0,13,0
1423,63000010-009,0,6,3,0,2,12,0,0,1
1424,63000010-029,2,0,6,0,2,4,0,7,1
1425,63000010-022,2,0,6,0,2,13,0,4,1
1426,63000010-019,2,0,6,0,2,5,0,4,0
1427,63000010-008,0,4,3,0,2,7,0,0,0
1428,63000010-006,0,3,4,0,2,7,1,0,0
1429,63000010-033,2,0,6,0,2,13,0,12,1
1430,63000010-032,2,0,6,0,2,4,0,7,1
1431,63000010-031,2,0,6,0,2,4,0,7,1
1432,63000010-025,2,0,6,0,2,13,0,4,1
1433,63000010-018,2,0,6,0,0,5,0,12,2
1434,63000010-030,2,0,6,0,2,4,0,7,0
1435,63000010-007,0,4,3,1,2,5,0,0,0
1436,63000010-005,0,3,4,0,2,10,1,0,0
1437,63000010-024,2,0,6,0,2,1,0,4,1
1438,63000010-011,2,0,6,0,2,13,0,4,0
1439,63000010-014,2,0,6,0,2,13,0,12,1
1440,63000010-013,2,6,5,0,2,12,1,8,1
1441,63000010-003,2,0,4,0,2,12,1,8,0
1442,63000010-035,2,7,6,1,2,12,0,1,0
1443,63000010-016,2,7,6,0,2,12,0,1,0
1444,63000010-017,2,7,6,0,2,7,0,1,0
1445,63000010-034,2,0,6,0,2,4,0,7,0
1446,63000010-010,2,0,6,1,2,1,0,4,0
1447,63000010-028,2,0,6,1,2,13,0,12,0
1448,63000010-021,2,0,6,0,2,5,0,4,0
1449,63000010-002,0,4,3,1,1,7,0,7,2
1450,63000010-020,2,0,3,0,2,5,0,8,0
1451,63000010-012,2,0,6,0,2,12,0,4,0
1452,63000070-009,2,7,6,0,2,3,0,8,1
1453,63000070-027,0,6,3,0,1,11,0,0,1
1454,63000070-026,0,6,3,0,1,11,0,0,1
1455,63000070-035,0,3,4,0,1,12,1,0,0
1456,63000070-016,2,0,6,0,0,12,0,4,1
1457,63000070-024,0,4,3,0,0,12,0,0,2
1458,63000070-030,0,6,3,0,1,11,0,0,1
1459,63000070-023,0,4,3,0,1,11,0,0,2
1460,63000070-007,2,0,6,0,0,3,0,4,1
1461,63000070-010,2,0,6,0,0,3,0,4,1
1462,63000070-022,0,4,3,0,1,12,0,0,0
1463,63000070-034,0,4,3,0,0,7,0,0,0
1464,63000070-014,0,4,3,0,2,12,0,0,0
1465,63000070-021,0,6,3,0,0,12,0,0,1
1466,63000070-013,0,6,3,0,1,12,0,0,1
1467,63000070-004,2,0,6,0,2,3,0,4,1
1468,63000070-020,0,4,3,0,1,12,0,0,0
1469,63000070-033,0,4,0,0,0,5,0,3,2
1470,63000070-019,2,0,3,1,0,3,0,8,2
1471,63000070-029,0,4,0,1,1,7,0,3,2
1472,63000070-001,2,7,6,0,0,3,0,13,2
1473,63000070-008,2,0,6,0,1,3,0,4,1
1474,63000070-015,3,1,5,0,0,0,2,5,1
1475,63000070-017,0,6,3,0,0,12,0,0,1
1476,63000070-031,0,4,0,1,0,5,0,3,2
1477,63000070-005,2,0,0,0,0,3,0,6,0
1478,63000070-032,0,4,0,1,0,7,0,3,2
1479,63000070-018,0,4,3,1,0,11,0,0,2
1480,63000070-002,2,7,6,1,1,3,0,13,3
1481,63000070-003,2,0,1,0,1,3,0,10,1
1482,63000070-028,0,4,0,0,0,7,0,3,2
1483,63000070-025,0,4,3,0,0,11,0,0,2
1484,63000070-012,2,0,6,0,1,12,0,4,1
1485,63000070-006,2,0,1,1,0,3,0,10,2
1486,63000070-011,2,0,6,0,0,12,0,4,1
1487,63000070-036,0,4,3,1,1,13,0,0,2
