縣市代碼,縣市名稱,鄉鎮市區代碼,鄉鎮市區名稱,不含車位_各建物型態合計棟數,不含車位_公寓棟數,不含車位_透天厝棟數,不含車位_店面(店舖)棟數,不含車位_辦公商業大樓棟數,不含車位_住宅大樓棟數,不含車位_華廈棟數,不含車位_套房棟數,不含車位_工廠棟數,不含車位_廠辦棟數,不含車位_農舍棟數,不含車位_倉庫棟數,不含車位_其他建物型態棟數,不含車位_各建物型態合計面積,不含車位_公寓面積,不含車位_透天厝面積,不含車位_店面(店舖)面積,不含車位_辦公商業大樓面積,不含車位_住宅大樓面積,不含車位_華廈面積,不含車位_套房面積,不含車位_工廠面積,不含車位_廠辦面積,不含車位_農舍面積,不含車位_倉庫面積,不含車位_其他建物型態面積,不含車位_各建物型態整體中位數房價,不含車位_公寓中位數房價,不含車位_透天厝中位數房價,不含車位_店面(店舖)中位數房價,不含車位_辦公商業大樓中位數房價,不含車位_住宅大樓中位數房價,不含車位_華廈中位數房價,不含車位_套房中位數房價,不含車位_工廠中位數房價,不含車位_廠辦中位數房價,不含車位_農舍中位數房價,不含車位_倉庫中位數房價,不含車位_其他建物型態中位數房價,含車位_各建物型態合計棟數,含車位_公寓棟數,含車位_透天厝棟數,含車位_店面(店舖)棟數,含車位_辦公商業大樓棟數,含車位_住宅大樓棟數,含車位_華廈棟數,含車位_套房棟數,含車位_工廠棟數,含車位_廠辦棟數,含車位_農舍棟數,含車位_倉庫棟數,含車位_其他建物型態棟數,含車位_各建物型態合計面積,含車位_公寓面積,含車位_透天厝面積,含車位_店面(店舖)面積,含車位_辦公商業大樓面積,含車位_住宅大樓面積,含車位_華廈面積,含車位_套房面積,含車位_工廠面積,含車位_廠辦面積,含車位_農舍面積,含車位_倉庫面積,含車位_其他建物型態面積,含車位_各建物型態整體中位數房價,含車位_公寓中位數房價,含車位_透天厝中位數房價,含車位_店面(店舖)中位數房價,含車位_辦公商業大樓中位數房價,含車位_住宅大樓中位數房價,含車位_華廈中位數房價,含車位_套房中位數房價,含車位_工廠中位數房價,含車位_廠辦中位數房價,含車位_農舍中位數房價,含車位_倉庫中位數房價,含車位_其他建物型態中位數房價,資料時間
65000,新北市,65000010,板橋區,3366,1479,112,19,1,1458,231,61,1,2,,1,1,95346.93,37470.63,4343.96,596.6,12.47,44726,6734.35,839.44,111.48,304.03,,153.59,54.36,10355000,8600000,14500000,19500000,5320000,13040000,11350000,7700000,42360000,31000000,,3500000,12300000,713,4,,2,2,597,98,6,,4,,,,34417.09,234.02,,70.46,207.65,28845.24,4328.3,136.65,,594.78,,,,17370000,16400000,,12100000,33375000,18000000,14350000,11530000,,27250000,,,,"109Y"
65000,新北市,65000020,三重區,2691,1155,90,12,2,1113,218,83,7,11,,,,80797.28,26513.2,3761.75,321.03,33.79,39581.9,7830.27,1258.44,546.16,950.73,,,,9360000,7100000,14085000,13250000,6830000,14100000,11600000,8000000,6750000,20250000,,,,566,2,,1,4,427,119,4,1,8,,,,32335.42,73.3,,35.9,184.83,22214.36,8339.46,93.87,192.9,1200.81,,,,17350000,12250000,,26000000,9987500,17280000,17550000,7610000,65000000,25290000,,,,"109Y"
65000,新北市,65000030,中和區,3452,1324,80,24,18,1618,247,117,2,13,,,9,117703.21,35038.83,6279.26,725.94,551.32,62567.6,8260.7,1607.54,1380.73,1014.7,,,276.58,10900000,8800000,20500000,18670000,12590000,14300000,11500000,5600000,211475000,28000000,,,11300000,738,24,5,2,13,495,156,10,7,25,,,1,41713.62,1084.82,405.04,106.1,979.3,26637.72,9086.41,221.24,615.69,2538.96,,,38.34,17500000,12640000,28500000,27140000,28050000,17500000,17000000,7480000,23216667,26500000,,,14100000,"109Y"
65000,新北市,65000040,永和區,1712,775,22,15,12,703,141,44,,,,,,51025.82,20948.94,569.59,505.79,505.62,24200.35,3783.73,511.81,,,,,,12000000,10500000,13250000,19800000,20773292,16830000,11700000,5500000,,,,,,229,3,,,2,178,44,2,,,,,,10767.68,96.91,,,124.14,8600.52,1909.86,36.26,,,,,,19120000,6750000,,,19250000,19500000,18940000,8590000,,,,,,"109Y"
65000,新北市,65000050,新莊區,4318,1061,92,18,54,2609,355,49,11,8,,,61,155393.61,28126.1,7249.93,612.9,2965.2,99257.45,11587.29,718.72,1825.91,1668.83,,,1381.29,11000000,7200000,18390000,13940000,17020000,14000000,9300000,4700000,39980000,31575000,,,8460000,868,8,4,3,6,653,185,1,5,3,,,,46251.68,326.61,355.29,161.63,367.77,33895.55,9999.09,15.52,907.71,222.5,,,,14132500,10050000,20250000,18880000,17187500,14800000,12800000,5310000,36000000,17000000,,,,"109Y"
65000,新北市,65000060,新店區,2771,832,199,11,1,1281,359,47,,6,,,35,104324.23,24057.84,11646.29,620.51,99.54,50896.3,14650.34,695.89,,539.07,,,1118.45,12000000,9000000,17245000,29000000,38000000,15900000,10700000,6700000,,31500000,,,9160000,898,59,95,1,2,535,192,2,3,5,,,4,54699.08,2947.19,11119.59,33.73,129.61,27677.98,11256.56,58.2,531.81,756.46,,,187.94,15580000,9500000,24200000,14800000,16440000,16500000,13500000,9225000,51750000,47650000,,,10750000,"109Y"
65000,新北市,65000070,樹林區,928,379,105,5,,279,129,11,17,3,,,,38788.9,10598.84,9595.05,87.96,,10725.69,4420.29,153.66,2633.99,573.41,,,,7655000,6000000,16900000,9980000,,10350000,8280000,4500000,64000000,68000000,,,,462,8,26,2,1,310,104,2,5,4,,,,26006.88,387.19,2479.57,150.36,41.98,16647.88,5226.52,47.2,726.07,300.1,,,,12755000,9100000,26142857,35275000,15500000,13450000,10900000,5050000,23000000,11750000,,,,"109Y"
65000,新北市,65000080,鶯歌區,568,111,124,2,,153,168,1,5,2,,,2,25171.17,2966.47,10785.89,164.45,,4840.25,5580.83,13.96,472.18,281.7,,,65.44,5950000,4100000,8750000,30300000,,5950000,6025000,3040000,26000000,22000000,,,3700000,223,6,33,1,,78,105,,,,,,,11898.83,227.37,3325.31,48.38,,3557.81,4739.97,,,,,,,8800000,6670000,26800000,10700000,,9500000,7550000,,,,,,,"109Y"
65000,新北市,65000090,三峽區,834,96,64,7,,473,157,36,,,1,,,26826.04,2591.94,3492.6,242.41,,14993.94,5049.16,406.27,,,49.72,,,6600000,4637500,6650000,9170000,,7800000,6350000,3500000,,,23535000,,,405,2,12,4,,321,60,6,,,,,,20817.93,155.4,1004.2,174.92,,15967.09,3391.18,125.13,,,,,,12000000,13450000,17940000,16255000,,12300000,9850000,6000000,,,,,,"109Y"
65000,新北市,65000100,淡水區,3056,369,79,4,1,2011,410,180,2,,,,,102487.86,9814.17,4161.08,104.01,33.85,70515.91,15180.22,2517.69,160.93,,,,,6900000,4600000,10000000,10865000,5910000,7700000,6930000,2800000,16891350,,,,,1579,21,28,4,1,1343,155,26,,,,,1,79985.24,1068.07,2485.73,193.03,58.86,68138.54,7347.08,665.11,,,,,28.82,9600000,10400000,16190000,9350000,12600000,9630000,9300000,5375000,,,,,7400000,"109Y"
65000,新北市,65000110,汐止區,2640,444,142,12,2,1402,534,58,4,34,,1,7,95334.17,13179.83,8213.11,410.4,109.44,53295.19,14832.07,856.92,563.8,3635.21,,7.78,230.42,9000000,7000000,13580000,13500000,17105000,10000000,8675000,4725000,28980000,32040000,,2900000,7750000,978,92,10,4,6,677,154,6,1,26,,,2,56052.63,5549.82,850.85,171.33,477.04,36153.83,8610.76,141.45,408.44,3446.52,,,242.61,12300000,11550000,15900000,21250000,14033333,12580000,10865000,6375000,65000000,21750000,,,27750000,"109Y"
65000,新北市,65000120,瑞芳區,151,117,20,2,,,12,,,,,,,4050.99,3125.94,563.17,19.74,,,342.15,,,,,,,2450000,2300000,3500000,2200000,,,3675000,,,,,,,7,1,5,,,,1,,,,,,,353.62,49.28,254.05,,,,50.28,,,,,,,8000000,3200000,8000000,,,,8000000,,,,,,,"109Y"
65000,新北市,65000130,土城區,2008,564,46,14,46,1047,244,32,2,12,,,1,70344.91,14901.65,6858.42,385.38,1695.86,36209.64,8196.36,393.19,992.22,689.32,,,22.87,10315000,7750000,14600000,14150000,13955000,12530000,10000000,4050000,182600000,17552500,,,6500000,320,3,1,1,,241,71,,,3,,,,15314.53,139.69,97.44,42.79,,11870.63,2915.31,,,248.67,,,,13800000,15500000,20450000,16180000,,14500000,11500000,,,14550000,,,,"109Y"
65000,新北市,65000140,蘆洲區,1093,471,13,7,2,364,232,3,1,,,,,35986.1,13510.36,340.82,471.05,26.2,13790.93,7730.94,50.46,65.34,,,,,9800000,8300000,11670000,20000000,4475000,12600000,11600000,6000000,29000000,,,,,481,1,,1,,302,176,,,1,,,,26253.63,45,,62.37,,17848.55,8206.62,,,91.1,,,,16500000,6200000,,45180000,,20560000,14000000,,,22800000,,,,"109Y"
65000,新北市,65000150,五股區,914,116,32,3,8,611,136,6,2,,,,,36263.63,3660.7,4643.46,101.28,146.75,22198.6,4622.95,97.05,792.84,,,,,9150000,5080000,17650000,14900000,3025000,9900000,7600000,3825000,165200000,,,,,365,7,7,1,,222,124,,,3,,,1,18571.21,303.16,788.51,35.84,,9933.73,6096.38,,,712.96,,,700.62,10300000,7400000,29200000,10050000,,10500000,10080000,,,52237500,,,78000000,"109Y"
65000,新北市,65000160,泰山區,467,183,31,4,1,146,93,6,1,2,,,,18118.75,5042.44,3133.89,122.28,85.24,6255.8,3027.92,35.7,174.68,240.81,,,,7920000,5880000,15300000,15975000,18400000,11275000,8500000,1275000,78000000,33350000,,,,183,2,3,1,,120,56,1,,,,,,9171.51,134.46,309.96,58.19,,6009.06,2636.84,23,,,,,,12500000,16450000,25400000,21900000,,12750000,12100000,6050000,,,,,,"109Y"
65000,新北市,65000170,林口區,1210,79,46,16,5,833,223,8,,,,,,60464.55,2345.11,5006,487.33,303.62,44700.76,7515.95,105.79,,,,,,12360000,5300000,20225000,8710000,21250000,14980000,7850000,4200000,,,,,,1512,7,70,10,1,1208,206,7,,,,,3,85564.55,354.67,6567.59,415.27,199.14,67217.78,10230.7,167.47,,,,,411.92,13200000,5500000,21775000,14525000,40000000,13280000,11375000,6000000,,,,,39666667,"109Y"
65000,新北市,65000180,深坑區,182,61,15,,,38,62,5,1,,,,,5990.44,1761.04,1151.5,,,1160.19,1769.15,59.01,89.56,,,,,7265000,6200000,11000000,,,8940000,7450000,3600000,39977148,,,,,94,5,4,,,47,36,,,2,,,,5306.41,161.03,299.69,,,2376.93,2278.48,,,190.29,,,,10565000,5380000,15300000,,,11300000,10320000,,,20750000,,,,"109Y"
65000,新北市,65000190,石碇區,12,,1,,,,2,,,9,,,,900.05,,100.1,,,,142.71,,,657.24,,,,19630000,,4400000,,,,20475000,,,19630000,,,,8,,,,,,8,,,,,,,444.16,,,,,,444.16,,,,,,,8190000,,,,,,8190000,,,,,,,"109Y"
65000,新北市,65000200,坪林區,2,,2,,,,,,,,,,,77,,77,,,,,,,,,,,11500000,,11500000,,,,,,,,,,,,,,,,,,,,,,,,,,,,,,,,,,,,,,,,,,,,,,,,,,"109Y"
65000,新北市,65000210,三芝區,296,23,35,,,104,74,60,,,,,,6941.95,620.96,1875.78,,,1961.44,1679.25,804.53,,,,,,2080000,2300000,6050000,,,1600000,2400000,1080000,,,,,,59,2,8,1,,16,32,,,,,,,2694.85,109.3,683.08,33.73,,688.08,1180.67,,,,,,,3625000,3850000,12600000,4300000,,3675000,3450000,,,,,,,"109Y"
65000,新北市,65000220,石門區,6,4,2,,,,,,,,,,,194.01,102.68,91.33,,,,,,,,,,,2815000,1505000,6980000,,,,,,,,,,,,,,,,,,,,,,,,,,,,,,,,,,,,,,,,,,,,,,,,,,"109Y"
65000,新北市,65000230,八里區,413,35,20,1,,273,54,20,,10,,,,13769.13,1016.77,1338.52,30.12,,8812.86,1756.04,360.82,,454,,,,6250000,4050000,12020000,10440000,,6550000,5600000,4175000,,7505000,,,,185,,4,2,,137,37,5,,,,,,8111.66,,322.36,54.44,,6061.73,1526.25,146.88,,,,,,7700000,,22900000,8500000,,8500000,7200000,7180000,,,,,,"109Y"
65000,新北市,65000240,平溪區,2,1,1,,,,,,,,,,,48.99,23.49,25.5,,,,,,,,,,,10000000,10000000,10000000,,,,,,,,,,,,,,,,,,,,,,,,,,,,,,,,,,,,,,,,,,,,,,,,,,"109Y"
65000,新北市,65000250,雙溪區,13,8,3,,,,,,,1,1,,,536.1,204.82,179.2,,,,,,,79.21,72.87,,,2500000,2400000,5200000,,,,,,,21000000,5500000,,,,,,,,,,,,,,,,,,,,,,,,,,,,,,,,,,,,,,,,,,"109Y"
65000,新北市,65000260,貢寮區,19,13,5,,,,1,,,,,,,633.11,373.8,189.99,,,,69.32,,,,,,,1900000,1600000,2100000,,,,3500000,,,,,,,2,1,,,,,1,,,,,,,91.7,44.04,,,,,47.66,,,,,,,2600000,2200000,,,,,3000000,,,,,,,"109Y"
65000,新北市,65000270,金山區,131,19,23,,,49,37,2,,,1,,,4991.53,499.14,1552.54,,,1715.2,1153.04,27.02,,,44.59,,,5800000,2500000,6930000,,,7300000,5000000,1275000,,,6700000,,,45,1,3,,,1,39,1,,,,,,1909.17,43.47,181.05,,,42.69,1606.76,35.2,,,,,,6800000,3220000,9000000,,,3500000,7190000,4450000,,,,,,"109Y"
65000,新北市,65000280,萬里區,149,90,7,,,26,9,16,,,,,1,3189.54,1932.81,435.3,,,417,160.31,230.69,,,,,13.43,1170000,955000,6400000,,,1650000,1800000,1350000,,,,,1450000,9,1,,,,5,2,1,,,,,,265.62,35.43,,,,94.71,119.63,15.85,,,,,,2000000,2970000,,,,1680000,9690000,2300000,,,,,,"109Y"
65000,新北市,65000290,烏來區,2,2,,,,,,,,,,,,27.58,27.58,,,,,,,,,,,,1700000,1700000,,,,,,,,,,,,,,,,,,,,,,,,,,,,,,,,,,,,,,,,,,,,,,,,,,,"109Y"
63000,臺北市,63000010,松山區,1294,408,19,16,24,456,303,60,,,,,8,40056.88,11444.49,628.96,593.98,1229.87,15523.44,9688.36,777.34,,,,,170.45,18800000,18000000,38250000,29940000,18490000,19430000,20621000,9240000,,,,,16837500,204,3,,9,11,134,44,3,,,,,,12950.4,60.34,,514.16,1415.01,8762.34,2115.23,83.32,,,,,,31640000,9160000,,31250000,59780000,34875000,25020000,16880000,,,,,,"109Y"
63000,臺北市,63000020,信義區,1327,570,39,15,18,364,282,39,,,,,,41837.31,15412.77,1273.64,413.06,972.6,14923.07,8340.63,501.55,,,,,,17000000,15600000,45000000,36000000,19750000,22100000,18300000,10000000,,,,,,296,3,13,,9,175,90,6,,,,,,16447.82,90.67,1125.96,,350.89,11066.22,3671.45,142.63,,,,,,31650000,13000000,59750056,,17600000,38000000,21275000,13690000,,,,,,"109Y"
63000,臺北市,63000030,大安區,1803,424,4,23,17,677,596,59,,,,,3,58406.08,12242.77,104.87,751.69,591.27,26200.32,17707.58,728.29,,,,,79.29,22800000,19850000,27575000,31500000,22500000,27000000,23300000,11880000,,,,,13680000,265,2,,1,7,151,98,6,,,,,,16457.1,63.04,,127.25,359.93,10471.99,5301.25,133.64,,,,,,45000000,24360500,,38000000,43500000,51000000,41190000,18550000,,,,,,"109Y"
63000,臺北市,63000040,中山區,2756,493,56,36,55,1190,687,223,,,,,16,84799.82,13125.22,2290.14,941.8,3467.71,41066.56,20575.15,2616.47,,,,,716.76,14500000,15000000,45040000,22070000,26260000,15931000,14680000,6780000,,,,,11580000,564,1,,6,16,293,228,16,,,,,4,30360.52,34.79,,448.82,1442.14,18227.96,9754.69,328.96,,,,,123.16,27250000,24000000,,47250000,37650000,36380000,24000000,11650000,,,,,13630000,"109Y"
63000,臺北市,63000050,中正區,1155,242,29,17,28,480,287,72,,,,,,34257.11,6442.37,1137.86,521.49,1310.17,15859.9,7960.1,1025.22,,,,,,18000000,16150000,27880000,28910000,24115000,20330000,16900000,11000000,,,,,,185,3,,3,4,136,36,3,,,,,,10983.11,124.12,,66.54,615.51,8490.42,1593.92,92.58,,,,,,31500000,22500000,,9800000,129299000,32575000,26850000,12900000,,,,,,"109Y"
63000,臺北市,63000060,大同區,844,214,61,9,18,345,153,44,,,,,,26868.7,4926.39,3357.69,214.4,915.25,11744.5,5190.35,520.12,,,,,,13090000,10000000,19125000,15200000,18593000,17880000,15000000,6300000,,,,,,182,,1,2,4,133,36,5,,,,,1,9341.76,,78.69,81.09,239.19,6809.92,1992.35,93.99,,,,,46.53,29930000,,48000000,20340000,39725000,32123888,24340000,9400000,,,,,24700000,"109Y"
63000,臺北市,63000070,萬華區,1326,420,122,6,8,542,166,60,,,,1,1,33506.91,9473.87,3140.19,164.15,169.01,15997.71,3810.84,707.99,,,,3.13,40.02,10500000,8200000,14050000,15750000,7800000,14950000,11090000,4850000,,,,1200000,19680000,180,,,,2,159,18,1,,,,,,8361.34,,,,87.76,7574.89,687.2,11.49,,,,,,23365000,,,,28250000,23935954,17200000,3950000,,,,,,"109Y"
63000,臺北市,63000080,文山區,1647,650,47,7,,465,429,48,,,,,1,51342.65,18580.47,2429.5,182.15,,15193.24,14271.12,683.3,,,,,2.87,13200000,11525000,25000000,18300000,,15950000,14950000,6720000,,,,,3150000,560,22,15,,,305,214,4,,,,,,28669.21,1017.29,1155.91,,,16239.38,10150.33,106.31,,,,,,21500000,15475000,28400000,,,23981866,18350000,11440000,,,,,,"109Y"
63000,臺北市,63000090,南港區,704,322,12,4,6,210,95,8,4,41,,,2,27275.48,9343.04,925.81,142.22,493.59,7252.25,3415.09,113.74,110.05,5460.85,,,18.85,15650000,12615000,30750000,34425000,49050000,20775000,18880000,8690000,10190000,54480000,,,7172200,302,1,,,3,173,109,2,1,11,,,2,18480.67,25.33,,,293.57,11643.69,4881.21,35.94,111.42,1417.07,,,72.44,31400000,7500000,,,26330000,36580000,21774000,10300000,56000000,44500000,,,19000000,"109Y"
63000,臺北市,63000100,內湖區,1924,737,43,11,13,556,482,49,2,6,,,25,72386.27,22150.61,2777.58,353.35,1022.09,26575.69,16921.73,668.02,143.78,642.19,,,1131.24,15665000,13500000,38500000,23000000,34100000,24450000,17000000,8680000,40690000,42260000,,,16380000,884,43,20,1,8,376,395,10,5,18,,,8,58177.76,1864.29,1617.82,30.08,582.75,22900.98,27588.08,214.72,556.76,1956.77,,,865.52,26090000,15400000,48930000,22300000,32725000,28050000,23370000,10515000,48333333,44000000,,,39750000,"109Y"
63000,臺北市,63000110,士林區,1493,693,74,9,1,289,379,35,,3,,,10,53726.57,20194.25,3515.42,405.53,67.08,14925.91,13347.16,489.51,,634.61,,,147.1,16100000,13000000,29940000,46000000,29000000,27800000,19800000,8900000,,155160000,,,11611000,290,9,4,1,,133,131,5,,1,,,6,17392.12,380.67,397.59,73.5,,7889.4,8066.55,102.58,,47.47,,,434.36,30000000,19300000,54940000,72140000,,32000000,30500000,13500000,,26000000,,,35800000,"109Y"
63000,臺北市,63000120,北投區,1628,691,85,10,1,308,443,76,1,1,,,12,55289.25,20126.25,3460.14,290.67,16.9,12458.83,15922.46,996.76,520.05,1293.67,,,203.52,12975000,11800000,18750000,17500000,14400000,18155000,16100000,5450000,698775000,480000000,,,926253,469,20,7,,1,230,185,15,,2,,,9,25049.92,1017.5,588.44,,22.17,12952.49,9693.95,327.53,,140.7,,,307.14,22000000,14190000,32800000,,10250000,25190000,20600000,8300000,,24040000,,,11330000,"109Y"
68000,桃園市,68000010,桃園區,5302,502,447,45,41,3423,696,92,24,11,,,21,212552.01,13727.52,26731.32,2362.9,2726.86,130453.69,23179.4,1302.15,9919.08,1024.63,,,1124.47,7800000,4200000,13000000,15250000,29270000,8500000,5900000,2650000,104750000,19100000,,,21800000,2659,20,68,11,16,1964,556,19,,3,,,2,138979.39,907.55,5794.41,883.71,1275.16,104936.94,24198.78,499.01,,245.93,,,237.9,8900000,6600000,16940000,17500000,19100000,9300000,7690000,5200000,,16800000,,,12150000,"109Y"
68000,桃園市,68000020,中壢區,4662,534,990,45,8,1980,677,356,10,9,14,,39,182331.04,14783.03,61676.57,1827.67,637.17,73256,18303.92,4154.02,4066.97,2774.4,637.4,,213.9,6500000,3600000,11000000,12400000,9350900,8405000,4200000,1630000,163090000,6825000,22081280,,835000,1989,18,135,17,19,1417,360,21,1,1,,,,105491.13,718.94,14685.09,1105.04,889.27,71320.88,15821.98,481.09,235.65,233.18,,,,8100000,4800000,15380000,8333333,15000000,8500000,6100000,3600000,34465300,31000000,,,,"109Y"
68000,桃園市,68000030,大溪區,633,51,320,3,,160,90,4,,,2,,3,32435.27,1323.55,20583.13,157.51,,7282.5,2835.6,38.05,,,129.55,,85.39,7500000,2500000,8100000,7500000,,9330000,4040000,750000,,,50250000,,3200000,165,10,44,,,56,55,,,,,,,9277.8,401.25,3447.23,,,2960.61,2468.71,,,,,,,6800000,3295000,11900000,,,6800000,5600000,,,,,,,"109Y"
68000,桃園市,68000040,楊梅區,1884,171,829,27,,573,246,27,7,1,3,,,89674.53,4712.81,52661.96,1233.46,,21189.98,7929.28,311.86,1333.88,65.34,235.95,,,5305000,2350000,8000000,7260000,,5000000,3300000,790000,28000000,25000000,38000000,,,653,37,69,3,,298,243,1,,2,,,,35643.07,1411.47,6340.85,390.57,,14907.61,12123.77,14.6,,454.2,,,,5250000,2500000,12880000,65000000,,5400000,4800000,1200000,,39435000,,,,"109Y"
68000,桃園市,68000050,蘆竹區,1037,34,304,11,1,466,176,19,8,9,7,,2,59613.24,1146.02,25495.67,540.22,93.31,19058.72,6551.97,261.94,4372.44,1964.79,113.22,,14.94,7500000,3950000,12825000,13500000,20700000,7440000,5500000,3300000,27250000,41530000,3025500,,10375000,938,6,46,7,1,683,178,3,,7,1,,6,52165.07,268.69,4409.88,352.37,87.4,37005.89,8837.53,68.46,,912.66,118.73,,103.45,9750000,6750000,15540000,18500000,25000000,9900000,8600000,4700000,,9800000,56880000,,1570000,"109Y"
68000,桃園市,68000060,大園區,853,86,423,4,,194,104,2,3,1,30,,6,50833.78,2439.95,31142.42,164.12,,9213.77,3937.96,27.44,1936.62,489.43,1358.97,,123.11,8800000,3085000,11800000,7187500,,8575000,5275000,2915000,78000000,21196800,25390000,,26548500,321,9,55,4,1,99,149,4,,,,,,18905.99,412.6,4746.34,252.62,43.95,5233.29,8037.03,180.16,,,,,,11000000,5600000,19150000,12750000,13200000,11600000,8800000,7900000,,,,,,"109Y"
68000,桃園市,68000070,龜山區,1596,428,178,21,8,493,375,82,5,5,,,1,68719.52,11617.23,19243.98,1963.35,137.31,17772.32,11041.13,947.43,5200.81,626.89,,,169.08,6500000,3500000,10000000,14460000,6100000,8530000,6900000,1910000,101080000,15500000,,,1600000,532,32,27,2,2,249,207,4,3,6,,,,37308.01,1400.56,1919.31,127.97,101.71,12547.06,9637.49,139.73,10539.92,894.27,,,,9000000,7000000,12300000,22400000,14250000,9430000,8000000,5515000,663180000,10576800,,,,"109Y"
68000,桃園市,68000080,八德區,1846,221,476,5,,1001,120,8,10,2,1,,2,74779.72,5855,23532.19,239.68,,35365.98,3936.23,97.38,4968.55,510.91,31.51,,242.28,6050000,3250000,7775000,14500000,,6100000,4900000,1700000,145500000,73938000,15800000,,83375050,768,13,37,6,,634,74,1,,,,,3,38698.03,707.17,2990.85,351.65,,31464.92,3077.95,33.74,,,,,71.75,8215000,5200000,13250000,17500000,,8400000,6165000,5100000,,,,,7650000,"109Y"
68000,桃園市,68000090,龍潭區,1411,78,729,6,,376,177,34,5,4,2,,,59260.64,1825.14,38205.76,306.01,,11877.3,4143.33,469.55,1581.51,708.63,143.42,,,5900000,2300000,7000000,15666667,,6125000,2900000,1755000,33150000,33232500,26690000,,,289,18,40,3,,123,102,2,,,,,1,12650.12,666.6,2966.42,33.61,,4601.62,4259.2,62.97,,,,,59.69,5200000,3575000,7440000,1516667,,5250000,4585000,3150000,,,,,7500000,"109Y"
68000,桃園市,68000100,平鎮區,1738,210,742,20,,574,162,11,7,8,2,,2,85868.61,5624.07,51796.11,715.82,,19063.36,4831.21,184.39,1603.4,1810.11,224.03,,16.12,5200000,2800000,7200000,10200000,,5310000,4085000,2000000,70000000,148333333,21560000,,2000000,731,18,103,1,,454,153,2,,,,,,39691.14,616.51,9990.71,44.56,,22722.89,6265.63,50.84,,,,,,6980000,3440000,20680000,17800000,,6965000,5600000,3605000,,,,,,"109Y"
68000,桃園市,68000110,新屋區,448,8,199,4,,149,78,,1,,9,,,35201.81,208.43,26521.39,163.64,,4987.31,2259.69,,549.67,,511.69,,,5125000,2350000,9200000,5550000,,4980000,4100000,,160000000,,12580000,,,66,2,20,,,2,42,,,,,,,2794,112.2,1123.75,,,82.28,1475.77,,,,,,,5565000,2090000,8525000,,,6130000,4765000,,,,,,,"109Y"
68000,桃園市,68000120,觀音區,979,47,545,3,,18,345,9,1,,11,,,59803.42,1367.89,47783.81,82.38,,486.97,8825.34,166.51,238.16,,852.35,,,5420000,2600000,8550000,5200000,,4665000,4000000,3000000,60000000,,12360000,,,111,5,29,,,33,43,,,,,,1,4591.17,135.37,1842.03,,,1199.24,1367.44,,,,,,47.09,5670000,4000000,8400000,,,5620000,4800000,,,,,,8600000,"109Y"
68000,桃園市,68000130,復興區,4,,4,,,,,,,,,,,177.25,,177.25,,,,,,,,,,,1825000,,1825000,,,,,,,,,,,,,,,,,,,,,,,,,,,,,,,,,,,,,,,,,,,,,,,,,,"109Y"
66000,臺中市,66000010,中區,469,33,86,10,1,156,98,84,,,,,1,15350.36,736.19,7394.86,410.73,48.08,3881.23,1886.88,988.32,,,,,4.07,1725000,1850000,4450000,6450000,5115000,1800000,1679583,1515000,,,,,300000,12,,,,1,7,4,,,,,,,476.13,,,,37.85,290.52,147.76,,,,,,,5850000,,,,2600000,11520000,3425000,,,,,,,"109Y"
66000,臺中市,66000020,東區,497,62,227,9,,105,77,15,,,,,2,20879.48,1886.53,12431.1,289.87,,3759.98,2345.35,146.47,,,,,20.18,6900000,4075000,14000000,8900000,,6580000,4380000,1580000,,,,,3490000,249,5,9,,,182,53,,,,,,,11052.26,197.67,630.07,,,8243.7,1980.82,,,,,,,8280000,5930000,16900000,,,8475000,6680000,,,,,,,"109Y"
66000,臺中市,66000030,南區,1116,147,216,13,4,599,96,37,3,1,,,,40121.87,4107.2,12009.23,390.11,274.45,19757.94,2699.81,469.31,282.77,131.05,,,,5815000,4000000,14731000,6800000,8890000,5680000,5000000,1550000,58239400,85351800,,,,864,3,8,13,4,738,98,,,,,,,39093.03,179.68,498.7,1374.2,513.1,32166.16,4361.19,,,,,,,8065000,12000000,17700000,16680000,17780000,8090000,7190000,,,,,,,"109Y"
66000,臺中市,66000040,西區,1376,256,262,18,15,462,229,133,,,,,1,46793.76,6932.41,13931.57,960.91,1379.27,15228.16,6474.3,1483.88,,,,,403.26,5350000,4900000,15640000,9800000,5556667,4750000,5280000,1750000,,,,,82000000,528,3,6,3,10,352,149,5,,,,,,30375.32,113.3,518.62,144.12,822.08,22153.13,6533.66,90.41,,,,,,10238000,8050000,18000000,15550000,12133333,11975000,8300000,3330000,,,,,,"109Y"
66000,臺中市,66000050,北區,2138,491,356,25,13,717,402,133,,,,,1,68605.58,13240.64,19487.26,1290.76,803.93,22200.56,10038.4,1540.99,,,,,3.04,5280000,4420000,15000000,11300000,4700000,5980000,4480000,1750000,,,,,250000,734,3,15,3,21,515,164,13,,,,,,37901.96,93.78,1267.17,154.09,1972.96,27186.87,6913.53,313.55,,,,,,8700000,6520000,19600000,10800000,12800000,9300000,7125000,3180000,,,,,,"109Y"
66000,臺中市,66000060,西屯區,2555,268,429,25,11,1193,407,197,20,1,3,,1,118126,7156.49,28867.72,1092.36,824.99,52234.03,9316.75,2063.2,15338.02,245.83,267.1,,719.49,6660000,4835000,18500000,10000000,14880000,7900000,3600000,1700000,115785000,82000000,102530649,,1356100000,2124,12,50,6,160,1559,319,18,,,,,,128939.56,612.16,5536.23,275.34,13836.3,93907.76,14406.06,365.71,,,,,,11000000,11190000,24440000,14875000,25095000,11250000,7300000,3790000,,,,,,"109Y"
66000,臺中市,66000070,南屯區,1303,44,355,15,7,692,151,35,2,,1,,1,68429.42,2331.1,25839.71,1028.84,283.2,33643.82,4366.21,451.75,300.42,,29.54,,154.83,13200000,5875000,21500000,18000000,7120000,12790000,5800000,2300000,88340000,,64250000,,242302500,1457,7,61,15,21,1122,219,12,,,,,,84357.26,399.45,7479.92,787.22,2650.5,63758.52,9095.14,186.52,,,,,,11000000,12360000,33500000,12000000,17142857,11560000,7750000,2100000,,,,,,"109Y"
66000,臺中市,66000080,北屯區,2433,305,868,20,4,848,327,56,,3,,,2,110025.51,8788.03,56374.41,924.55,137.55,32299.54,10693.9,650.28,,135.89,,,21.37,8200000,4360000,17000000,8765000,3345000,7865000,5200000,1855000,,22800000,,,5360000,2077,32,99,18,8,1586,329,5,,,,,,108794.58,1311.82,11379.89,950.63,793.57,80221.67,14019.12,117.88,,,,,,9080000,7500000,27000000,10600000,16650000,9300000,6950000,5700000,,,,,,"109Y"
66000,臺中市,66000090,豐原區,830,85,515,8,,102,102,11,2,,2,,3,35794.45,1816.06,26278.95,566.64,,3328.91,2774.59,134.87,549.82,,133.01,,211.6,8000000,2000000,11180000,20840000,,6425000,4415000,1750000,73085000,,30546572,,7782410,240,6,12,1,7,142,71,1,,,,,,11324.9,373.45,1459.94,58.4,737.36,5762.39,2907.9,25.45,,,,,,7190000,5590000,18035000,16000000,9000000,7515000,5800000,3100000,,,,,,"109Y"
66000,臺中市,66000100,東勢區,162,7,133,2,,,16,,,,2,1,1,8250.9,207.67,6985.25,134.8,,,709.22,,,,166.76,23.2,24.01,5000000,2700000,5700000,12925000,,,3450000,,,,9000000,3600000,4000000,8,,5,,,,3,,,,,,,550.82,,397.67,,,,153.16,,,,,,,14200000,,16000000,,,,6000000,,,,,,,"109Y"
66000,臺中市,66000110,大甲區,263,14,172,1,,19,57,,,,,,,13283.7,441.58,10549.91,35.56,,690.99,1565.66,,,,,,,6450000,3330000,8715000,4840000,,3720000,3500000,,,,,,,20,,1,,,4,15,,,,,,,839.69,,93.06,,,149.92,596.71,,,,,,,4700000,,17500000,,,4200000,4600000,,,,,,,"109Y"
66000,臺中市,66000120,清水區,620,8,439,4,,107,58,,3,,1,,,29618.56,187.99,24544.78,101,,3097.73,1361.01,,283.99,,42.06,,,8060000,2600000,8950000,6430000,,4630000,3745000,,3050000,,3980000,,,72,1,1,,,56,14,,,,,,,3418.69,54.39,92.5,,,2743.69,528.1,,,,,,,6000000,6000000,9250000,,,6050000,5265000,,,,,,,"109Y"
66000,臺中市,66000130,沙鹿區,885,25,637,1,,5,179,30,,1,,6,1,45419.25,816,37159.83,33.15,,136.1,5073.55,570.85,,188.71,,1433.57,7.48,9000000,2730000,11380000,6700000,,4120000,4900000,1316667,,72000000,,616493,1500000,83,1,19,,,19,44,,,,,,,3976.36,33.76,1373.07,,,790.18,1779.34,,,,,,,6600000,5680000,12650000,,,5960000,6500000,,,,,,,"109Y"
66000,臺中市,66000140,梧棲區,496,20,433,3,,11,24,3,1,,,,1,27820.31,514.3,25735.65,165.54,,447.68,876.56,32.13,16.73,,,,31.72,9140000,2515500,9600000,13000000,,4150000,4550000,1220000,1200000,,,,4800000,70,12,17,,1,26,13,,,,,,1,3395.07,494.91,1121.62,,37.45,1162.05,534.21,,,,,,44.84,5500000,3750000,12300000,,3000000,5394000,5250000,,,,,,2400000,"109Y"
66000,臺中市,66000150,后里區,199,1,177,3,,2,10,,2,,2,,2,41269.45,21.72,39135.27,239.5,,89.43,259.92,,57.99,,154.46,,1311.17,8900000,4100000,9500000,8170000,,8675000,6600000,,5630000,,64747774,,71337368,16,,1,,,8,7,,,,,,,753.26,,52.41,,,440.43,260.43,,,,,,,8400000,,9500000,,,10340000,7200000,,,,,,,"109Y"
66000,臺中市,66000160,神岡區,225,4,191,,,1,21,1,3,,2,1,1,14906.83,111.2,12734.55,,,30.07,690.76,8.36,1222.84,,48.98,41.34,18.74,10160000,2740000,11500000,,,4600000,4500000,1400000,7700000,,37750000,420000,7890000,29,,2,2,,4,21,,,,,,,1121.9,,114.68,81.29,,121.55,804.38,,,,,,,6265000,,11400000,6500000,,2750000,6265000,,,,,,,"109Y"
66000,臺中市,66000170,潭子區,555,35,303,6,,99,101,2,8,,,,1,35699.92,1525.42,20621.77,229.55,,3774.63,3328.74,18.03,6190.23,,,,11.56,8000000,4800000,12180000,6250000,,5500000,5000000,1710000,113333333,,,,2950000,263,1,13,1,,148,100,,,,,,,10663.8,35.08,836.38,27.5,,5754.35,4010.49,,,,,,,6550000,7000000,13180000,8300000,,6940000,6000000,,,,,,,"109Y"
66000,臺中市,66000180,大雅區,412,45,312,2,,23,27,,,1,2,,,21986.68,1032.69,18791.71,165.96,,845.42,927.62,,,51.32,171.96,,,9885575,2450000,11500000,26900000,,5300000,5000000,,,22000000,43500000,,,169,1,8,,1,94,65,,,,,,,7337.29,45.57,490.59,,46.72,4171.02,2583.38,,,,,,,7300000,6750000,9940000,,10680000,8740000,6050000,,,,,,,"109Y"
66000,臺中市,66000190,新社區,53,2,49,,,,,,1,,1,,,4450.23,82.66,3626.38,,,,,,677.1,,64.08,,,8180000,3350000,8180000,,,,,,88000000,,9350000,,,6,5,,,,,,,,,,,1,251.79,208.88,,,,,,,,,,,42.92,3959450,3900000,,,,,,,,,,,4050000,"109Y"
66000,臺中市,66000200,石岡區,28,,27,,,,,,,,1,,,1212.54,,1134.69,,,,,,,,77.85,,,5650000,,5600000,,,,,,,,17500000,,,,,,,,,,,,,,,,,,,,,,,,,,,,,,,,,,,,,,,,,,"109Y"
66000,臺中市,66000210,外埔區,118,2,99,,,,12,,1,3,,,1,6262.87,57.33,5084.32,,,,390.54,,220.35,323.85,,,186.48,6500000,4150000,7000000,,,,3375000,,72253600,41999333,,,17500000,3,,1,,,,2,,,,,,,177.67,,91.09,,,,86.58,,,,,,,3500000,,10250000,,,,3250000,,,,,,,"109Y"
66000,臺中市,66000220,大安區,16,,16,,,,,,,,,,,679.1,,679.1,,,,,,,,,,,5150000,,5150000,,,,,,,,,,,,,,,,,,,,,,,,,,,,,,,,,,,,,,,,,,,,,,,,,,"109Y"
66000,臺中市,66000230,烏日區,380,17,216,,2,99,41,3,,,1,,1,20120.27,445.85,13126.85,,180.93,4926.53,1329.25,26.59,,,64.68,,19.6,11085000,3436666,13450000,,21150000,10920000,5800000,890000,,,33160000,,18400000,365,1,8,,,318,38,,,,,,,17694.02,39.27,867.88,,,15153.14,1633.72,,,,,,,8100000,7700000,10266667,,,8300000,7260000,,,,,,,"109Y"
66000,臺中市,66000240,大肚區,309,58,206,,,4,35,,5,,,,1,13744.69,1620.54,9913.06,,,128.2,951.46,,600.8,,,,530.63,6350000,2650000,8000000,,,3375000,4300710,,29500000,,,,16840000,26,2,,,,1,23,,,,,,,1148.61,150.58,,,,30.77,967.26,,,,,,,4995000,5420000,,,,3150000,5000000,,,,,,,"109Y"
66000,臺中市,66000250,龍井區,638,87,399,3,,1,114,33,,,1,,,27941.56,1961.58,22317.84,102.12,,30.39,3191.97,301.58,,,36.08,,,7590000,3600000,9350000,6600000,,4500000,3980000,769231,,,4500000,,,83,5,10,,,8,60,,,,,,,3248.93,158.9,783.9,,,381.1,1925.03,,,,,,,4590000,4275000,15650000,,,6150000,4150000,,,,,,,"109Y"
66000,臺中市,66000260,霧峰區,304,12,211,,,15,55,1,,6,3,,1,14671.03,302.97,11781.14,,,357.41,1454.2,3.06,,425.92,101.21,,245.11,6890000,2165000,9000000,,,3400000,4000000,400000,,53080833,11300000,,76500000,40,3,3,,,10,23,1,,,,,,1602.16,116.26,138.91,,,393.47,930.57,22.95,,,,,,5300000,4300000,7120000,,,5300000,5300000,4600000,,,,,,"109Y"
66000,臺中市,66000270,太平區,1568,129,886,20,,329,135,51,8,5,,,5,69908.31,7215.41,44048.74,916.79,,11945.49,3722.71,650.08,643.92,614.39,,,150.79,8450000,3200000,10800000,10030000,,7840000,4160000,517857,32645875,15500000,,,2800999,654,21,42,3,,478,110,,,,,,,30255.61,945.66,2626.18,179.15,,22287.61,4217.02,,,,,,,8225000,5400000,9190000,10600000,,9000000,5370000,,,,,,,"109Y"
66000,臺中市,66000280,大里區,1681,154,755,7,1,572,174,13,3,,1,,1,71312.8,4034.29,41476.51,263.41,108.2,19140.51,5695.5,159.91,352,,68.75,,13.73,7200000,3500000,11500000,6180000,12984000,6350000,4490000,1760000,16500000,,19500000,,8200000,729,7,21,2,2,485,210,,,,,,2,29918.08,321.87,1319.34,151.58,201.57,20055.5,7750.72,,,,,,117.5,6720000,5830000,13600000,12760000,12900000,7340000,5925000,,,,,,7250000,"109Y"
66000,臺中市,66000290,和平區,1,,1,,,,,,,,,,,26.62,,26.62,,,,,,,,,,,13600000,,13600000,,,,,,,,,,,,,,,,,,,,,,,,,,,,,,,,,,,,,,,,,,,,,,,,,,"109Y"
67000,臺南市,67000010,新營區,715,65,381,10,1,170,81,3,2,2,,,,35002.49,2147.56,21242.22,828.71,34.89,7886.64,2559.56,36.74,169.2,96.95,,,,6700000,1680000,7400000,15900000,2880000,7200000,2750000,690000,32486256,8850000,,,,62,2,1,,,27,32,,,,,,,3335.17,307.02,214.9,,,1423.96,1389.29,,,,,,,4225000,33250000,29380000,,,4500000,3615000,,,,,,,"109Y"
67000,臺南市,67000020,鹽水區,232,31,179,1,,2,5,4,6,,,,4,11600.49,396.47,10473.65,62.41,,67.31,116.14,47.35,354.15,,,,83.01,6700000,230435,7100000,4960000,,1685000,1750000,530000,8782331,,,,6666667,4,,,,,,4,,,,,,,145.88,,,,,,145.88,,,,,,,2340000,,,,,,2340000,,,,,,,"109Y"
67000,臺南市,67000030,白河區,108,16,89,1,,,,,,,2,,,5659.43,254.74,5264.92,14.8,,,,,,,124.96,,,3825000,1425000,5500000,8600000,,,,,,,7130000,,,,,,,,,,,,,,,,,,,,,,,,,,,,,,,,,,,,,,,,,,"109Y"
67000,臺南市,67000040,柳營區,103,,99,,,,1,,,,2,,1,5480.49,,4960.63,,,,8.99,,,,155.88,,355,6600000,,6600000,,,,300000,,,,4300000,,10000000,,,,,,,,,,,,,,,,,,,,,,,,,,,,,,,,,,,,,,,,"109Y"
67000,臺南市,67000050,後壁區,49,,48,,,,,,,,1,,,2702.34,,2589.05,,,,,,,,113.28,,,2800000,,2800000,,,,,,,,18800000,,,,,,,,,,,,,,,,,,,,,,,,,,,,,,,,,,,,,,,,,,"109Y"
67000,臺南市,67000060,東山區,54,,53,,,,,,,,1,,,2630.84,,2546.38,,,,,,,,84.46,,,3480000,,3460000,,,,,,,,10600000,,,,,,,,,,,,,,,,,,,,,,,,,,,,,,,,,,,,,,,,,,"109Y"
67000,臺南市,67000070,麻豆區,277,1,243,10,,3,15,,3,1,,,1,19315.54,102.11,17405.28,831.96,,99.6,392.27,,160.8,72.72,,,250.81,7450000,2000000,7800000,21390000,,3000000,2380000,,19300000,6500000,,,8000000,11,,1,,,7,3,,,,,,,403.03,,59.85,,,240.89,102.3,,,,,,,3500000,,4150000,,,3420000,3580000,,,,,,,"109Y"
67000,臺南市,67000080,下營區,38,,36,,,,,,2,,,,,2343.58,,2091.14,,,,,,252.43,,,,,6800000,,6800000,,,,,,14500000,,,,,1,,1,,,,,,,,,,,82.62,,82.62,,,,,,,,,,,10600000,,10600000,,,,,,,,,,,"109Y"
67000,臺南市,67000090,六甲區,120,1,96,2,,,21,,,,,,,5861.5,26.96,5122.66,159.5,,,552.39,,,,,,,5500000,3460000,6250000,9050000,,,3290000,,,,,,,10,,,,,,10,,,,,,,286.56,,,,,,286.56,,,,,,,3780000,,,,,,3780000,,,,,,,"109Y"
67000,臺南市,67000100,官田區,91,,84,1,,,,,2,1,1,,2,4827.23,,4000.44,29.38,,,,,141.28,510.04,28.06,,118.03,6700000,,6650000,4000000,,,,,15640000,65000000,3500000,,5000000,,,,,,,,,,,,,,,,,,,,,,,,,,,,,,,,,,,,,,,,"109Y"
67000,臺南市,67000110,大內區,11,,10,,,,,,,,1,,,558.36,,442.22,,,,,,,,116.14,,,3000000,,2987500,,,,,,,,13200000,,,,,,,,,,,,,,,,,,,,,,,,,,,,,,,,,,,,,,,,,,"109Y"
67000,臺南市,67000120,佳里區,312,3,278,6,,5,8,5,2,4,1,,,18915.27,84.41,16817.79,455.9,,189.69,271.11,63.6,272.77,685.07,74.94,,,6825000,2200000,6900000,8950000,,2950000,3575000,500000,42600000,14400000,12800000,,,15,,,,,8,7,,,,,,,846.05,,,,,480.97,365.08,,,,,,,3650000,,,,,3625000,3900000,,,,,,,"109Y"
67000,臺南市,67000130,學甲區,124,2,97,3,,,12,6,1,,1,1,1,6533.42,59.85,5465.24,236.34,,,268.37,75.01,275.5,,21.78,15.7,115.61,4205000,1400000,6080000,8500000,,,889000,515000,18800000,,22000000,1600000,1680000,5,,4,,,,1,,,,,,,279.69,,242.17,,,,37.53,,,,,,,6300000,,6300000,,,,2380000,,,,,,,"109Y"
67000,臺南市,67000140,西港區,131,,121,,,,7,1,,,2,,,7839.97,,7392.67,,,,180.31,15.07,,,251.92,,,6420000,,6600000,,,,1950000,1080000,,,5000000,,,2,,,,,,2,,,,,,,64.61,,,,,,64.61,,,,,,,2440000,,,,,,2440000,,,,,,,"109Y"
67000,臺南市,67000150,七股區,47,,47,,,,,,,,,,,2279.66,,2279.66,,,,,,,,,,,3900000,,3900000,,,,,,,,,,,,,,,,,,,,,,,,,,,,,,,,,,,,,,,,,,,,,,,,,,"109Y"
67000,臺南市,67000160,將軍區,61,,48,1,,,,,,,12,,,3695.41,,2393.89,37.25,,,,,,,1264.27,,,4600000,,6205000,3300000,,,,,,,2833333,,,,,,,,,,,,,,,,,,,,,,,,,,,,,,,,,,,,,,,,,,"109Y"
67000,臺南市,67000170,北門區,5,,5,,,,,,,,,,,198.52,,198.52,,,,,,,,,,,2200000,,2200000,,,,,,,,,,,,,,,,,,,,,,,,,,,,,,,,,,,,,,,,,,,,,,,,,,"109Y"
67000,臺南市,67000180,新化區,171,,125,,,8,38,,,,,,,11124.18,,9614.48,,,277.59,1232.12,,,,,,,4760000,,5800000,,,2975000,3110000,,,,,,,32,,,,,7,25,,,,,,,1260.2,,,,,218.46,1041.74,,,,,,,4380000,,,,,3500000,4520000,,,,,,,"109Y"
67000,臺南市,67000190,善化區,675,5,428,4,,120,116,,,,1,,1,35617.35,112.95,27079.74,222.65,,4035.04,3054.97,,,,35.27,,1076.73,7700000,3500000,11350000,17900000,,5219000,4080000,,,,7493000,,55000000,110,2,,,,45,63,,,,,,,4348.33,212.48,,,,2037.19,2098.65,,,,,,,5600000,9925000,,,,7250000,5000000,,,,,,,"109Y"
67000,臺南市,67000200,新市區,456,1,293,7,,19,85,,47,4,,,,24837.04,34.75,19312.11,381.76,,625.77,2408.63,,1585.96,488.06,,,,8280000,3500000,10400000,15500000,,4500000,3410000,,6300000,82128667,,,,212,2,3,1,,51,155,,,,,,,33464.17,75.21,13133.14,58.95,,1901.97,18294.91,,,,,,,6000000,5220000,286666667,18000000,,5020000,7900000,,,,,,,"109Y"
67000,臺南市,67000210,安定區,174,,170,,,,2,,,,1,,1,8770.45,,8627.18,,,,61.22,,,,61.49,,20.56,7600000,,7640000,,,,4725000,,,,13500000,,3000000,1,,,,,,1,,,,,,,31.41,,,,,,31.41,,,,,,,4680000,,,,,,4680000,,,,,,,"109Y"
67000,臺南市,67000220,山上區,27,,26,,,,,,1,,,,,1610.5,,1390.6,,,,,,219.9,,,,,7500000,,7250000,,,,,,92500000,,,,,,,,,,,,,,,,,,,,,,,,,,,,,,,,,,,,,,,,,,,,"109Y"
67000,臺南市,67000230,玉井區,31,,31,,,,,,,,,,,1415.65,,1415.65,,,,,,,,,,,3550000,,3550000,,,,,,,,,,,,,,,,,,,,,,,,,,,,,,,,,,,,,,,,,,,,,,,,,,"109Y"
67000,臺南市,67000240,楠西區,24,,21,,,,3,,,,,,,891.87,,848.87,,,,43,,,,,,,2940000,,3900000,,,,2300000,,,,,,,,,,,,,,,,,,,,,,,,,,,,,,,,,,,,,,,,,,,,,,"109Y"
67000,臺南市,67000250,南化區,8,,7,,,,,,,,1,,,285.89,,272.51,,,,,,,,13.38,,,1955000,,2160000,,,,,,,,1200000,,,,,,,,,,,,,,,,,,,,,,,,,,,,,,,,,,,,,,,,,,"109Y"
67000,臺南市,67000260,左鎮區,8,,8,,,,,,,,,,,405.28,,405.28,,,,,,,,,,,2950000,,2950000,,,,,,,,,,,,,,,,,,,,,,,,,,,,,,,,,,,,,,,,,,,,,,,,,,"109Y"
67000,臺南市,67000270,仁德區,625,20,423,2,,40,95,26,8,8,1,,2,32160.9,317.43,25813.25,53.34,,2089.16,2068.73,108.52,359.19,1340.69,1.01,,9.58,7000000,850000,8680000,2955000,,14950000,2300000,437500,13540000,19440840,2000000,,15215000,77,,,,,31,46,,,,,,,3199.69,,,,,1506.17,1693.52,,,,,,,6000000,,,,,6700000,5225000,,,,,,,"109Y"
67000,臺南市,67000280,歸仁區,356,6,270,,,9,56,1,,12,2,,,17604.98,168.66,14265.53,,,271.15,1600.77,13.78,,1049.21,235.89,,,7350000,3115000,8300000,,,3150000,4185000,900000,,15000000,25045000,,,53,,3,,,13,37,,,,,,,2204.8,,293.69,,,560.18,1350.92,,,,,,,4200000,,21600000,,,4100000,4050000,,,,,,,"109Y"
67000,臺南市,67000290,關廟區,186,,178,,,,8,,,,,,,9665.03,,9464.32,,,,200.71,,,,,,,8000000,,8050000,,,,3340000,,,,,,,26,,2,,,,24,,,,,,,972.75,,209.79,,,,762.95,,,,,,,4950000,,13615000,,,,4875000,,,,,,,"109Y"
67000,臺南市,67000300,龍崎區,1,,,,,,,,,,1,,,27.18,,,,,,,,,,27.18,,,4330000,,,,,,,,,,4330000,,,,,,,,,,,,,,,,,,,,,,,,,,,,,,,,,,,,,,,,,,"109Y"
67000,臺南市,67000310,永康區,2118,138,1091,15,12,435,339,70,9,8,,,1,98807.05,4071.13,69612.13,834.96,424.02,13376.68,7608.37,704.6,1128.48,965.18,,,81.49,5800000,2850000,10750000,9280000,2755714,3950000,2600000,1035000,11200000,8555000,,,12281500,767,18,2,1,4,481,253,7,,,,,1,32458.26,892.56,107.31,104.68,149.65,21211.34,9859.2,108.87,,,,,24.64,5520000,5000000,8700000,8500000,3125000,6480000,5100000,1600000,,,,,1270000,"109Y"
67000,臺南市,67000320,東區,1564,244,633,14,2,326,262,82,,1,,,,60624.01,6678.34,32074.91,802.86,65.92,13399.52,6747.93,811.61,,42.91,,,,5075850,3165000,10500000,19100000,2470000,5225000,3800000,1165000,,22000000,,,,607,8,5,,2,369,217,5,,,,,1,29844.93,376.85,411.21,,179.95,19854.84,8860.49,118.02,,,,,43.57,6800000,4755000,17500000,,9230000,7650000,5800000,2980000,,,,,9400000,"109Y"
67000,臺南市,67000330,南區,901,281,475,16,,30,78,10,1,10,,,,41966.29,7751.58,27305.18,1411.61,,1189.11,2441.83,140.75,153.89,1572.34,,,,5000000,2716800,8850000,14100000,,5000000,3500000,1010000,71000000,6175610,,,,196,12,2,1,,120,60,1,,,,,,8913.06,438.28,145.1,72.67,,5691.92,2549.87,15.22,,,,,,6000000,3730000,9000000,15250000,,6125000,6030000,1660000,,,,,,"109Y"
67000,臺南市,67000340,北區,983,92,500,10,,267,93,21,,,,,,41287.75,2551.41,26835.65,695.83,,8420.81,2536.97,247.09,,,,,,5360000,2365000,7590000,12416684,,4880000,3400000,1600000,,,,,,336,10,6,2,,263,55,,,,,,,18204.28,600.79,570.84,105.42,,14553.28,2373.94,,,,,,,7300000,6500000,16180000,8450000,,7600000,6400000,,,,,,,"109Y"
67000,臺南市,67000350,安南區,1378,56,1264,6,,24,22,1,1,2,,,2,79743.92,1440.33,74195.35,406.85,,758.75,719.25,18.86,366.35,1286.41,,,551.78,9000000,2025000,9525000,12500000,,3190000,3980000,1200000,49500000,111450000,,,29000000,58,2,6,2,,32,16,,,,,,,2666.69,96.05,434.34,82.91,,1453.16,600.23,,,,,,,5200000,5100000,9940000,3900000,,4750000,5855000,,,,,,,"109Y"
67000,臺南市,67000360,安平區,1029,17,272,11,3,625,84,17,,,,,,58608.31,747.22,21897.9,846.73,166.72,32272.02,2469.86,207.86,,,,,,12370000,4750000,16700000,11000000,5540000,12230000,3575000,1450000,,,,,,431,4,1,1,,316,106,3,,,,,,22281.86,186.87,71.11,90.8,,17271.85,4588.19,73.04,,,,,,6000000,5350000,9000000,15000000,,6290000,5100000,2670000,,,,,,"109Y"
67000,臺南市,67000370,中西區,835,89,314,14,9,173,180,56,,,,,,35884.84,2052.43,17965.67,750.26,382.83,9909.86,4215.32,608.48,,,,,,4700000,2780000,9290000,15250000,1500000,13600000,2033333,1220000,,,,,,205,5,1,1,,147,50,1,,,,,,13521.51,167.33,138.58,105.6,,10998.03,2096.8,15.17,,,,,,10500000,2350000,36800000,60000000,,13500000,5850000,1600000,,,,,,"109Y"
64000,高雄市,64000010,鹽埕區,282,38,47,8,1,145,11,32,,,,,,8525.57,994.39,3115.21,828.52,8.42,2968.13,266.54,344.35,,,,,,2300000,3316667,10100000,11950000,780000,1600000,2050000,775000,,,,,,38,,,,,37,1,,,,,,,2008.94,,,,,1963.6,45.34,,,,,,,12300000,,,,,13700000,3850000,,,,,,,"109Y"
64000,高雄市,64000020,鼓山區,1364,185,226,5,1,904,21,20,,1,,,1,66858.84,5448.84,11187.61,368.96,50.33,48307.77,837.33,317.56,,106.92,,,233.51,7200000,3300000,9900000,13200000,5500000,9290000,4000000,2975000,,43000000,,,233400000,878,,1,2,6,850,18,1,,,,,,53386.23,,65.58,152.02,384.14,51952.82,808.66,23,,,,,,10850000,,25650000,39100000,12230000,11000000,7325000,4680000,,,,,,"109Y"
64000,高雄市,64000030,左營區,1577,105,283,24,1,1066,92,6,,,,,,67933.62,2918.47,18879.38,1805.27,40.99,41280.18,2939.76,69.58,,,,,,7200000,3200000,14100000,17285000,6550000,7190000,4700000,1850000,,,,,,1222,3,2,,6,1109,102,,,,,,,60310.56,184.28,179.1,,471.81,55113.54,4361.83,,,,,,,8300000,6200000,19800000,,16500000,8500000,5980000,,,,,,,"109Y"
64000,高雄市,64000040,楠梓區,1972,319,760,15,,648,178,43,,7,,,2,79000.15,7835.06,42662.08,882.89,,21502.08,4352.27,406.67,,1293.94,,,65.16,4600000,2550000,11335000,11000000,,4350000,3210000,790000,,12000000,,,11046500,940,4,18,2,,833,80,3,,,,,,41166.56,151.62,1508.59,107.29,,35885.01,3411.79,102.25,,,,,,6500000,4075000,17760000,12650000,,6650000,5040000,5030000,,,,,,"109Y"
64000,高雄市,64000050,三民區,2869,610,738,13,15,1142,262,86,,3,,,,99796.05,16113.21,35817.33,2029.43,529.42,36664.74,7619.02,841.85,,181.04,,,,4900000,3200000,9900000,14200000,1840000,5155000,3725000,1410000,,4200000,,,,1434,2,3,1,8,1334,84,2,,,,,,75271.18,87.39,208.73,39.77,961.63,70365.98,3579.4,28.28,,,,,,9000000,5900000,17580000,16000000,9235000,9400000,6000000,1730000,,,,,,"109Y"
64000,高雄市,64000060,新興區,772,104,146,5,8,345,116,48,,,,,,26527.54,2973.93,7844.86,259.91,390.75,10806.89,3739.89,511.31,,,,,,4990000,3700000,12000000,14000000,5865000,4780000,4450000,1283000,,,,,,181,1,1,,2,167,8,2,,,,,,11200.54,49.15,294.18,,160.39,10130.84,540.53,25.46,,,,,,11300000,5000000,36000000,,12537950,11350000,8416500,2190000,,,,,,"109Y"
64000,高雄市,64000070,前金區,443,26,47,1,5,275,64,25,,,,,,17095.98,945.28,2599.47,49.13,161.07,10854.6,2180.39,306.04,,,,,,5000000,3400000,11800000,13800000,3500000,5100000,3000000,1530000,,,,,,151,,,,,133,17,1,,,,,,9018.91,,,,,8397.11,604.57,17.23,,,,,,10500000,,,,,11140000,7850000,1860000,,,,,,"109Y"
64000,高雄市,64000080,苓雅區,1850,506,340,13,4,814,140,31,,,,,2,66271.89,13087.7,13814.35,542.14,321.05,33630.19,4435.45,392.06,,,,,48.95,5500000,3425000,8550000,11500000,9300000,7300000,5030000,1650000,,,,,5025000,416,2,2,,9,363,39,1,,,,,,25047.35,72.73,985.38,,583.36,21237.19,2149.5,19.18,,,,,,10000000,5050000,115257200,,14000000,10330000,6680000,3600000,,,,,,"109Y"
64000,高雄市,64000090,前鎮區,1421,325,333,5,12,630,68,30,,16,,,2,57955.64,8543.11,16847.95,490.59,787.93,26008.32,2020.63,380.08,,2816.3,,,60.73,4930000,3100000,8000000,16000000,7062000,5800000,4035000,1825000,,4500000,,,4315000,462,,5,,7,410,27,,1,12,,,,26658.2,,395.4,,579.2,23021.59,1186.88,,97.54,1377.59,,,,9000000,,23000000,,8410000,9447500,6400000,,8583000,11650000,,,,"109Y"
64000,高雄市,64000100,旗津區,42,8,32,,,1,1,,,,,,,2954.98,250.36,2617.77,,,39.75,47.12,,,,,,,2075000,1800000,2066000,,,3200000,3200000,,,,,,,,,,,,,,,,,,,,,,,,,,,,,,,,,,,,,,,,,,,,,,"109Y"
64000,高雄市,64000110,小港區,1030,216,595,4,,102,108,4,1,,,,,49871.7,5642.51,36415.64,247.03,,3888.35,3575.07,53.03,50.08,,,,,6315000,2300000,11000000,6650000,,4340000,3740000,1280000,16900000,,,,,234,6,,1,,141,86,,,,,,,10767.78,274.31,,80.1,,6365.37,4048,,,,,,,5600000,4885000,,17600000,,6700000,4500000,,,,,,,"109Y"
64000,高雄市,64000120,鳳山區,2406,594,1027,23,,461,282,16,2,,,,1,94177.04,14806.64,53261.91,1668.8,,16281.14,7806.61,226.73,98.75,,,,26.46,4950000,2950000,9200000,15200000,,4800000,4100000,1880000,18400000,,,,5800000,988,7,20,4,,831,119,7,,,,,,47234.93,316.22,2553.97,192.39,,38999.57,4975.19,197.6,,,,,,7250000,6600000,20900000,7875000,,7500000,6030000,4260000,,,,,,"109Y"
64000,高雄市,64000130,林園區,424,31,282,1,,24,75,1,8,,2,,,21148.04,756.3,14267.94,65.34,,925,2125.56,14.26,2942.39,,51.24,,,3560000,930000,4850000,13000000,,2500000,1187500,500000,87170000,,5650000,,,11,,,,,1,10,,,,,,,414.26,,,,,43.25,371.02,,,,,,,3160000,,,,,3000000,3505000,,,,,,,"109Y"
64000,高雄市,64000140,大寮區,850,37,595,3,,116,73,7,9,7,3,,,43523.76,925.06,32010.38,218.13,,4167.72,2340.44,31.44,1179.15,2383.9,267.53,,,5200000,1850000,7500000,17200000,,3100000,2800000,880000,9500000,102850000,44710000,,,64,1,,,,36,27,,,,,,,2577.22,41.26,,,,1478.72,1057.23,,,,,,,3500000,3650000,,,,3800000,3380000,,,,,,,"109Y"
64000,高雄市,64000150,大樹區,205,2,182,1,,6,7,,5,2,,,,10663.91,33.53,9779.49,50.07,,190.27,196.95,,314.56,99.02,,,,5432000,1550000,5833214,4800000,,2350000,1800000,,15260000,5808000,,,,13,,,,,8,4,1,,,,,,461.67,,,,,276.5,168.59,16.58,,,,,,3000000,,,,,3075000,3050000,920000,,,,,,"109Y"
64000,高雄市,64000160,大社區,259,1,188,,,34,29,1,4,2,,,,16554.83,48.59,11070.13,,,1095.22,1077.53,13.82,249.54,3000,,,,7680000,6300000,9000000,,,3353452,3250000,850000,37750000,189000000,,,,41,,1,,,18,22,,,,,,,1659.59,,58.21,,,711.12,890.26,,,,,,,4120000,,6000000,,,4590000,3615000,,,,,,,"109Y"
64000,高雄市,64000170,仁武區,1394,25,1018,1,,324,11,9,5,1,,,,83466.59,593.37,70198.13,98.17,,11579.03,170.88,108.44,674.9,43.66,,,,11000000,1800000,12990000,22000000,,6115000,1650000,1460000,48000000,11600000,,,,265,1,6,,,238,20,,,,,,,12038.6,16.71,317.52,,,10820.63,883.73,,,,,,,7050000,1520000,7650000,,,6815000,9155000,,,,,,,"109Y"
64000,高雄市,64000180,鳥松區,447,24,320,,,69,13,19,1,,,,1,27628.5,600.72,24422.79,,,1877.91,321.65,258.14,47.47,,,,99.83,9800000,2000000,15000000,,,2390000,1900000,1350000,19500000,,,,39100000,107,,9,,,79,18,1,,,,,,6986.6,,850.92,,,5460.53,638.95,36.19,,,,,,10500000,,11400000,,,11880000,5300000,2600000,,,,,,"109Y"
64000,高雄市,64000190,岡山區,650,27,402,2,2,155,47,,14,,1,,,28185.9,833.41,19990.66,174.53,258.69,4246.22,1849.44,,770.46,,62.48,,,5750000,2500000,8325000,16250000,5000000,3200000,3500000,,15530860,,21500000,,,106,4,,,,89,13,,,,,,,5537.88,130.01,,,,4909.13,498.74,,,,,,,5550000,3345000,,,,6300000,4000000,,,,,,,"109Y"
64000,高雄市,64000200,橋頭區,578,2,177,4,,376,18,,,,1,,,25138.46,101.82,9316.17,685.21,,14511.66,431.03,,,,92.56,,,6470000,6375000,8000000,21595000,,6430000,3325000,,,,30000000,,,389,,2,,,380,7,,,,,,,23358.38,,162.18,,,22987.11,209.08,,,,,,,8050000,,12050000,,,8110000,4550000,,,,,,,"109Y"
64000,高雄市,64000210,燕巢區,121,1,98,,,,13,1,4,2,2,,,8300.24,11.83,7205.72,,,,356.41,11.92,287.35,115.94,311.06,,,6000000,920000,6410000,,,,2080000,625000,15720000,20240000,14250000,,,2,,1,,,,1,,,,,,,115.12,,71.89,,,,43.23,,,,,,,3800000,,3800000,,,,3800000,,,,,,,"109Y"
64000,高雄市,64000220,田寮區,2,,2,,,,,,,,,,,534.67,,534.67,,,,,,,,,,,9780000,,9780000,,,,,,,,,,,,,,,,,,,,,,,,,,,,,,,,,,,,,,,,,,,,,,,,,,"109Y"
64000,高雄市,64000230,阿蓮區,73,,65,,,2,2,,,1,3,,,3519.14,,3140.28,,,70,50.55,,,133.34,124.97,,,4880000,,5200000,,,3790000,2055000,,,11000000,4300000,,,1,,,,,1,,,,,,,,43.41,,,,,43.41,,,,,,,,4200000,,,,,4200000,,,,,,,,"109Y"
64000,高雄市,64000240,路竹區,191,,185,,,,2,,1,2,1,,,15254.12,,13950.66,,,,85.12,,1006.27,157.48,54.6,,,7000000,,6850000,,,,4925000,,10500000,15000000,8300000,,,9,,,,,2,7,,,,,,,404.11,,,,,85.18,318.93,,,,,,,4160000,,,,,4180000,3650000,,,,,,,"109Y"
64000,高雄市,64000250,湖內區,194,9,143,,,16,12,12,2,,,,,9151.96,266.14,8009.47,,,346.47,313.98,107.9,108,,,,,5000000,2000000,7000000,,,812500,2125000,670000,11750000,,,,,5,,,,,2,2,1,,,,,,172.13,,,,,84.66,76.01,11.47,,,,,,3200000,,,,,3190000,3375000,800000,,,,,,"109Y"
64000,高雄市,64000260,茄萣區,110,2,96,,,12,,,,,,,,6186.26,52.48,5714.55,,,419.22,,,,,,,,7140000,705000,7700000,,,1750000,,,,,,,,9,,1,,,8,,,,,,,,385.08,,94.64,,,290.44,,,,,,,,1900000,,11300000,,,1850000,,,,,,,,"109Y"
64000,高雄市,64000270,永安區,22,,20,,,,,,,2,,,,983.87,,825.02,,,,,,,158.85,,,,3940000,,3900000,,,,,,,82863000,,,,,,,,,,,,,,,,,,,,,,,,,,,,,,,,,,,,,,,,,,,"109Y"
64000,高雄市,64000280,彌陀區,56,,55,,,,,,1,,,,,3180.58,,3087.61,,,,,,92.97,,,,,8340000,,8320000,,,,,,39370000,,,,,1,,,,,,1,,,,,,,28.2,,,,,,28.2,,,,,,,1800000,,,,,,1800000,,,,,,,"109Y"
64000,高雄市,64000290,梓官區,186,,183,1,,,,,,2,,,,9435.1,,8950.72,45.21,,,,,,439.16,,,,6500000,,6500000,6560000,,,,,,64365000,,,,5,,5,,,,,,,,,,,357.23,,357.23,,,,,,,,,,,5460000,,5460000,,,,,,,,,,,"109Y"
64000,高雄市,64000300,旗山區,176,1,149,2,,1,16,5,,,1,,1,7157.26,6.48,6550.09,95.38,,40.17,329.57,96.06,,,20.55,,18.95,3440000,81708,3800000,11707452,,2900000,965000,1020000,,,2200000,,906390,2,,2,,,,,,,,,,,100.09,,100.09,,,,,,,,,,,6580000,,6580000,,,,,,,,,,,"109Y"
64000,高雄市,64000310,美濃區,101,,98,,,,1,,,,1,1,,5801.17,,5466.95,,,,98.36,,,,149.3,86.56,,4200000,,4200000,,,,8480000,,,,29000000,365300,,2,,,,,,2,,,,,,,77.03,,,,,,77.03,,,,,,,2165000,,,,,,2165000,,,,,,,"109Y"
64000,高雄市,64000320,六龜區,19,,19,,,,,,,,,,,1132.09,,1132.09,,,,,,,,,,,2000000,,2000000,,,,,,,,,,,,,,,,,,,,,,,,,,,,,,,,,,,,,,,,,,,,,,,,,,"109Y"
64000,高雄市,64000330,甲仙區,15,,11,,,4,,,,,,,,503.94,,375.05,,,128.88,,,,,,,,1570000,,2000000,,,625000,,,,,,,,,,,,,,,,,,,,,,,,,,,,,,,,,,,,,,,,,,,,,,,"109Y"
64000,高雄市,64000340,杉林區,11,,11,,,,,,,,,,,562.5,,562.5,,,,,,,,,,,2100000,,2100000,,,,,,,,,,,,,,,,,,,,,,,,,,,,,,,,,,,,,,,,,,,,,,,,,,"109Y"
64000,高雄市,64000350,內門區,9,,8,,,,,,,,,,1,346.62,,312.81,,,,,,,,,,33.81,3600000,,3550000,,,,,,,,,,4100000,,,,,,,,,,,,,,,,,,,,,,,,,,,,,,,,,,,,,,,,"109Y"
64000,高雄市,64000360,茂林區,,,,,,,,,,,,,,,,,,,,,,,,,,,,,,,,,,,,,,,,,,,,,,,,,,,,,,,,,,,,,,,,,,,,,,,,,,,,,,,"109Y"
64000,高雄市,64000370,桃源區,,,,,,,,,,,,,,,,,,,,,,,,,,,,,,,,,,,,,,,,,,,,,,,,,,,,,,,,,,,,,,,,,,,,,,,,,,,,,,,"109Y"
64000,高雄市,64000380,那瑪夏區,1,,1,,,,,,,,,,,42.25,,42.25,,,,,,,,,,,1300000,,1300000,,,,,,,,,,,,,,,,,,,,,,,,,,,,,,,,,,,,,,,,,,,,,,,,,,"109Y"
10002,宜蘭縣,10002010,宜蘭市,916,84,520,5,,69,204,25,,4,5,,,42376.35,2830.86,29052.54,293.4,,3188.71,6039.53,276.36,,411.62,283.34,,,7240000,3500000,10700000,19000000,,14380000,4370000,1560000,,10800000,16250000,,,230,2,6,1,,109,111,1,,,,,,11593.37,86.52,523.34,45.12,,6013.09,4907.64,17.66,,,,,,7325000,4550000,15600000,7500000,,11480000,5850000,2120000,,,,,,"109Y"
10002,宜蘭縣,10002020,羅東鎮,534,71,205,7,,73,149,20,,,4,1,4,20123.41,1964.11,10430,471,,2286.59,4134.95,272.89,,,287.06,158.32,118.5,5550000,3500000,9850000,15000000,,5000000,4500000,2130000,,,23100000,32280000,6115000,127,6,4,,,31,85,1,,,,,,6133.02,232.71,261.41,,,1381.99,4241.96,14.94,,,,,,6300000,5300000,9750000,,,8530000,6300000,2660000,,,,,,"109Y"
10002,宜蘭縣,10002030,蘇澳鎮,273,28,225,,,3,13,3,,,,,1,12346.28,866.46,10917.32,,,60.83,445.74,42.39,,,,,13.55,5300000,2000000,6500000,,,1300000,2800000,1300000,,,,,1620000,36,,6,,,,30,,,,,,,1326.66,,469.57,,,,857.09,,,,,,,4250000,,8650000,,,,4250000,,,,,,,"109Y"
10002,宜蘭縣,10002040,頭城鎮,188,1,73,,,73,37,4,,,,,,7009.5,33.18,3580.67,,,2249.23,1060.65,85.78,,,,,,6405000,4700000,5580000,,,8600000,5200000,6290500,,,,,,19,1,1,,,4,11,2,,,,,,853.14,42.21,91.51,,,148.8,516.12,54.51,,,,,,6800000,5700000,12200000,,,9250000,6400000,6300000,,,,,,"109Y"
10002,宜蘭縣,10002050,礁溪鄉,490,27,131,,,109,121,92,,,8,,2,16421.38,672.38,7557.16,,,2855.93,2803.63,1819.78,,,690.53,,21.97,6190000,3700000,9500000,,,7600000,3720000,4200000,,,16385000,,316677,44,,,,,24,16,4,,,,,,1588.72,,,,,990.32,510.43,87.97,,,,,,7000000,,,,,10085000,5850000,5050000,,,,,,"109Y"
10002,宜蘭縣,10002060,壯圍鄉,178,9,159,,,,4,,,,5,,1,9892.24,204.59,8999.29,,,,163.28,,,,469.13,,55.95,8040000,2500000,8200000,,,,2675000,,,,15350000,,4928000,,,,,,,,,,,,,,,,,,,,,,,,,,,,,,,,,,,,,,,,"109Y"
10002,宜蘭縣,10002070,員山鄉,205,6,179,,,,8,,,,11,,1,13199.45,199.39,11787.88,,,,227.83,,,,969.82,,14.52,9000000,3865000,9000000,,,,4350000,,,,16600000,,4700000,16,,1,1,,,14,,,,,,,611.29,,103.26,12.07,,,495.95,,,,,,,3970000,,16990000,1380000,,,3970000,,,,,,,"109Y"
10002,宜蘭縣,10002080,冬山鄉,357,11,317,,,,16,,2,,10,,1,20157.56,256.81,18222.37,,,,370.41,,653.71,,626.06,,28.2,8000000,3300000,8180000,,,,3600000,,38512500,,15900000,,6600000,10,3,2,,,,5,,,,,,,394.84,82.49,124,,,,188.35,,,,,,,6190000,4250000,7530000,,,,6400000,,,,,,,"109Y"
10002,宜蘭縣,10002090,五結鄉,440,12,321,,,43,43,11,,,8,,2,20814.25,352.55,17426.04,,,918.61,991.01,187.84,,,899.21,,38.98,6900000,3140000,8700000,,,2000000,3300000,1850000,,,23250000,,4030000,70,9,6,,,22,27,1,,,,,5,3322.75,420.14,583.11,,,996.84,1079.73,11.96,,,,,230.98,5625000,3000000,11990000,,,10390000,4400000,3000000,,,,,2950000,"109Y"
10002,宜蘭縣,10002100,三星鄉,208,,187,,,,,,,,19,,2,12126.11,,10749.18,,,,,,,,1333.96,,42.97,8880000,,8880000,,,,,,,,10000000,,6505000,2,,1,,,,1,,,,,,,117.69,,73.6,,,,44.09,,,,,,,8150000,,8900000,,,,7400000,,,,,,,"109Y"
10002,宜蘭縣,10002110,大同鄉,1,,,,,,,,,,1,,,85.78,,,,,,,,,,85.78,,,19480000,,,,,,,,,,19480000,,,,,,,,,,,,,,,,,,,,,,,,,,,,,,,,,,,,,,,,,,"109Y"
10002,宜蘭縣,10002120,南澳鄉,,,,,,,,,,,,,,,,,,,,,,,,,,,,,,,,,,,,,,,,,,,,,,,,,,,,,,,,,,,,,,,,,,,,,,,,,,,,,,,"109Y"
10004,新竹縣,10004010,竹北市,1509,28,502,27,3,716,160,54,7,3,5,3,1,87037.64,765.61,36658.82,1831.48,161.2,37148.85,3562.29,649.54,4676.72,930.95,406,162.94,83.25,12500000,3180000,15205000,24380000,8000000,14190000,3725000,3025000,83440000,42500000,22700000,584600,12000000,2330,11,23,33,7,1857,370,23,2,4,,,,135304.92,377.5,1733.88,1748.48,520.21,112083.92,15752.91,578.92,322.87,2186.23,,,,11100000,5400000,17300000,19600000,11520000,12000000,7300000,5300000,29150000,92775000,,,,"109Y"
10004,新竹縣,10004020,竹東鎮,554,44,308,1,,101,94,5,,,1,,,31004.46,1319.06,23447.92,59.33,,3164.5,2865.75,64.65,,,83.25,,,5550000,2500000,8040000,8500000,,3800000,3280000,1700000,,,18000000,,,343,11,7,,,182,143,,,,,,,15719.33,432.95,446.91,,,9041.96,5797.5,,,,,,,6400000,3150000,8000000,,,7805000,5300000,,,,,,,"109Y"
10004,新竹縣,10004030,新埔鎮,176,5,130,1,,10,8,,,,22,,,9595.24,97.35,7052.16,31.47,,387.19,273.46,,,,1753.61,,,10950000,733333,11525000,5200000,,5860000,5350000,,,,24250000,,,30,,10,,,10,10,,,,,,,1970.4,,1111.27,,,484,375.13,,,,,,,7555000,,31360000,,,7305000,5050000,,,,,,,"109Y"
10004,新竹縣,10004040,關西鎮,78,8,59,1,,1,6,,,,3,,,4999.6,328.39,4143.38,17.12,,42.57,249.12,,,,219.02,,,9400000,3500000,11000000,1900000,,5890000,3340000,,,,17800000,,,13,2,,,,6,5,,,,,,,641.48,112.35,,,,287.45,241.68,,,,,,,5000000,3250000,,,,7840000,3800000,,,,,,,"109Y"
10004,新竹縣,10004050,湖口鄉,1310,55,533,16,,271,399,23,3,3,7,,,72840.33,1588.48,35598.51,714.24,,9848.71,9783.27,299.05,1329.26,13310.51,368.29,,,5600000,3630000,8800000,11225000,,5660000,3900000,850000,240516000,320000000,16000000,,,221,10,37,,,9,165,,,,,,,9093.9,401.13,2395.88,,,397.63,5899.27,,,,,,,5780000,4255000,11300000,,,6700000,5480000,,,,,,,"109Y"
10004,新竹縣,10004060,新豐鄉,536,48,319,2,,29,125,6,1,,5,,1,24302.53,1387.72,17730.45,67.38,,1004.2,3453.68,96.18,299.68,,251.83,,11.4,6100000,2380000,7900000,8500000,,5590000,4180000,2290000,105000000,,13000000,,3200000,94,5,20,,,18,50,1,,,,,,3716.72,166.29,1126.76,,,703.85,1710.13,9.7,,,,,,5875000,3500000,7250000,,,5725000,5695000,1150000,,,,,,"109Y"
10004,新竹縣,10004070,芎林鄉,142,1,100,,,,29,11,,1,,,,13829.88,73.65,6781.01,,,,547.14,145.3,,6282.77,,,,9650000,15860000,13200000,,,,1330000,1240000,,680000000,,,,26,2,1,1,,3,19,,,,,,,1230.89,85.8,74.96,48.03,,139.74,882.36,,,,,,,4825000,3350000,13360000,12200000,,7750000,4300000,,,,,,,"109Y"
10004,新竹縣,10004080,橫山鄉,22,,19,1,,,,,2,,,,,1119.51,,884.86,58.13,,,,,176.52,,,,,5125000,,4750000,14510000,,,,,18100000,,,,,1,,,,,,1,,,,,,,41.54,,,,,,41.54,,,,,,,6600000,,,,,,6600000,,,,,,,"109Y"
10004,新竹縣,10004090,北埔鄉,19,,17,,,,,,,,2,,,980.08,,855.24,,,,,,,,124.84,,,7500000,,7500000,,,,,,,,14395000,,,1,,1,,,,,,,,,,,38.67,,38.67,,,,,,,,,,,4800000,,4800000,,,,,,,,,,,"109Y"
10004,新竹縣,10004100,寶山鄉,72,5,55,,,,11,,,,1,,,5207.38,323.25,4393.81,,,,405.75,,,,84.57,,,11740000,4200000,12880000,,,,3500000,,,,14678718,,,54,5,2,,,,47,,,,,,,2237.53,216.26,130.19,,,,1891.08,,,,,,,4950000,3000000,6600000,,,,5050000,,,,,,,"109Y"
10004,新竹縣,10004110,峨眉鄉,2,,1,,,,,,,,1,,,118.66,,55.91,,,,,,,,62.76,,,13500000,,2000000,,,,,,,,25000000,,,1,,,,,,1,,,,,,,36.02,,,,,,36.02,,,,,,,3500000,,,,,,3500000,,,,,,,"109Y"
10004,新竹縣,10004120,尖石鄉,,,,,,,,,,,,,,,,,,,,,,,,,,,,,,,,,,,,,,,,,,,,,,,,,,,,,,,,,,,,,,,,,,,,,,,,,,,,,,,"109Y"
10004,新竹縣,10004130,五峰鄉,,,,,,,,,,,,,,,,,,,,,,,,,,,,,,,,,,,,,,,,,,,,,,,,,,,,,,,,,,,,,,,,,,,,,,,,,,,,,,,"109Y"
10005,苗栗縣,10005010,苗栗市,637,116,309,2,1,34,151,18,1,,3,,2,29920.13,5029.2,16484.4,77.46,28.59,1311.11,6428.68,220.82,111.85,,195.21,,32.81,5030000,3575000,7800000,7050000,1450000,4515000,3500000,1085000,53500000,,5800000,,1900000,178,2,3,,1,48,121,2,,,,,1,7804.61,79.44,202.02,,24.21,2406.54,5017.95,34.07,,,,,40.38,6040000,5150000,5200000,,1500000,7450000,6000000,1635000,,,,,1900000,"109Y"
10005,苗栗縣,10005020,苑裡鎮,227,7,201,1,,,11,,5,,2,,,17205.08,241.12,12095.77,70.93,,,452.43,,4228.81,,116.03,,,7480000,2500000,7500000,16600000,,,5500000,,31000000,,6350000,,,25,,,,,1,24,,,,,,,939.61,,,,,36.66,902.95,,,,,,,4900000,,,,,5500000,4875000,,,,,,,"109Y"
10005,苗栗縣,10005030,通霄鎮,86,4,74,,,6,2,,,,,,,3900.07,154.19,3456.53,,,217.87,71.47,,,,,,,3100000,3450000,3395000,,,1800000,3150000,,,,,,,1,,,,,1,,,,,,,,37.74,,,,,37.74,,,,,,,,3600000,,,,,3600000,,,,,,,,"109Y"
10005,苗栗縣,10005040,竹南鎮,834,17,427,5,,244,135,4,,1,1,,,63438.11,555.83,39753.86,314.86,,9515.99,4526.78,53.22,,8602.81,114.77,,,6650000,2500000,9500000,14000000,,6230000,4350000,1530000,,860000000,17200000,,,315,2,27,1,1,110,168,,,6,,,,17640.63,202.69,2423.71,78.87,40.14,5204.1,6482.38,,,3208.74,,,,6080000,16400000,13850000,9500000,5000000,6430000,5530000,,,26780000,,,,"109Y"
10005,苗栗縣,10005050,頭份市,,,,,,,,,,,,,,,,,,,,,,,,,,,,,,,,,,,,,,,,,,,,,,,,,,,,,,,,,,,,,,,,,,,,,,,,,,,,,,,"109Y"
10005,苗栗縣,10005060,後龍鎮,99,1,90,,,,8,,,,,,,6378.06,35.53,5993.21,,,,349.31,,,,,,,7700000,1230000,9140000,,,,5450000,,,,,,,27,1,1,2,,,23,,,,,,,950.2,42.21,54.16,55.31,,,798.52,,,,,,,5200000,6800000,9000000,3150000,,,5200000,,,,,,,"109Y"
10005,苗栗縣,10005070,卓蘭鎮,23,,18,,,,2,,1,,2,,,1129.89,,841.72,,,,68.1,,60.32,,159.76,,,5000000,,4800000,,,,2475000,,13500000,,20717807,,,2,,,,,,2,,,,,,,73.61,,,,,,73.61,,,,,,,2925000,,,,,,2925000,,,,,,,"109Y"
10005,苗栗縣,10005080,大湖鄉,34,3,16,,,,14,,,,1,,,1280.62,76.36,696.2,,,,455.02,,,,53.04,,,4750000,2000000,3950000,,,,5335000,,,,6150000,,,,,,,,,,,,,,,,,,,,,,,,,,,,,,,,,,,,,,,,,,"109Y"
10005,苗栗縣,10005090,公館鄉,145,21,94,2,,,17,,3,,8,,,7721.01,1178.31,5329.72,126.53,,,481.56,,141.7,,463.2,,,7450000,4500000,8310000,6850000,,,3080000,,13016667,,13100000,,,20,,1,,,,19,,,,,,,859.82,,61.91,,,,797.91,,,,,,,5475000,,10400000,,,,5250000,,,,,,,"109Y"
10005,苗栗縣,10005100,銅鑼鄉,53,4,33,,,,6,,6,2,1,,1,23167.96,151.52,2048.02,,,,9627.12,,10027,1267.24,14.39,,32.67,6600000,3450000,6300000,,,,91667481,,100666667,86150000,1615773,,2200000,7,,1,,,,6,,,,,,,275.7,,54.27,,,,221.42,,,,,,,5600000,,1000000,,,,5800000,,,,,,,"109Y"
10005,苗栗縣,10005110,南庄鄉,12,1,9,,,,,,,,2,,,474.86,23.41,336,,,,,,,,115.46,,,5940000,4500000,5280000,,,,,,,,13190000,,,,,,,,,,,,,,,,,,,,,,,,,,,,,,,,,,,,,,,,,,"109Y"
10005,苗栗縣,10005120,頭屋鄉,26,3,23,,,,,,,,,,,1180.32,129.13,1051.19,,,,,,,,,,,3100000,2800000,3200000,,,,,,,,,,,5,,,,3,,2,,,,,,,381.78,,,,308.37,,73.41,,,,,,,4700000,,,,4700000,,3640000,,,,,,,"109Y"
10005,苗栗縣,10005130,三義鄉,51,4,44,2,,,1,,,,,,,2618.6,176.05,2274.21,79.1,,,89.23,,,,,,,5750000,2381651,5775000,12500000,,,8800000,,,,,,,1,,,,,,1,,,,,,,39.12,,,,,,39.12,,,,,,,2800000,,,,,,2800000,,,,,,,"109Y"
10005,苗栗縣,10005140,西湖鄉,6,,4,,,,,,,,2,,,221.92,,127.67,,,,,,,,94.25,,,6750000,,5040000,,,,,,,,8500000,,,,,,,,,,,,,,,,,,,,,,,,,,,,,,,,,,,,,,,,,,"109Y"
10005,苗栗縣,10005150,造橋鄉,160,93,22,,,,2,43,,,,,,2031.75,766.46,921.8,,,,17.7,325.8,,,,,,400000,400000,2840000,,,,400000,380000,,,,,,,,,,,,,,,,,,,,,,,,,,,,,,,,,,,,,,,,,,,,,"109Y"
10005,苗栗縣,10005160,三灣鄉,9,,9,,,,,,,,,,,498.36,,498.36,,,,,,,,,,,3370000,,3370000,,,,,,,,,,,,,,,,,,,,,,,,,,,,,,,,,,,,,,,,,,,,,,,,,,"109Y"
10005,苗栗縣,10005170,獅潭鄉,7,,4,,,,,,,,3,,,296.94,,209.65,,,,,,,,87.29,,,6300000,,16350000,,,,,,,,4700000,,,,,,,,,,,,,,,,,,,,,,,,,,,,,,,,,,,,,,,,,,"109Y"
10005,苗栗縣,10005180,泰安鄉,1,,1,,,,,,,,,,,36.63,,36.63,,,,,,,,,,,21800000,,21800000,,,,,,,,,,,,,,,,,,,,,,,,,,,,,,,,,,,,,,,,,,,,,,,,,,"109Y"
10007,彰化縣,10007010,彰化市,1075,103,772,2,3,90,96,3,,1,3,,2,48658.12,2958.78,37783.27,104.66,265.29,3596.79,2925.22,35.76,,47.35,198.32,,742.69,6880000,3326667,8700000,14555000,7560000,4370000,4075000,2100000,,30000000,25500000,,183584000,252,4,21,,,147,80,,,,,,,13153.67,119.07,2115.26,,,7413.58,3505.77,,,,,,,5800000,2650000,13100000,,,6000000,5387500,,,,,,,"109Y"
10007,彰化縣,10007020,鹿港鎮,356,6,325,1,,2,17,,,,2,,3,26182.74,171.78,24904.99,17.53,,59.96,642.56,,,,70.3,,315.63,8460000,2170000,8800000,22500000,,4250000,4300000,,,,14300000,,34000000,23,,1,,,,22,,,,,,,1052.62,,48.32,,,,1004.3,,,,,,,4460000,,5000000,,,,4440000,,,,,,,"109Y"
10007,彰化縣,10007030,和美鎮,356,5,334,2,,2,6,,1,1,5,,,18077.97,167.65,17062.66,153.1,,71.64,200.27,,75.95,161.05,185.65,,,7800000,3900000,7950000,22000000,,5655000,3850000,,19500000,27000000,16200000,,,23,2,14,,,4,3,,,,,,,1136.17,80.39,687.76,,,162.63,205.38,,,,,,,7295000,4840000,7593000,,,6515000,6100000,,,,,,,"109Y"
10007,彰化縣,10007040,線西鄉,85,,78,,,,,,2,5,,,,10854.84,,8440.44,,,,,,1175.13,1239.27,,,,7500000,,7300000,,,,,,80000000,24000000,,,,,,,,,,,,,,,,,,,,,,,,,,,,,,,,,,,,,,,,,,,"109Y"
10007,彰化縣,10007050,伸港鄉,129,,126,,,,1,,1,,1,,,7557.68,,6936.6,,,,24.56,,528.46,,68.06,,,8000000,,7960000,,,,3780000,,68880000,,29210000,,,2,,1,,,,1,,,,,,,95.84,,65.99,,,,29.85,,,,,,,1985000,,3770000,,,,200000,,,,,,,"109Y"
10007,彰化縣,10007060,福興鄉,161,,155,,,1,2,,,,1,,2,9105.66,,8822.56,,,16.17,77.94,,,,6.05,,182.95,7766667,,7800000,,,1810000,3850000,,,,517800,,6500000,7,,,,,1,6,,,,,,,277.83,,,,,37.96,239.87,,,,,,,3580000,,,,,4500000,3455000,,,,,,,"109Y"
10007,彰化縣,10007070,秀水鄉,109,1,106,,,,,,,,2,,,5992.43,47.96,5826.21,,,,,,,,118.26,,,7700000,7380000,7625000,,,,,,,,17450000,,,21,,18,3,,,,,,,,,,1790.01,,1639.62,150.39,,,,,,,,,,1462500,,1462500,13000000,,,,,,,,,,"109Y"
10007,彰化縣,10007080,花壇鄉,174,,160,2,,,3,,9,,,,,10226.58,,9175.18,99.27,,,149.83,,802.3,,,,,8000000,,8100000,14000000,,,5000000,,159920,,,,,,,,,,,,,,,,,,,,,,,,,,,,,,,,,,,,,,,,,,,,"109Y"
10007,彰化縣,10007090,芬園鄉,39,,29,,,,,,3,,1,,6,2717.12,,1503.82,,,,,,249.34,,37.58,,926.38,7500000,,5850000,,,,,,10666667,,10600000,,8820000,,,,,,,,,,,,,,,,,,,,,,,,,,,,,,,,,,,,,,,,"109Y"
10007,彰化縣,10007100,員林市,,,,,,,,,,,,,,,,,,,,,,,,,,,,,,,,,,,,,,,,,,,,,,,,,,,,,,,,,,,,,,,,,,,,,,,,,,,,,,,"109Y"
10007,彰化縣,10007110,溪湖鎮,219,1,214,1,,1,2,,,,,,,11608.85,18.8,11350.19,146.92,,42.66,50.28,,,,,,,8300000,1800000,8370000,25000000,,5200000,2025000,,,,,,,7,,1,,,4,2,,,,,,,307.43,,31.33,,,210.41,65.69,,,,,,,5600000,,5600000,,,5690000,4450000,,,,,,,"109Y"
10007,彰化縣,10007120,田中鎮,168,1,150,1,,,9,3,3,,1,,,9899.96,69.52,8166.3,67,,,234.49,22.92,1304.43,,35.3,,,6980000,4800000,7200000,10500000,,,2100000,660000,71318667,,2760000,,,1,,,,,,1,,,,,,,29.04,,,,,,29.04,,,,,,,2380000,,,,,,2380000,,,,,,,"109Y"
10007,彰化縣,10007130,大村鄉,139,7,106,,,2,19,2,1,,,,2,9665.89,155.45,5524.17,,,46.1,495.3,26.94,2315.25,,,,1102.68,6300000,3000000,7300000,,,2900000,2800000,2050000,300000000,,,,43340000,5,,3,,,,2,,,,,,,253.05,,194.06,,,,58.99,,,,,,,5800000,,6360000,,,,4290000,,,,,,,"109Y"
10007,彰化縣,10007140,埔鹽鄉,58,,58,,,,,,,,,,,3664.55,,3664.55,,,,,,,,,,,7000000,,7000000,,,,,,,,,,,2,,2,,,,,,,,,,,109.57,,109.57,,,,,,,,,,,8350000,,8350000,,,,,,,,,,,"109Y"
10007,彰化縣,10007150,埔心鄉,116,,114,1,,,1,,,,,,,16679.07,,5495.15,11148.76,,,35.17,,,,,,,7840000,,7840000,132300000,,,3050000,,,,,,,2,,,,,,2,,,,,,,96.58,,,,,,96.58,,,,,,,6610000,,,,,,6610000,,,,,,,"109Y"
10007,彰化縣,10007160,永靖鄉,133,,131,,,,,,,,,,2,6960.58,,6802.78,,,,,,,,,,157.8,7500000,,7450000,,,,,,,,,,14300000,2,,1,,,1,,,,,,,,95.92,,53.85,,,42.06,,,,,,,,5795000,,7590000,,,4000000,,,,,,,,"109Y"
10007,彰化縣,10007170,社頭鄉,115,,114,,,,,,,,1,,,6354.35,,6258.13,,,,,,,,96.23,,,7700000,,7700000,,,,,,,,66000000,,,1,,1,,,,,,,,,,,56.36,,56.36,,,,,,,,,,,4500000,,4500000,,,,,,,,,,,"109Y"
10007,彰化縣,10007180,二水鄉,19,,19,,,,,,,,,,,955.85,,955.85,,,,,,,,,,,4097000,,4097000,,,,,,,,,,,,,,,,,,,,,,,,,,,,,,,,,,,,,,,,,,,,,,,,,,"109Y"
10007,彰化縣,10007190,北斗鎮,184,,171,,,7,5,,,,,,1,10516.91,,10000.76,,,239.36,195.28,,,,,,81.51,7325000,,7580000,,,2950000,3000000,,,,,,6000000,3,,,,,3,,,,,,,,123.32,,,,,123.32,,,,,,,,3050000,,,,,3050000,,,,,,,,"109Y"
10007,彰化縣,10007200,二林鎮,219,6,194,,,1,15,,,,3,,,13045.05,205.45,12236.75,,,35.76,520.96,,,,46.13,,,5500000,2250000,6298622,,,3680000,2800000,,,,1136992,,,3,,1,,,,2,,,,,,,147.51,,70.45,,,,77.06,,,,,,,3500000,,5050000,,,,3450000,,,,,,,"109Y"
10007,彰化縣,10007210,田尾鄉,141,,140,,,,,,,,1,,,7685.08,,7661.18,,,,,,,,23.89,,,7810000,,7805000,,,,,,,,9150000,,,1,,1,,,,,,,,,,,214.67,,214.67,,,,,,,,,,,25000000,,25000000,,,,,,,,,,,"109Y"
10007,彰化縣,10007220,埤頭鄉,128,,127,1,,,,,,,,,,6557.99,,6498.79,59.21,,,,,,,,,,6975000,,6950000,11450000,,,,,,,,,,,,,,,,,,,,,,,,,,,,,,,,,,,,,,,,,,,,,,,,,"109Y"
10007,彰化縣,10007230,芳苑鄉,93,,85,,,,,,5,,1,,2,8991.44,,7051.59,,,,,,911.89,,63.28,,964.68,2600000,,2500000,,,,,,60968000,,5900000,,5553800,,,,,,,,,,,,,,,,,,,,,,,,,,,,,,,,,,,,,,,,"109Y"
10007,彰化縣,10007240,大城鄉,13,,13,,,,,,,,,,,628.84,,628.84,,,,,,,,,,,2200000,,2200000,,,,,,,,,,,,,,,,,,,,,,,,,,,,,,,,,,,,,,,,,,,,,,,,,,"109Y"
10007,彰化縣,10007250,竹塘鄉,25,,25,,,,,,,,,,,2166.08,,2166.08,,,,,,,,,,,2750000,,2750000,,,,,,,,,,,,,,,,,,,,,,,,,,,,,,,,,,,,,,,,,,,,,,,,,,"109Y"
10007,彰化縣,10007260,溪州鄉,112,,108,,,,,,,1,2,,1,7244.44,,5568.62,,,,,,,84.51,154.74,,1436.58,6875000,,6775000,,,,,,,20000000,8750000,,40000000,,,,,,,,,,,,,,,,,,,,,,,,,,,,,,,,,,,,,,,,"109Y"
10008,南投縣,10008010,南投市,546,18,427,2,,21,67,,4,2,5,,,32424.31,356.53,21464.12,104.97,,712.03,1760.5,,5975.47,1777.32,273.36,,,6050000,1850000,7300000,4000000,,3390000,2800000,,166900000,242255000,6300000,,,31,1,8,,,15,7,,,,,,,1378.65,19.42,523.07,,,578.11,258.06,,,,,,,3900000,2800000,8600000,,,3700000,3700000,,,,,,,"109Y"
10008,南投縣,10008020,埔里鎮,444,13,332,6,,56,21,4,,,8,1,3,21876.33,288.71,18060.02,260.82,,1405.99,690.27,51.82,,,539.71,13.61,565.37,5775000,2400000,6950000,29011667,,2625000,3000000,1365000,,,10900000,1800000,6850000,19,1,1,,,5,12,,,,,,,851.77,74.14,47.34,,,178.6,551.69,,,,,,,4300000,9400000,5600000,,,3800000,5215000,,,,,,,"109Y"
10008,南投縣,10008030,草屯鎮,518,10,410,14,,25,47,5,,,6,1,,28325.84,314.76,23240.97,1983.23,,792.4,1673.21,86.12,,,194.18,40.97,,7250000,3325000,8500000,10750000,,3840000,3850000,1300000,,,7225000,6770000,,50,,8,,,17,25,,,,,,,2047.76,,363.75,,,760.39,923.62,,,,,,,5100000,,3491667,,,6900000,4455000,,,,,,,"109Y"
10008,南投縣,10008040,竹山鎮,268,7,246,3,,,10,1,,,1,,,13259.9,128.24,12601.77,153.95,,,331.87,7.23,,,36.84,,,5150000,900000,5500000,11000000,,,2300000,880000,,,4420000,,,6,,,,,,6,,,,,,,169.17,,,,,,169.17,,,,,,,2340000,,,,,,2340000,,,,,,,"109Y"
10008,南投縣,10008050,集集鎮,25,,25,,,,,,,,,,,1309.33,,1309.33,,,,,,,,,,,4900000,,4900000,,,,,,,,,,,,,,,,,,,,,,,,,,,,,,,,,,,,,,,,,,,,,,,,,,"109Y"
10008,南投縣,10008060,名間鄉,117,,113,1,,,1,,,1,1,,,7444.61,,7191.98,18,,,14.45,,,153.07,67.1,,,4000000,,3900000,6100000,,,1300000,,,8200000,8200000,,,,,,,,,,,,,,,,,,,,,,,,,,,,,,,,,,,,,,,,,,"109Y"
10008,南投縣,10008070,鹿谷鄉,35,2,27,,,,5,,,,1,,,1519.59,45.54,1292.6,,,,114.83,,,,66.63,,,4050000,2625000,5623198,,,,1275000,,,,18000000,,,1,1,,,,,,,,,,,,49.59,49.59,,,,,,,,,,,,4000000,4000000,,,,,,,,,,,,"109Y"
10008,南投縣,10008080,中寮鄉,24,,18,,,,,,,,6,,,1014.61,,772.21,,,,,,,,242.4,,,3325000,,3060000,,,,,,,,4125000,,,,,,,,,,,,,,,,,,,,,,,,,,,,,,,,,,,,,,,,,,"109Y"
10008,南投縣,10008090,魚池鄉,30,,22,2,,,,,,1,3,,2,2717.13,,1241.42,163.73,,,,,,31.58,164.24,,1116.15,8025000,,5425000,13750000,,,,,,3800000,8250000,,9231450,,,,,,,,,,,,,,,,,,,,,,,,,,,,,,,,,,,,,,,,"109Y"
10008,南投縣,10008100,國姓鄉,38,,36,1,,,,,,,1,,,1913.92,,1805.49,45.19,,,,,,,63.23,,,4560000,,4560000,2500000,,,,,,,5250000,,,,,,,,,,,,,,,,,,,,,,,,,,,,,,,,,,,,,,,,,,"109Y"
10008,南投縣,10008110,水里鄉,44,3,40,,,,1,,,,,,,1729.11,39.57,1606.2,,,,83.34,,,,,,,2930000,1500000,3030000,,,,13000000,,,,,,,,,,,,,,,,,,,,,,,,,,,,,,,,,,,,,,,,,,,,,,"109Y"
10008,南投縣,10008120,信義鄉,3,,3,,,,,,,,,,,308.29,,308.29,,,,,,,,,,,300000,,300000,,,,,,,,,,,,,,,,,,,,,,,,,,,,,,,,,,,,,,,,,,,,,,,,,,"109Y"
10008,南投縣,10008130,仁愛鄉,2,,1,,,,,,,,1,,,248.76,,102.39,,,,,,,,146.37,,,84000000,,78000000,,,,,,,,90000000,,,,,,,,,,,,,,,,,,,,,,,,,,,,,,,,,,,,,,,,,,"109Y"
10009,雲林縣,10009010,斗六市,909,31,611,16,2,49,129,35,13,14,6,,3,65790.56,758.72,33999.87,1068.87,51.62,1571.14,3958.58,386.77,10368.67,11506.14,1508.35,,611.81,5750000,2150000,7300000,18000000,3850000,3180000,3900000,1050000,50000000,64804200,17750000,,10495360,127,32,20,,,30,43,2,,,,,,6555.36,1443.06,2191.28,,,1278.45,1605.86,36.71,,,,,,3800000,2690000,13890000,,,3590000,4460000,1950000,,,,,,"109Y"
10009,雲林縣,10009020,斗南鎮,301,1,251,1,,22,22,1,,1,2,,,18900.89,39.78,17218.58,40.11,,644.99,725.63,10.92,,43.74,177.14,,,7000000,2200000,7500000,6800000,,2250000,2575000,1050000,,8200000,13250000,,,18,,,,,5,13,,,,,,,736.94,,,,,255.51,481.44,,,,,,,3050000,,,,,4000000,3000000,,,,,,,"109Y"
10009,雲林縣,10009030,虎尾鎮,544,9,357,1,,26,104,45,,,2,,,23833.35,274.28,20865.51,34.61,,610.47,1656.18,266.65,,,125.65,,,6018000,3200000,8000000,397300,,2137500,1100000,870000,,,8750000,,,28,,5,,,8,14,1,,,,,,1112.62,,317.84,,,267.02,512.73,15.02,,,,,,4325000,,8200000,,,4475000,3850000,1200000,,,,,,"109Y"
10009,雲林縣,10009040,西螺鎮,256,6,234,1,3,,7,,,,4,,1,14864.02,332.39,13550.95,37.3,187.33,,218.86,,,,240.21,,296.99,6960000,10240000,6890000,15000000,7083333,,2500000,,,,20500000,,30000000,,,,,,,,,,,,,,,,,,,,,,,,,,,,,,,,,,,,,,,,"109Y"
10009,雲林縣,10009050,土庫鎮,99,2,93,,,,1,,3,,,,,7658.88,89.53,5130.54,,,,77.66,,2361.15,,,,,5700000,4000000,5700000,,,,4800000,,28000000,,,,,,,,,,,,,,,,,,,,,,,,,,,,,,,,,,,,,,,,,,,,"109Y"
10009,雲林縣,10009060,北港鎮,191,9,148,,,11,14,1,,,1,,7,10957.54,433.66,7729.69,,,388.79,446.57,10.67,,,43.71,,1904.46,7160000,3800000,7580000,,,2500000,2100000,660000,,,13500000,,4436966,9,,,,,4,5,,,,,,,515.3,,,,,248.29,267.01,,,,,,,3840000,,,,,3785000,3850000,,,,,,,"109Y"
10009,雲林縣,10009070,古坑鄉,137,1,87,,,,45,,,,4,,,8371.08,29.75,5452.51,,,,1533.13,,,,1355.68,,,4500000,3680000,6000000,,,,3880000,,,,20750000,,,3,,,,,,3,,,,,,,128.49,,,,,,128.49,,,,,,,3700000,,,,,,3700000,,,,,,,"109Y"
10009,雲林縣,10009080,大埤鄉,46,,46,,,,,,,,,,,2399.05,,2399.05,,,,,,,,,,,5540000,,5540000,,,,,,,,,,,3,,3,,,,,,,,,,,137.77,,137.77,,,,,,,,,,,6200000,,6200000,,,,,,,,,,,"109Y"
10009,雲林縣,10009090,莿桐鄉,99,1,96,,,,,,,,1,,1,5997.36,19.92,5894.81,,,,,,,,44.69,,37.95,7058520,1930000,7033520,,,,,,,,15000000,,30800000,5,,,,,,5,,,,,,,104.09,,,,,,104.09,,,,,,,843333,,,,,,843333,,,,,,,"109Y"
10009,雲林縣,10009100,林內鄉,48,,46,,,,1,,,,1,,,2122.52,,1946.25,,,,27.13,,,,149.15,,,3275000,,3275000,,,,1000000,,,,23000000,,,,,,,,,,,,,,,,,,,,,,,,,,,,,,,,,,,,,,,,,,"109Y"
10009,雲林縣,10009110,二崙鄉,46,1,40,,,,,,,,,,5,3958.21,38.94,2186.71,,,,,,,,,,1732.56,4850000,3460000,5150000,,,,,,,,,,4050000,,,,,,,,,,,,,,,,,,,,,,,,,,,,,,,,,,,,,,,,"109Y"
10009,雲林縣,10009120,崙背鄉,142,2,136,4,,,,,,,,,,7144.96,124.24,6762.09,258.62,,,,,,,,,,6370000,10175000,6300000,13250000,,,,,,,,,,,,,,,,,,,,,,,,,,,,,,,,,,,,,,,,,,,,,,,,,"109Y"
10009,雲林縣,10009130,麥寮鄉,140,25,113,,,,1,1,,,,,,8204.6,1443.55,6724.61,,,,23.68,12.77,,,,,,6040000,7580000,5960000,,,,2600000,1200000,,,,,,8,,,,,,8,,,,,,,293.58,,,,,,293.58,,,,,,,3450000,,,,,,3450000,,,,,,,"109Y"
10009,雲林縣,10009140,東勢鄉,13,,12,,,,,,,,1,,,813,,738.13,,,,,,,,74.87,,,3000000,,3000000,,,,,,,,6000000,,,,,,,,,,,,,,,,,,,,,,,,,,,,,,,,,,,,,,,,,,"109Y"
10009,雲林縣,10009150,褒忠鄉,11,,10,,,,,,,,,,1,1009.84,,468.88,,,,,,,,,,540.97,2200000,,2175000,,,,,,,,,,8500000,,,,,,,,,,,,,,,,,,,,,,,,,,,,,,,,,,,,,,,,"109Y"
10009,雲林縣,10009160,臺西鄉,6,,6,,,,,,,,,,,327.08,,327.08,,,,,,,,,,,2150000,,2150000,,,,,,,,,,,,,,,,,,,,,,,,,,,,,,,,,,,,,,,,,,,,,,,,,,"109Y"
10009,雲林縣,10009170,元長鄉,34,,34,,,,,,,,,,,1763.3,,1763.3,,,,,,,,,,,4825000,,4825000,,,,,,,,,,,,,,,,,,,,,,,,,,,,,,,,,,,,,,,,,,,,,,,,,,"109Y"
10009,雲林縣,10009180,四湖鄉,51,,37,,,,,,,,,,14,2165.8,,1858.29,,,,,,,,,,307.51,2800000,,3800000,,,,,,,,,,1120143,1,,1,,,,,,,,,,,107.13,,107.13,,,,,,,,,,,947000,,947000,,,,,,,,,,,"109Y"
10009,雲林縣,10009190,口湖鄉,19,,18,,,,,,,,1,,,995.37,,876.7,,,,,,,,118.67,,,2500000,,2425000,,,,,,,,3221250,,,,,,,,,,,,,,,,,,,,,,,,,,,,,,,,,,,,,,,,,,"109Y"
10009,雲林縣,10009200,水林鄉,42,1,40,,,,,,,,1,,,1849.7,261.59,1534.51,,,,,,,,53.61,,,650000,8000000,650000,,,,,,,,7600000,,,,,,,,,,,,,,,,,,,,,,,,,,,,,,,,,,,,,,,,,,"109Y"
10010,嘉義縣,10010010,太保市,377,5,241,12,,9,87,21,,,1,,1,25156.58,180.34,22441.3,662.34,,541.46,1152.72,150.47,,,23.42,,4.54,3980000,2020000,5900000,2750000,,2950000,578000,550000,,,650000,,12173000,33,1,9,,,17,6,,,,,,,1613.28,39.82,526.74,,,847.92,198.81,,,,,,,6850000,8500000,8300000,,,6100000,2425000,,,,,,,"109Y"
10010,嘉義縣,10010020,朴子市,272,,157,6,,6,17,84,,,1,,1,10384.12,,8133.51,310.88,,241.94,515.04,752.28,,,30.86,,399.61,3405000,,5600000,8350000,,3125000,3200000,650000,,,6700000,,22660500,17,,2,1,,4,9,1,,,,,,768.59,,128.96,27.56,,150.62,434.57,26.87,,,,,,3700000,,7090000,2250000,,3125000,4350000,2300000,,,,,,"109Y"
10010,嘉義縣,10010030,布袋鎮,45,2,42,1,,,,,,,,,,2000.96,94.2,1892.3,14.46,,,,,,,,,,2280000,2260000,2290000,57930000,,,,,,,,,,,,,,,,,,,,,,,,,,,,,,,,,,,,,,,,,,,,,,,,,"109Y"
10010,嘉義縣,10010040,大林鎮,108,24,83,,,,1,,,,,,,6691.87,560.87,6102.18,,,,28.83,,,,,,,3675000,2140000,4300000,,,,3080000,,,,,,,3,,3,,,,,,,,,,,179.16,,179.16,,,,,,,,,,,8660000,,8660000,,,,,,,,,,,"109Y"
10010,嘉義縣,10010050,民雄鄉,442,37,370,1,,6,20,5,,,1,,2,21823.15,938.42,18757.01,44.01,,228.92,475.17,52.32,,,42.88,,1284.41,4464000,2470000,5215000,7800000,,3130000,2090000,930000,,,3800000,,16900000,46,2,18,,,9,16,1,,,,,,1900.18,81.66,880.87,,,335.17,585.03,17.46,,,,,,3700000,2690000,6515000,,,3200000,2880000,1160000,,,,,,"109Y"
10010,嘉義縣,10010060,溪口鄉,34,2,31,,,,,,,,,1,,1821.15,111.46,1647.43,,,,,,,,,62.26,,6100000,4050000,6350000,,,,,,,,,2244600,,,,,,,,,,,,,,,,,,,,,,,,,,,,,,,,,,,,,,,,,"109Y"
10010,嘉義縣,10010070,新港鄉,75,3,70,,,,,,,,1,1,,5109.18,79.61,3768.27,,,,,,,,26.42,1234.88,,6500000,1250000,6715000,,,,,,,,6050000,18800000,,,,,,,,,,,,,,,,,,,,,,,,,,,,,,,,,,,,,,,,,"109Y"
10010,嘉義縣,10010080,六腳鄉,29,,28,,,,,,,,1,,,2765.82,,2618.44,,,,,,,,147.38,,,3200000,,3100000,,,,,,,,10000000,,,1,,1,,,,,,,,,,,33.09,,33.09,,,,,,,,,,,3200000,,3200000,,,,,,,,,,,"109Y"
10010,嘉義縣,10010090,東石鄉,16,,16,,,,,,,,,,,1138.87,,1138.87,,,,,,,,,,,1600000,,1600000,,,,,,,,,,,,,,,,,,,,,,,,,,,,,,,,,,,,,,,,,,,,,,,,,,"109Y"
10010,嘉義縣,10010100,義竹鄉,41,,14,1,,,,,21,,,,5,10024.76,,590.72,64.58,,,,,8375.73,,,,993.72,10343315,,2975000,4600000,,,,,10343315,,,,3889280,,,,,,,,,,,,,,,,,,,,,,,,,,,,,,,,,,,,,,,,"109Y"
10010,嘉義縣,10010110,鹿草鄉,11,,9,,,,2,,,,,,,568.33,,520.48,,,,47.85,,,,,,,7500000,,7600000,,,,1400000,,,,,,,,,,,,,,,,,,,,,,,,,,,,,,,,,,,,,,,,,,,,,,"109Y"
10010,嘉義縣,10010120,水上鄉,300,2,280,2,,,10,,5,,,1,,14036.1,88.58,12698.58,116.21,,,329.99,,737.69,,,65.04,,4425000,2600000,4500000,6675000,,,1600000,,20572500,,,5000000,,6,1,1,,,,4,,,,,,,226.48,38.35,30.89,,,,157.24,,,,,,,2975000,3400000,5200000,,,,2700000,,,,,,,"109Y"
10010,嘉義縣,10010130,中埔鄉,209,1,194,,,,11,,2,,,,1,10172.77,39.56,9572.19,,,,340.85,,129.4,,,,90.77,4500000,2680000,4500000,,,,4000000,,37445000,,,,65000000,5,,3,,,,2,,,,,,,227.04,,141.74,,,,85.3,,,,,,,7250000,,7300000,,,,4725000,,,,,,,"109Y"
10010,嘉義縣,10010140,竹崎鄉,62,,62,,,,,,,,,,,3401.7,,3401.7,,,,,,,,,,,4400000,,4400000,,,,,,,,,,,2,,2,,,,,,,,,,,122.55,,122.55,,,,,,,,,,,8340000,,8340000,,,,,,,,,,,"109Y"
10010,嘉義縣,10010150,梅山鄉,29,2,25,,,,1,,,,1,,,1316.1,67.56,1192.36,,,,29.21,,,,26.97,,,4880000,2700000,5680000,,,,2860000,,,,12080000,,,,,,,,,,,,,,,,,,,,,,,,,,,,,,,,,,,,,,,,,,"109Y"
10010,嘉義縣,10010160,番路鄉,59,,14,,,35,,9,,,,,1,3868.31,,2774.63,,,924.44,,147.02,,,,,22.22,1780000,,5425000,,,1490000,,1465000,,,,,800000,2,,,,,2,,,,,,,,109.82,,,,,109.82,,,,,,,,4575000,,,,,4575000,,,,,,,,"109Y"
10010,嘉義縣,10010170,大埔鄉,8,,8,,,,,,,,,,,226.57,,226.57,,,,,,,,,,,2150000,,2150000,,,,,,,,,,,,,,,,,,,,,,,,,,,,,,,,,,,,,,,,,,,,,,,,,,"109Y"
10010,嘉義縣,10010180,阿里山鄉,,,,,,,,,,,,,,,,,,,,,,,,,,,,,,,,,,,,,,,,,,,,,,,,,,,,,,,,,,,,,,,,,,,,,,,,,,,,,,,"109Y"
10013,屏東縣,10013010,屏東市,1769,263,1007,10,3,247,193,34,,,1,3,8,86836.26,13660.97,57848.2,521.25,57.82,8714.93,5411.16,345.52,,,40.84,30.06,205.52,4000000,2230000,6000000,9350000,1400000,3400000,3150000,900000,,,12700000,1966667,68500,298,5,1,,2,144,146,,,,,,,13384.59,176.07,59.36,,71.56,7042.33,6035.28,,,,,,,4600000,2820000,5950000,,2150000,4500000,5000000,,,,,,,"109Y"
10013,屏東縣,10013020,潮州鎮,533,10,447,1,,15,55,2,,,,,3,27126.36,318.41,23566.42,110.83,,471.06,1920.83,36.91,,,,,701.91,5000000,2095000,6200000,27000000,,2850000,2800000,1110000,,,,,5800000,102,,4,,,16,82,,,,,,,4318.42,,255.58,,,670.63,3392.21,,,,,,,4300000,,9750000,,,3365000,4500000,,,,,,,"109Y"
10013,屏東縣,10013030,東港鎮,281,10,234,2,,18,15,1,,,,,1,16620.03,483.01,14452.61,218.3,,605.74,814.57,35.81,,,,,9.98,8473333,2875000,9475000,44300000,,3390000,2800000,4000000,,,,,29700000,89,,,,,16,73,,,,,,,3667.1,,,,,696.18,2970.92,,,,,,,5390000,,,,,3850000,5490000,,,,,,,"109Y"
10013,屏東縣,10013040,恆春鎮,282,10,160,1,,25,63,23,,,,,,9152.39,258.95,6826.76,33.96,,529.14,1231.05,272.53,,,,,,2262082,1175000,4825000,7670000,,1050000,950000,965000,,,,,,9,,2,,,,7,,,,,,,354.2,,124.35,,,,229.85,,,,,,,6180000,,14750000,,,,6080000,,,,,,,"109Y"
10013,屏東縣,10013050,萬丹鄉,283,,280,,,,,,2,,1,,,15038.08,,14843.25,,,,,,130.93,,63.9,,,6500000,,6500000,,,,,,9465725,,14800000,,,12,,,,,,12,,,,,,,452.39,,,,,,452.39,,,,,,,4675000,,,,,,4675000,,,,,,,"109Y"
10013,屏東縣,10013060,長治鄉,148,,126,,,8,8,5,,1,,,,7571.35,,6527.8,,,221.06,205.49,62.67,,554.33,,,,5300000,,7000000,,,2675000,3220000,1030000,,31000000,,,,27,,,,,6,21,,,,,,,1202.73,,,,,210.37,992.37,,,,,,,5100000,,,,,3525000,5350000,,,,,,,"109Y"
10013,屏東縣,10013070,麟洛鄉,45,,44,,,,,,,,1,,,2324.82,,2272.16,,,,,,,,52.66,,,5270000,,5085000,,,,,,,,13850000,,,1,,,,,,1,,,,,,,43.02,,,,,,43.02,,,,,,,4600000,,,,,,4600000,,,,,,,"109Y"
10013,屏東縣,10013080,九如鄉,136,,135,,,,,,,,1,,,7296.1,,7243.84,,,,,,,,52.26,,,5295000,,5390000,,,,,,,,1900000,,,7,,,,,,7,,,,,,,285.77,,,,,,285.77,,,,,,,4900000,,,,,,4900000,,,,,,,"109Y"
10013,屏東縣,10013090,里港鄉,152,8,141,2,,,,,,,1,,,8060.76,619.41,7302.25,106.77,,,,,,,32.34,,,6162500,9700000,6000000,6650000,,,,,,,2500000,,,2,,2,,,,,,,,,,,80.09,,80.09,,,,,,,,,,,4000000,,4000000,,,,,,,,,,,"109Y"
10013,屏東縣,10013100,鹽埔鄉,55,1,46,,,,3,,,,2,,3,3559.06,12.33,2941.42,,,,66.62,,,,105.86,,432.84,3500000,260000,3700000,,,,400000,,,,2550000,,3333333,,,,,,,,,,,,,,,,,,,,,,,,,,,,,,,,,,,,,,,,"109Y"
10013,屏東縣,10013110,高樹鄉,43,3,38,1,,,,,,,1,,,2795.76,1224.65,1541.14,15.03,,,,,,,14.94,,,2300000,11000000,2150000,1380000,,,,,,,500000,,,,,,,,,,,,,,,,,,,,,,,,,,,,,,,,,,,,,,,,,,"109Y"
10013,屏東縣,10013120,萬巒鄉,53,,50,,,,,,,,2,,1,3224.51,,2945.94,,,,,,,,160.74,,117.83,2500000,,2450000,,,,,,,,7500000,,4700000,,,,,,,,,,,,,,,,,,,,,,,,,,,,,,,,,,,,,,,,"109Y"
10013,屏東縣,10013130,內埔鄉,697,43,347,2,,5,275,19,,,5,,1,28068.77,549.88,22070.88,67.07,,169.56,3294.11,150.35,,,256.82,,1510.1,2350000,450000,7000000,4190000,,2460000,492649,405000,,,8500000,,68800000,58,1,,,,2,55,,,,,,,2168.45,26.78,,,,83.17,2058.5,,,,,,,4380000,2180000,,,,2880000,4390000,,,,,,,"109Y"
10013,屏東縣,10013140,竹田鄉,30,,28,,,,,,,,1,,1,2043.68,,1927.35,,,,,,,,96.98,,19.36,3250000,,3250000,,,,,,,,12500000,,830000,,,,,,,,,,,,,,,,,,,,,,,,,,,,,,,,,,,,,,,,"109Y"
10013,屏東縣,10013150,新埤鄉,17,,16,,,,,,,,1,,,595.99,,555.93,,,,,,,,40.06,,,1850000,,1715000,,,,,,,,8200000,,,,,,,,,,,,,,,,,,,,,,,,,,,,,,,,,,,,,,,,,,"109Y"
10013,屏東縣,10013160,枋寮鄉,104,6,91,,,,6,,,,,,1,5220.77,188.08,4895.61,,,,127.76,,,,,,9.33,2400000,1275000,2900000,,,,1200000,,,,,,220000,,,,,,,,,,,,,,,,,,,,,,,,,,,,,,,,,,,,,,,,"109Y"
10013,屏東縣,10013170,新園鄉,78,3,74,,,,1,,,,,,,4065.75,46.44,3979.31,,,,40,,,,,,,4225000,2733333,4630000,,,,4250000,,,,,,,1,1,,,,,,,,,,,,43.63,43.63,,,,,,,,,,,,4880000,4880000,,,,,,,,,,,,"109Y"
10013,屏東縣,10013180,崁頂鄉,26,,26,,,,,,,,,,,1324.25,,1324.25,,,,,,,,,,,3150000,,3150000,,,,,,,,,,,,,,,,,,,,,,,,,,,,,,,,,,,,,,,,,,,,,,,,,,"109Y"
10013,屏東縣,10013190,林邊鄉,31,1,27,,,2,1,,,,,,,1555.43,24.57,1392.91,,,79.1,58.85,,,,,,,3200000,1200000,3800000,,,1810000,3700000,,,,,,,4,,,,,1,3,,,,,,,173.9,,,,,29.21,144.69,,,,,,,1830000,,,,,1960000,1700000,,,,,,,"109Y"
10013,屏東縣,10013200,南州鄉,88,1,86,,,,,,,,1,,,5014.29,26.09,4929.85,,,,,,,,58.35,,,7600000,1920000,7600000,,,,,,,,3650000,,,,,,,,,,,,,,,,,,,,,,,,,,,,,,,,,,,,,,,,,,"109Y"
10013,屏東縣,10013210,佳冬鄉,70,,68,1,,,,,,,,,1,4163.41,,3962.16,54.55,,,,,,,,,146.7,7300000,,7300000,11000000,,,,,,,,,7130000,,,,,,,,,,,,,,,,,,,,,,,,,,,,,,,,,,,,,,,,"109Y"
10013,屏東縣,10013220,琉球鄉,5,,5,,,,,,,,,,,147.06,,147.06,,,,,,,,,,,3600000,,3600000,,,,,,,,,,,,,,,,,,,,,,,,,,,,,,,,,,,,,,,,,,,,,,,,,,"109Y"
10013,屏東縣,10013230,車城鄉,45,2,23,1,,,13,6,,,,,,1236.13,37.54,849.6,28.68,,,232.84,87.47,,,,,,3000000,1360000,4000000,5200000,,,650000,600000,,,,,,,,,,,,,,,,,,,,,,,,,,,,,,,,,,,,,,,,,,,,,"109Y"
10013,屏東縣,10013240,滿州鄉,10,,10,,,,,,,,,,,223.24,,223.24,,,,,,,,,,,2015000,,2015000,,,,,,,,,,,,,,,,,,,,,,,,,,,,,,,,,,,,,,,,,,,,,,,,,,"109Y"
10013,屏東縣,10013250,枋山鄉,8,,7,,,,,,,,,,1,381.26,,295.92,,,,,,,,,,85.34,1810000,,1760000,,,,,,,,,,2000000,,,,,,,,,,,,,,,,,,,,,,,,,,,,,,,,,,,,,,,,"109Y"
10013,屏東縣,10013260,三地門鄉,5,,5,,,,,,,,,,,212.4,,212.4,,,,,,,,,,,1500000,,1500000,,,,,,,,,,,,,,,,,,,,,,,,,,,,,,,,,,,,,,,,,,,,,,,,,,"109Y"
10013,屏東縣,10013270,霧臺鄉,,,,,,,,,,,,,,,,,,,,,,,,,,,,,,,,,,,,,,,,,,,,,,,,,,,,,,,,,,,,,,,,,,,,,,,,,,,,,,,"109Y"
10013,屏東縣,10013280,瑪家鄉,,,,,,,,,,,,,,,,,,,,,,,,,,,,,,,,,,,,,,,,,,,,,,,,,,,,,,,,,,,,,,,,,,,,,,,,,,,,,,,"109Y"
10013,屏東縣,10013290,泰武鄉,,,,,,,,,,,,,,,,,,,,,,,,,,,,,,,,,,,,,,,,,,,,,,,,,,,,,,,,,,,,,,,,,,,,,,,,,,,,,,,"109Y"
10013,屏東縣,10013300,來義鄉,1,,1,,,,,,,,,,,28.59,,28.59,,,,,,,,,,,320000,,320000,,,,,,,,,,,,,,,,,,,,,,,,,,,,,,,,,,,,,,,,,,,,,,,,,,"109Y"
10013,屏東縣,10013310,春日鄉,,,,,,,,,,,,,,,,,,,,,,,,,,,,,,,,,,,,,,,,,,,,,,,,,,,,,,,,,,,,,,,,,,,,,,,,,,,,,,,"109Y"
10013,屏東縣,10013320,獅子鄉,3,,3,,,,,,,,,,,92.96,,92.96,,,,,,,,,,,380000,,380000,,,,,,,,,,,,,,,,,,,,,,,,,,,,,,,,,,,,,,,,,,,,,,,,,,"109Y"
10013,屏東縣,10013330,牡丹鄉,4,,2,,,,,1,,,1,,,93.16,,44.48,,,,,22.57,,,26.11,,,607650,,750000,,,,,200000,,,515300,,,,,,,,,,,,,,,,,,,,,,,,,,,,,,,,,,,,,,,,,,"109Y"
10014,臺東縣,10014010,臺東市,1073,52,599,12,1,30,364,8,,,2,,5,49200.46,1587.14,31260.6,793.6,86.67,987.2,14097.6,89.24,,,177.23,,121.18,4500000,3385000,8200000,8375000,8100000,3875000,3480000,1450000,,,42500000,,2700000,10,,1,,,,9,,,,,,,357.15,,32.84,,,,324.31,,,,,,,4600000,,6660000,,,,4550000,,,,,,,"109Y"
10014,臺東縣,10014020,成功鎮,42,3,35,2,,,,,,,1,,1,1714.63,84.9,1494.17,64.15,,,,,,,40.66,,30.75,3750000,3500000,3800000,3000000,,,,,,,4000000,,4500000,,,,,,,,,,,,,,,,,,,,,,,,,,,,,,,,,,,,,,,,"109Y"
10014,臺東縣,10014030,關山鎮,20,,18,,,,,,,,2,,,939.65,,854.01,,,,,,,,85.63,,,5000000,,4400000,,,,,,,,6450000,,,,,,,,,,,,,,,,,,,,,,,,,,,,,,,,,,,,,,,,,,"109Y"
10014,臺東縣,10014040,卑南鄉,70,1,59,1,,,6,1,,,2,,,2768.89,28.24,2444.43,80.7,,,74.36,15.47,,,125.71,,,4200000,1900000,4300000,5800000,,,650000,480000,,,15000000,,,,,,,,,,,,,,,,,,,,,,,,,,,,,,,,,,,,,,,,,,"109Y"
10014,臺東縣,10014050,鹿野鄉,21,,20,,,,,,,,1,,,1374.21,,1313.71,,,,,,,,60.5,,,4700000,,4600000,,,,,,,,6050000,,,,,,,,,,,,,,,,,,,,,,,,,,,,,,,,,,,,,,,,,,"109Y"
10014,臺東縣,10014060,池上鄉,18,,14,,,,2,,,,2,,,1580.41,,1313.59,,,,100.3,,,,166.53,,,9690000,,9690000,,,,4850000,,,,20500000,,,,,,,,,,,,,,,,,,,,,,,,,,,,,,,,,,,,,,,,,,"109Y"
10014,臺東縣,10014070,東河鄉,24,,24,,,,,,,,,,,917.92,,917.92,,,,,,,,,,,3873333,,3873333,,,,,,,,,,,,,,,,,,,,,,,,,,,,,,,,,,,,,,,,,,,,,,,,,,"109Y"
10014,臺東縣,10014080,長濱鄉,10,,10,,,,,,,,,,,463.14,,463.14,,,,,,,,,,,3600000,,3600000,,,,,,,,,,,,,,,,,,,,,,,,,,,,,,,,,,,,,,,,,,,,,,,,,,"109Y"
10014,臺東縣,10014090,太麻里鄉,19,,17,,,,2,,,,,,,2347.16,,679.46,,,,1667.69,,,,,,,2600000,,2500000,,,,53515000,,,,,,,,,,,,,,,,,,,,,,,,,,,,,,,,,,,,,,,,,,,,,,"109Y"
10014,臺東縣,10014100,大武鄉,7,,7,,,,,,,,,,,281.16,,281.16,,,,,,,,,,,1500000,,1500000,,,,,,,,,,,,,,,,,,,,,,,,,,,,,,,,,,,,,,,,,,,,,,,,,,"109Y"
10014,臺東縣,10014110,綠島鄉,3,,3,,,,,,,,,,,162.57,,162.57,,,,,,,,,,,3200000,,3200000,,,,,,,,,,,,,,,,,,,,,,,,,,,,,,,,,,,,,,,,,,,,,,,,,,"109Y"
10014,臺東縣,10014120,海端鄉,,,,,,,,,,,,,,,,,,,,,,,,,,,,,,,,,,,,,,,,,,,,,,,,,,,,,,,,,,,,,,,,,,,,,,,,,,,,,,,"109Y"
10014,臺東縣,10014130,延平鄉,,,,,,,,,,,,,,,,,,,,,,,,,,,,,,,,,,,,,,,,,,,,,,,,,,,,,,,,,,,,,,,,,,,,,,,,,,,,,,,"109Y"
10014,臺東縣,10014140,金峰鄉,,,,,,,,,,,,,,,,,,,,,,,,,,,,,,,,,,,,,,,,,,,,,,,,,,,,,,,,,,,,,,,,,,,,,,,,,,,,,,,"109Y"
10014,臺東縣,10014150,達仁鄉,1,,1,,,,,,,,,,,21.04,,21.04,,,,,,,,,,,550000,,550000,,,,,,,,,,,,,,,,,,,,,,,,,,,,,,,,,,,,,,,,,,,,,,,,,,"109Y"
10014,臺東縣,10014160,蘭嶼鄉,,,,,,,,,,,,,,,,,,,,,,,,,,,,,,,,,,,,,,,,,,,,,,,,,,,,,,,,,,,,,,,,,,,,,,,,,,,,,,,"109Y"
10015,花蓮縣,10015010,花蓮市,1648,130,540,16,2,326,508,126,,,,,,56722.72,4592.85,28627.03,839.94,58.88,7791.01,13095.49,1717.52,,,,,,5000000,3695000,9550000,7750000,3500000,5215000,3890000,2475000,,,,,,143,3,7,,,22,84,27,,,,,,5274.81,84.15,474.96,,,1522.97,2721.11,471.62,,,,,,5700000,1000000,19000000,,,13690000,5940000,3540000,,,,,,"109Y"
10015,花蓮縣,10015020,鳳林鎮,30,1,28,,,,,,,,1,,,1146.25,26.75,1075.22,,,,,,,,44.29,,,3650000,700000,3650000,,,,,,,,5500000,,,,,,,,,,,,,,,,,,,,,,,,,,,,,,,,,,,,,,,,,,"109Y"
10015,花蓮縣,10015030,玉里鎮,60,3,55,,,,2,,,,,,,2866.39,85.86,2692.27,,,,88.26,,,,,,,4500000,2900000,4600000,,,,4900000,,,,,,,,,,,,,,,,,,,,,,,,,,,,,,,,,,,,,,,,,,,,,,"109Y"
10015,花蓮縣,10015040,新城鄉,276,1,216,1,,,46,4,5,,3,,,10113.65,22.94,8460.56,200.59,,,1001.57,56.46,194,,177.54,,,3850000,3380000,4075000,38800000,,,3610000,2475000,15500000,,11880000,,,,,,,,,,,,,,,,,,,,,,,,,,,,,,,,,,,,,,,,,,"109Y"
10015,花蓮縣,10015050,吉安鄉,859,49,575,2,,22,166,7,,1,37,,,40477.18,1427.75,29607.38,108.6,,798.19,5658.15,84.91,,120.62,2671.58,,,6835000,3500000,8000000,15650000,,5275000,4800000,1850000,,32000000,18800000,,,45,,3,,,1,41,,,,,,,1656.12,,231.51,,,45.69,1378.92,,,,,,,5000000,,12000000,,,10500000,4600000,,,,,,,"109Y"
10015,花蓮縣,10015060,壽豐鄉,60,6,42,,,,7,2,,,3,,,2885.84,250.97,2281.85,,,,118.68,20.04,,,214.29,,,3690000,3211498,5673300,,,,1000000,850000,,,14680000,,,26,25,,,,,1,,,,,,,1192.52,1137.06,,,,,55.46,,,,,,,3465000,3450000,,,,,5500000,,,,,,,"109Y"
10015,花蓮縣,10015070,光復鄉,37,,36,1,,,,,,,,,,1455.95,,1435.66,20.29,,,,,,,,,,2900000,,2900000,2600000,,,,,,,,,,,,,,,,,,,,,,,,,,,,,,,,,,,,,,,,,,,,,,,,,"109Y"
10015,花蓮縣,10015080,豐濱鄉,8,,7,1,,,,,,,,,,319.42,,288.79,30.63,,,,,,,,,,2200000,,2100000,6400000,,,,,,,,,,,,,,,,,,,,,,,,,,,,,,,,,,,,,,,,,,,,,,,,,"109Y"
10015,花蓮縣,10015090,瑞穗鄉,38,,38,,,,,,,,,,,1752.19,,1752.19,,,,,,,,,,,3035000,,3035000,,,,,,,,,,,,,,,,,,,,,,,,,,,,,,,,,,,,,,,,,,,,,,,,,,"109Y"
10015,花蓮縣,10015100,富里鄉,16,,15,1,,,,,,,,,,658.22,,609.69,48.52,,,,,,,,,,2825000,,2450000,4350000,,,,,,,,,,,,,,,,,,,,,,,,,,,,,,,,,,,,,,,,,,,,,,,,,"109Y"
10015,花蓮縣,10015110,秀林鄉,8,,8,,,,,,,,,,,348.72,,348.72,,,,,,,,,,,3900000,,3900000,,,,,,,,,,,,,,,,,,,,,,,,,,,,,,,,,,,,,,,,,,,,,,,,,,"109Y"
10015,花蓮縣,10015120,萬榮鄉,,,,,,,,,,,,,,,,,,,,,,,,,,,,,,,,,,,,,,,,,,,,,,,,,,,,,,,,,,,,,,,,,,,,,,,,,,,,,,,"109Y"
10015,花蓮縣,10015130,卓溪鄉,1,,1,,,,,,,,,,,76.54,,76.54,,,,,,,,,,,8500000,,8500000,,,,,,,,,,,,,,,,,,,,,,,,,,,,,,,,,,,,,,,,,,,,,,,,,,"109Y"
10016,澎湖縣,10016010,馬公市,264,21,166,1,,2,73,,1,,,,,10806.37,386.71,7937.98,86.75,,63.66,2287.83,,43.43,,,,,4990000,1830000,6865000,19000000,,3100000,4200000,,740000,,,,,31,1,,,,6,24,,,,,,,1408.08,51.68,,,,333.86,1022.54,,,,,,,5300000,6200000,,,,5440000,5250000,,,,,,,"109Y"
10016,澎湖縣,10016020,湖西鄉,18,,18,,,,,,,,,,,1299.53,,1299.53,,,,,,,,,,,6280000,,6280000,,,,,,,,,,,,,,,,,,,,,,,,,,,,,,,,,,,,,,,,,,,,,,,,,,"109Y"
10016,澎湖縣,10016030,白沙鄉,8,,7,,,,,,,,1,,,184.59,,156.13,,,,,,,,28.47,,,753245,,356490,,,,,,,,2300000,,,,,,,,,,,,,,,,,,,,,,,,,,,,,,,,,,,,,,,,,,"109Y"
10016,澎湖縣,10016040,西嶼鄉,4,,4,,,,,,,,,,,108.04,,108.04,,,,,,,,,,,1098678,,1098678,,,,,,,,,,,,,,,,,,,,,,,,,,,,,,,,,,,,,,,,,,,,,,,,,,"109Y"
10016,澎湖縣,10016050,望安鄉,1,,1,,,,,,,,,,,37.72,,37.72,,,,,,,,,,,2000000,,2000000,,,,,,,,,,,,,,,,,,,,,,,,,,,,,,,,,,,,,,,,,,,,,,,,,,"109Y"
10016,澎湖縣,10016060,七美鄉,1,,1,,,,,,,,,,,3.18,,3.18,,,,,,,,,,,224811,,224811,,,,,,,,,,,,,,,,,,,,,,,,,,,,,,,,,,,,,,,,,,,,,,,,,,"109Y"
10017,基隆市,10017010,中正區,607,217,76,4,6,209,71,23,,,,,1,17951.3,5532.25,3525.03,128.02,286.67,5549.57,2657.61,246.44,,,,,25.7,3250000,2860000,7525000,13500000,8660003,3600000,5550000,1680000,,,,,3000000,229,,2,,,192,29,6,,,,,,11045.1,,146.23,,,9301.37,1445.68,151.82,,,,,,5900000,,12000000,,,5850000,6850000,3185000,,,,,,"109Y"
10017,基隆市,10017020,七堵區,377,220,41,6,,74,32,3,,,,,1,12880.53,6149.87,2132.61,183.67,,2779.12,1153.78,48.18,,,,,433.3,4700000,3900000,5500000,9675000,,9150000,6775000,2930000,,,,,25000000,109,9,10,2,,41,46,,,1,,,,5666.65,479.51,765.84,78.42,,2037.87,2236.87,,,68.14,,,,9600000,7200000,11190000,8210000,,9500000,9550000,,,8200000,,,,"109Y"
10017,基隆市,10017030,暖暖區,439,152,24,4,,103,151,5,,,,,,13353.88,3930.14,833.52,126.47,,3587.84,4809.27,66.65,,,,,,3300000,2800000,5325000,7000000,,6990000,2800000,1600000,,,,,,185,7,2,,,119,55,2,,,,,,8555.57,359.69,163.83,,,5420.66,2562.57,48.82,,,,,,6980000,7800000,10175000,,,7000000,6800000,3665000,,,,,,"109Y"
10017,基隆市,10017040,仁愛區,292,179,50,2,2,41,16,1,,,,,1,7840.43,3955.7,1902.1,41.24,35.14,1286.78,576.76,17.66,,,,,25.04,3600000,3000000,5840000,8900000,2525000,6500000,6450000,5800000,,,,,1200000,22,,,,,16,6,,,,,,,955.16,,,,,693.32,261.84,,,,,,,9275000,,,,,9220000,9275000,,,,,,,"109Y"
10017,基隆市,10017050,中山區,378,250,56,18,,33,17,4,,,,,,11247.07,6924.84,2386.79,626.27,,758.77,504.39,46.01,,,,,,3000000,2740000,5910000,7300000,,3000000,4700000,1940000,,,,,,44,4,4,1,,26,9,,,,,,,1844.23,218.5,295.12,19.52,,832.55,478.55,,,,,,,4715000,4825000,11300000,9500000,,4350000,9500000,,,,,,,"109Y"
10017,基隆市,10017060,安樂區,663,292,44,5,,196,111,9,6,,,,,21720.02,7503.75,3179.31,116.2,,6377.97,3571.92,70.41,900.46,,,,,3660000,2855000,11900000,6450000,,5250000,4700000,1500000,55933333,,,,,229,14,26,,,133,54,2,,,,,,11390.13,536.61,1819.21,,,6558.79,2435.35,40.16,,,,,,7900000,4750000,13475000,,,8000000,7435000,2500000,,,,,,"109Y"
10017,基隆市,10017070,信義區,716,253,63,6,,210,166,16,,,,,2,25753.13,6856.41,2961.03,137.59,,9568.15,5969.1,203.14,,,,,57.72,5000000,3150000,7200000,4200000,,9365000,5200000,1690000,,,,,3855000,165,14,25,,,31,93,2,,,,,,8737,544.35,2132.51,,,1813.77,4189.19,57.18,,,,,,7900000,4080000,13500000,,,11500000,7300000,4450000,,,,,,"109Y"
10018,新竹市,10018010,東區,1729,222,476,6,6,629,291,98,,,1,,,74353.82,6146.11,30079.83,413.82,219.76,27882.85,8263.67,1315.5,,,32.27,,,8876000,4800000,13665000,22350000,10960000,13370000,4880000,2425000,,,14039066,,,1223,35,16,1,5,784,357,20,,4,,,1,65121.7,1455.05,1381.88,98.12,290.71,46122.87,14866.13,392.39,,492.62,,,21.93,12000000,4200000,19750000,33880000,11500000,14200000,7850000,3600000,,18166667,,,2500000,"109Y"
10018,新竹市,10018020,北區,1359,117,463,13,2,304,377,83,,,,,,56060.4,3180.32,29301.88,583.94,43.09,11513.95,10444.62,992.6,,,,,,6350000,3700000,13500000,11035057,2075000,5995000,5500000,1970000,,,,,,611,2,9,,,321,266,12,,,,,1,29552.34,91.91,753.19,,,16057.35,10560.39,210.31,,,,,1879.19,7500000,5825000,16500000,,,8200000,6950000,3100000,,,,,190000000,"109Y"
10018,新竹市,10018030,香山區,558,51,319,7,,50,96,30,3,1,1,,,27405.14,944.94,21249.74,674.27,,1475.32,2350.68,240.77,324.85,107.49,37.08,,,6500000,1520000,10780000,73791075,,3900000,4285000,625000,30000000,25000000,7550000,,,209,5,5,1,,113,84,1,,,,,,8715.05,150.73,407.42,43.52,,5204.97,2881.55,26.85,,,,,,7000000,3650000,14380000,8000000,,7920000,5950000,3950000,,,,,,"109Y"
10020,嘉義市,10020010,東區,1159,96,539,10,,285,165,62,,,,,2,45527.44,2665.52,27905.93,735.88,,8588.74,4892.7,722.4,,,,,16.27,3850000,2210000,7700000,11840000,,3350000,3200000,1300000,,,,,940000,130,1,26,,,62,41,,,,,,,7027.42,43.77,2231.38,,,2701.99,2050.28,,,,,,,5625000,4300000,13500000,,,5240000,5200000,,,,,,,"109Y"
10020,嘉義市,10020020,西區,1257,71,664,12,5,155,286,59,,1,3,1,,53470.92,1974.61,35556.64,562.77,509.95,5479.12,7976.1,749,,194.91,140.1,327.72,,4380000,2500000,8800000,10550000,28362500,3700000,2800000,1300000,,15600000,10080000,26500000,,277,4,30,11,,139,91,2,,,,,,14040.03,199.92,1993.12,957.12,,6865.78,4004.21,19.88,,,,,,5750000,3190000,12940000,18380000,,5720000,4750000,1125000,,,,,,"109Y"
09020,金門縣,09020010,金城鎮,128,38,22,2,,18,46,1,,,,,1,4464.02,903.43,1187.05,77.73,,673.64,1520.43,38.77,,,,,62.96,6400000,5225000,9150000,3450000,,11285000,6000000,12100000,,,,,15000000,2,2,,,,,,,,,,,,73.17,73.17,,,,,,,,,,,,4700000,4700000,,,,,,,,,,,,"109Y"
09020,金門縣,09020020,金沙鎮,15,6,7,,,,,,,,,,2,607.59,152.57,349.56,,,,,,,,,,105.45,8200000,2900000,8680000,,,,,,,,,,13250000,1,1,,,,,,,,,,,,43.5,43.5,,,,,,,,,,,,6000000,6000000,,,,,,,,,,,,"109Y"
09020,金門縣,09020030,金湖鎮,131,38,27,1,1,,63,,,,,,1,4001.42,849.28,1381.12,32.66,34.26,,1677,,,,,,27.1,5200000,3000000,8800000,7500000,4800000,,5455600,,,,,,5680000,4,,,,,,4,,,,,,,136.75,,,,,,136.75,,,,,,,6450000,,,,,,6450000,,,,,,,"109Y"
09020,金門縣,09020040,金寧鄉,188,83,29,,,,70,1,,,5,,,6124.08,1846.5,1690.13,,,,2163.62,8.17,,,415.66,,,5550000,4030000,11300000,,,,6050000,2000000,,,14000000,,,20,5,15,,,,,,,,,,,1311.71,224.12,1087.59,,,,,,,,,,,16000000,6700000,16000000,,,,,,,,,,,"109Y"
09020,金門縣,09020050,烈嶼鄉,,,,,,,,,,,,,,,,,,,,,,,,,,,,,,,,,,,,,,,,,,,,,,,,,,,,,,,,,,,,,,,,,,,,,,,,,,,,,,,"109Y"
09020,金門縣,09020060,烏坵鄉,,,,,,,,,,,,,,,,,,,,,,,,,,,,,,,,,,,,,,,,,,,,,,,,,,,,,,,,,,,,,,,,,,,,,,,,,,,,,,,"109Y"
09007,連江縣,09007010,南竿鄉,8,,,,,,8,,,,,,,216.13,,,,,,216.13,,,,,,,2711250,,,,,,2711250,,,,,,,,,,,,,,,,,,,,,,,,,,,,,,,,,,,,,,,,,,,,,,"109Y"
09007,連江縣,09007020,北竿鄉,,,,,,,,,,,,,,,,,,,,,,,,,,,,,,,,,,,,,,,,,,,,,,,,,,,,,,,,,,,,,,,,,,,,,,,,,,,,,,,"109Y"
09007,連江縣,09007030,莒光鄉,,,,,,,,,,,,,,,,,,,,,,,,,,,,,,,,,,,,,,,,,,,,,,,,,,,,,,,,,,,,,,,,,,,,,,,,,,,,,,,"109Y"
09007,連江縣,09007040,東引鄉,,,,,,,,,,,,,,,,,,,,,,,,,,,,,,,,,,,,,,,,,,,,,,,,,,,,,,,,,,,,,,,,,,,,,,,,,,,,,,,"109Y"
